seed,microseconds,success,candidates,stalled,budget_rejections
0,543,true,2,1,0
1,9501,true,3,2,0
2,270,true,1,0,0
3,314,true,1,0,0
4,951,true,2,1,0
5,346138,true,4,3,0
6,953,true,1,0,0
7,2074,true,2,1,0
8,1379,true,2,1,0
9,1411,true,1,0,0
10,448,true,1,0,0
11,13813,true,5,4,0
12,867,true,1,0,0
13,2678,true,2,1,0
14,644,true,1,0,0
15,494,true,2,1,0
16,643,true,1,0,0
17,545,true,1,0,0
18,482,true,1,0,0
19,445,true,1,0,0
20,289,true,1,0,0
21,363,true,1,0,0
22,403,true,1,0,0
23,358,true,1,0,0
24,519,true,1,0,0
25,1115,true,1,0,0
26,570,true,1,0,0
27,609,true,1,0,0
28,5751,true,3,2,0
29,1645,true,3,2,0
30,621,true,1,0,0
31,3465,true,1,0,0
32,885,true,1,0,0
33,734,true,2,1,0
34,1865,true,1,0,0
35,1035,true,1,0,0
36,865,true,1,0,0
37,1431,true,1,0,0
38,920,true,1,0,0
39,1161,true,1,0,0
40,737,true,2,1,0
41,750,true,1,0,0
42,58082,true,3,1,1
43,469,true,1,0,0
44,256,true,1,0,0
45,700,true,1,0,0
46,381,true,1,0,0
47,515,true,1,0,0
48,653,true,2,1,0
49,489,true,1,0,0
50,1754,true,5,4,0
51,366,true,1,0,0
52,875,true,3,2,0
53,328,true,1,0,0
54,372,true,1,0,0
55,538,true,1,0,0
56,402,true,1,0,0
57,96654,true,2,0,1
58,433,true,1,0,0
59,882,true,1,0,0
60,83569,true,3,1,1
61,1456,true,2,1,0
62,235659,true,3,2,0
63,403,true,1,0,0
64,528,true,1,0,0
65,657,true,2,1,0
66,374,true,1,0,0
67,1402,true,4,3,0
68,791,true,2,1,0
69,267,true,2,1,0
70,420,true,1,0,0
71,436,true,1,0,0
72,517,true,1,0,0
73,4190,true,5,4,0
74,1388,true,3,2,0
75,455,true,1,0,0
76,540,true,1,0,0
77,1164,true,4,3,0
78,348,true,1,0,0
79,378,true,1,0,0
80,329,true,1,0,0
81,656,true,2,1,0
82,577,true,1,0,0
83,852,true,2,1,0
84,374,true,1,0,0
85,1207,true,4,3,0
86,468,true,1,0,0
87,286,true,1,0,0
88,2417,true,2,1,0
89,752,true,3,2,0
90,377,true,1,0,0
91,294,true,1,0,0
92,199,true,1,0,0
93,309,true,1,0,0
94,607,true,1,0,0
95,540,true,1,0,0
96,374,true,1,0,0
97,420,true,1,0,0
98,483,true,1,0,0
99,421,true,1,0,0
100,277,true,1,0,0
101,112080,true,2,0,1
102,14443,true,2,0,1
103,478,true,1,0,0
104,42386,true,3,1,1
105,1314,true,3,2,0
106,812,true,1,0,0
107,376,true,1,0,0
108,228,true,1,0,0
109,1856,true,3,2,0
110,1097,true,4,3,0
111,306,true,1,0,0
112,305,true,1,0,0
113,317,true,1,0,0
114,1500,true,2,1,0
115,51022,true,7,5,1
116,334,true,1,0,0
117,473,true,1,0,0
118,546,true,1,0,0
119,299,true,1,0,0
120,378,true,1,0,0
121,359,true,1,0,0
122,473,true,1,0,0
123,1235,true,1,0,0
124,727,true,2,1,0
125,321,true,1,0,0
126,691,true,2,1,0
127,12983,true,4,3,0
128,1031,true,2,1,0
129,829,true,2,1,0
130,324,true,1,0,0
131,372,true,1,0,0
132,1340,true,3,2,0
133,235,true,1,0,0
134,294,true,1,0,0
135,478,true,1,0,0
136,361,true,1,0,0
137,360,true,1,0,0
138,559,true,2,1,0
139,498,true,2,1,0
140,499,true,1,0,0
141,914,true,1,0,0
142,37684,true,4,2,1
143,387,true,1,0,0
144,314,true,1,0,0
145,440,true,1,0,0
146,518,true,1,0,0
147,380,true,1,0,0
148,810,true,1,0,0
149,398,true,1,0,0
150,288,true,1,0,0
151,380,true,1,0,0
152,483,true,2,1,0
153,749,true,2,1,0
154,340,true,1,0,0
155,1466,true,4,3,0
156,544,true,1,0,0
157,505,true,1,0,0
158,973,true,2,1,0
159,505,true,3,2,0
160,540,true,1,0,0
161,564,true,1,0,0
162,266,true,1,0,0
163,3571,true,2,1,0
164,3613,true,5,4,0
165,539,true,1,0,0
166,365,true,1,0,0
167,2783,true,3,2,0
168,11058,true,3,1,1
169,302,true,1,0,0
170,395,true,1,0,0
171,505,true,3,2,0
172,878,true,3,2,0
173,716,true,1,0,0
174,721,true,1,0,0
175,299,true,1,0,0
176,235,true,1,0,0
177,479,true,2,1,0
178,273,true,2,1,0
179,465,true,1,0,0
180,371,true,1,0,0
181,354,true,1,0,0
182,314,true,1,0,0
183,769,true,2,1,0
184,293,true,1,0,0
185,2619,true,2,1,0
186,676,true,1,0,0
187,377,true,2,1,0
188,1924,true,3,2,0
189,357,true,1,0,0
190,386,true,1,0,0
191,487,true,1,0,0
192,1656,true,1,0,0
193,441,true,1,0,0
194,698,true,3,2,0
195,1330,true,3,2,0
196,375,true,1,0,0
197,368,true,1,0,0
198,473,true,1,0,0
199,333792,true,7,5,1
200,398,true,1,0,0
201,24560,true,2,1,0
202,405,true,1,0,0
203,272,true,1,0,0
204,529,true,2,1,0
205,329,true,1,0,0
206,71841,true,2,1,0
207,492,true,2,1,0
208,898,true,1,0,0
209,395,true,1,0,0
210,1432,true,3,2,0
211,2039,true,4,3,0
212,670,true,1,0,0
213,1455,true,2,1,0
214,12246,true,2,1,0
215,498,true,1,0,0
216,497,true,1,0,0
217,292,true,1,0,0
218,462,true,2,1,0
219,497,true,1,0,0
220,638,true,1,0,0
221,10284,true,2,0,1
222,291,true,1,0,0
223,1249,true,2,1,0
224,894,true,2,1,0
225,315,true,1,0,0
226,339,true,1,0,0
227,893,true,2,1,0
228,2935,true,2,1,0
229,562,true,2,1,0
230,709,true,2,1,0
231,28787,true,3,1,1
232,857,true,2,1,0
233,948,true,2,1,0
234,484128,true,3,1,1
235,267,true,1,0,0
236,389,true,2,1,0
237,526,true,1,0,0
238,10318,true,2,1,0
239,1288,true,2,1,0
240,353,true,1,0,0
241,309179,true,2,1,0
242,413,true,1,0,0
243,459,true,1,0,0
244,613,true,1,0,0
245,725,true,2,1,0
246,378,true,1,0,0
247,30718,true,3,2,0
248,79337,true,2,0,1
249,36961,true,3,2,0
250,6699,true,1,0,0
251,28329,true,2,0,1
252,607,true,4,3,0
253,837,true,1,0,0
254,59972,true,2,1,0
255,402,true,1,0,0
256,895,true,2,1,0
257,394,true,1,0,0
258,497,true,1,0,0
259,270577,true,2,1,0
260,48024,true,2,0,1
261,539,true,1,0,0
262,1300,true,4,3,0
263,1299,true,2,1,0
264,337,true,1,0,0
265,388,true,1,0,0
266,310,true,1,0,0
267,655,true,1,0,0
268,428,true,1,0,0
269,1350,true,1,0,0
270,5961,true,5,4,0
271,972,true,2,1,0
272,523,true,1,0,0
273,626,true,1,0,0
274,90590,true,2,0,1
275,514,true,2,1,0
276,712,true,2,1,0
277,1900,true,3,2,0
278,596,true,1,0,0
279,763,true,1,0,0
280,615,true,1,0,0
281,846,true,1,0,0
282,399,true,1,0,0
283,373,true,1,0,0
284,447,true,1,0,0
285,522,true,1,0,0
286,433,true,1,0,0
287,679,true,4,3,0
288,431,true,1,0,0
289,408,true,1,0,0
290,54933,true,5,4,0
291,630,true,1,0,0
292,631,true,1,0,0
293,86869,true,2,0,1
294,485,true,1,0,0
295,442,true,2,1,0
296,653,true,2,1,0
297,706,true,1,0,0
298,4143,true,2,1,0
299,403,true,1,0,0
300,10005,true,5,4,0
301,384,true,1,0,0
302,606,true,2,1,0
303,21962,true,2,1,0
304,177387,true,5,4,0
305,67032,true,2,1,0
306,673,true,1,0,0
307,378,true,1,0,0
308,328,true,1,0,0
309,702,true,1,0,0
310,1281,true,2,1,0
311,1669,true,2,1,0
312,400,true,1,0,0
313,2493,true,3,2,0
314,4043,true,4,3,0
315,26883,true,3,2,0
316,1232,true,2,1,0
317,495,true,1,0,0
318,762,true,1,0,0
319,715,true,1,0,0
320,1187,true,2,1,0
321,144654,true,6,5,0
322,363,true,1,0,0
323,543,true,2,1,0
324,611,true,1,0,0
325,1204,true,2,1,0
326,285,true,1,0,0
327,353,true,1,0,0
328,2476,true,3,2,0
329,986,true,2,1,0
330,898,true,2,1,0
331,487,true,2,1,0
332,444,true,1,0,0
333,370,true,1,0,0
334,1145,true,2,1,0
335,1027,true,2,1,0
336,1014,true,3,2,0
337,1778,true,3,2,0
338,125201,true,4,3,0
339,1385,true,5,4,0
340,341,true,1,0,0
341,391,true,2,1,0
342,396,true,1,0,0
343,6627,true,4,3,0
344,21353,true,3,1,1
345,341,true,1,0,0
346,4886,true,3,2,0
347,419,true,1,0,0
348,394,true,1,0,0
349,617,true,2,1,0
350,415,true,1,0,0
351,1060,true,2,1,0
352,606,true,1,0,0
353,574,true,2,1,0
354,360,true,1,0,0
355,456,true,1,0,0
356,365,true,1,0,0
357,253,true,1,0,0
358,684,true,1,0,0
359,359,true,1,0,0
360,2385,true,5,4,0
361,729,true,2,1,0
362,299,true,1,0,0
363,398,true,1,0,0
364,660,true,2,1,0
365,343,true,1,0,0
366,462,true,1,0,0
367,433,true,1,0,0
368,293,true,1,0,0
369,7837,true,1,0,0
370,2432,true,3,2,0
371,1970,true,3,2,0
372,634,true,1,0,0
373,1390,true,1,0,0
374,303,true,1,0,0
375,1895,true,6,5,0
376,411,true,2,1,0
377,3005,true,2,1,0
378,373,true,1,0,0
379,3009,true,4,3,0
380,590,true,1,0,0
381,520,true,1,0,0
382,829,true,1,0,0
383,2242,true,1,0,0
384,493,true,1,0,0
385,342,true,1,0,0
386,1799,true,3,2,0
387,362,true,1,0,0
388,96498,true,3,2,0
389,2183,true,6,5,0
390,968,true,1,0,0
391,443,true,1,0,0
392,795,true,1,0,0
393,925,true,2,1,0
394,10865,true,1,0,0
395,785,true,1,0,0
396,470,true,1,0,0
397,688,true,1,0,0
398,920,true,1,0,0
399,2048,true,1,0,0
400,569,true,1,0,0
401,909,true,1,0,0
402,1636,true,2,1,0
403,167280,true,2,1,0
404,9653,true,6,5,0
405,997,true,2,1,0
406,502,true,1,0,0
407,1954,true,3,2,0
408,1591,true,3,2,0
409,1063,true,1,0,0
410,753,true,1,0,0
411,1240,true,1,0,0
412,412,true,1,0,0
413,1171,true,1,0,0
414,608,true,1,0,0
415,1109,true,1,0,0
416,1158,true,2,1,0
417,442,true,1,0,0
418,701,true,1,0,0
419,2941,true,1,0,0
420,816,true,1,0,0
421,1628,true,2,1,0
422,63355,true,6,4,1
423,642,true,2,1,0
424,742,true,1,0,0
425,569,true,1,0,0
426,1723,true,2,1,0
427,584,true,1,0,0
428,541,true,1,0,0
429,974,true,1,0,0
430,735,true,2,1,0
431,714,true,1,0,0
432,583,true,3,2,0
433,16785,true,6,5,0
434,1754,true,2,1,0
435,1011,true,2,1,0
436,813,true,1,0,0
437,2532,true,4,3,0
438,732,true,3,2,0
439,719,true,2,1,0
440,628,true,1,0,0
441,2827,true,1,0,0
442,53473,true,6,4,1
443,676,true,1,0,0
444,1063,true,1,0,0
445,655,true,1,0,0
446,74236,true,3,1,1
447,13487,true,3,2,0
448,582,true,1,0,0
449,407,true,1,0,0
450,660,true,1,0,0
451,843,true,1,0,0
452,1664,true,2,1,0
453,622,true,1,0,0
454,204036,true,2,1,0
455,130635,true,3,2,0
456,404,true,1,0,0
457,1507,true,2,1,0
458,1071,true,2,1,0
459,20195,true,6,4,1
460,238,true,1,0,0
461,594,true,1,0,0
462,417,true,1,0,0
463,547,true,2,1,0
464,917,true,2,1,0
465,400,true,1,0,0
466,806,true,1,0,0
467,773,true,2,1,0
468,712,true,2,1,0
469,389,true,1,0,0
470,1007,true,2,1,0
471,4991,true,3,2,0
472,1016,true,2,1,0
473,505,true,1,0,0
474,533,true,1,0,0
475,386,true,1,0,0
476,501,true,1,0,0
477,1671,true,4,3,0
478,8860,true,3,2,0
479,868,true,1,0,0
480,369,true,1,0,0
481,633,true,1,0,0
482,914,true,2,1,0
483,456,true,2,1,0
484,615,true,1,0,0
485,1070,true,3,2,0
486,82235,true,4,2,1
487,961,true,1,0,0
488,618,true,1,0,0
489,1718,true,3,2,0
490,555,true,1,0,0
491,600,true,1,0,0
492,1452,true,4,3,0
493,31097,true,1,0,0
494,708,true,1,0,0
495,1155,true,2,1,0
496,604,true,1,0,0
497,766,true,1,0,0
498,5122,true,2,1,0
499,562,true,1,0,0
500,355,true,1,0,0
501,448,true,1,0,0
502,578,true,2,1,0
503,648,true,1,0,0
504,682,true,2,1,0
505,1627,true,3,2,0
506,1297,true,2,1,0
507,469,true,1,0,0
508,1765,true,1,0,0
509,40338,true,5,4,0
510,503,true,1,0,0
511,1504,true,2,1,0
512,9405,true,4,3,0
513,365,true,1,0,0
514,1385,true,2,1,0
515,1536,true,1,0,0
516,1014,true,1,0,0
517,1269,true,3,2,0
518,837,true,1,0,0
519,791,true,1,0,0
520,163937,true,4,2,1
521,999,true,1,0,0
522,761,true,1,0,0
523,696,true,1,0,0
524,1387,true,2,1,0
525,532,true,1,0,0
526,8420,true,5,4,0
527,605,true,1,0,0
528,2140,true,2,1,0
529,2981,true,3,2,0
530,12249,true,2,1,0
531,336,true,1,0,0
532,68446,true,3,1,1
533,49932,true,2,1,0
534,982,true,1,0,0
535,2808,true,4,3,0
536,658,true,1,0,0
537,485,true,1,0,0
538,8210,true,3,2,0
539,918,true,1,0,0
540,10577,true,4,3,0
541,797,true,1,0,0
542,389,true,1,0,0
543,704,true,1,0,0
544,1420,true,2,1,0
545,3444,true,4,3,0
546,784,true,1,0,0
547,1058,true,3,2,0
548,7232,true,3,2,0
549,499,true,1,0,0
550,542,true,1,0,0
551,833,true,1,0,0
552,172129,true,2,1,0
553,43335,true,4,3,0
554,338,true,1,0,0
555,634,true,1,0,0
556,473,true,1,0,0
557,420,true,1,0,0
558,412,true,1,0,0
559,326,true,1,0,0
560,457,true,1,0,0
561,303,true,1,0,0
562,477,true,1,0,0
563,852,true,2,1,0
564,48153,true,2,0,1
565,838,true,2,1,0
566,375,true,1,0,0
567,1262,true,3,2,0
568,315,true,1,0,0
569,339,true,1,0,0
570,536,true,1,0,0
571,2986,true,2,1,0
572,301,true,1,0,0
573,121528,true,2,1,0
574,665,true,1,0,0
575,647,true,2,1,0
576,1007,true,1,0,0
577,514,true,1,0,0
578,1950,true,5,4,0
579,609,true,1,0,0
580,81803,true,3,1,1
581,361,true,1,0,0
582,534,true,1,0,0
583,935,true,3,2,0
584,759,true,2,1,0
585,255,true,1,0,0
586,474723,true,3,2,0
587,4630,true,4,3,0
588,783,true,1,0,0
589,778,true,1,0,0
590,404,true,1,0,0
591,1140,true,3,2,0
592,511,true,2,1,0
593,631,true,3,2,0
594,543,true,1,0,0
595,532,true,1,0,0
596,265771,true,3,2,0
597,3247,true,4,3,0
598,219201,true,3,2,0
599,27756,true,5,3,1
600,396,true,1,0,0
601,433,true,1,0,0
602,475,true,1,0,0
603,466,true,1,0,0
604,517,true,1,0,0
605,328,true,1,0,0
606,541,true,1,0,0
607,216,true,1,0,0
608,925,true,2,1,0
609,478,true,1,0,0
610,946,true,2,1,0
611,373,true,1,0,0
612,464,true,1,0,0
613,498,true,2,1,0
614,869,true,4,3,0
615,360,true,1,0,0
616,1621,true,3,2,0
617,20889,true,2,1,0
618,504,true,1,0,0
619,362,true,1,0,0
620,29515,true,2,1,0
621,436,true,1,0,0
622,139015,true,1,0,0
623,642,true,1,0,0
624,665,true,1,0,0
625,688,true,1,0,0
626,54566,true,3,2,0
627,349,true,1,0,0
628,404,true,1,0,0
629,457,true,2,1,0
630,967,true,1,0,0
631,365,true,1,0,0
632,775,true,1,0,0
633,736,true,1,0,0
634,1746,true,2,1,0
635,578,true,1,0,0
636,464,true,1,0,0
637,8522,true,2,1,0
638,458,true,1,0,0
639,4251,true,1,0,0
640,2043,true,3,2,0
641,189241,true,4,1,2
642,79427,true,1,0,0
643,563,true,1,0,0
644,494,true,1,0,0
645,2403,true,3,2,0
646,1292,true,2,1,0
647,1239,true,1,0,0
648,884,true,1,0,0
649,799,true,1,0,0
650,4346,true,5,4,0
651,885,true,2,1,0
652,1755,true,4,3,0
653,1349,true,1,0,0
654,592,true,1,0,0
655,945,true,1,0,0
656,11017,true,5,4,0
657,500,true,1,0,0
658,830,true,1,0,0
659,1026,true,2,1,0
660,695,true,1,0,0
661,1126,true,2,1,0
662,1697,true,2,1,0
663,773,true,1,0,0
664,1957,true,4,3,0
665,308,true,1,0,0
666,3151,true,1,0,0
667,515,true,2,1,0
668,437,true,1,0,0
669,782,true,2,1,0
670,2114,true,2,1,0
671,227790,true,5,4,0
672,600,true,1,0,0
673,353,true,1,0,0
674,36395,true,3,1,1
675,388,true,2,1,0
676,363,true,2,1,0
677,42911,true,2,1,0
678,496,true,1,0,0
679,597,true,1,0,0
680,1300,true,3,2,0
681,590,true,1,0,0
682,811,true,1,0,0
683,614,true,1,0,0
684,778,true,1,0,0
685,424,true,1,0,0
686,534,true,1,0,0
687,1523,true,2,1,0
688,1375,true,2,1,0
689,493,true,1,0,0
690,739,true,2,1,0
691,1160,true,1,0,0
692,652,true,1,0,0
693,2063,true,4,3,0
694,426,true,1,0,0
695,494,true,1,0,0
696,861,true,2,1,0
697,645,true,2,1,0
698,402,true,1,0,0
699,2515,true,2,1,0
700,392,true,1,0,0
701,15230,true,4,3,0
702,635,true,2,1,0
703,887,true,1,0,0
704,822,true,2,1,0
705,656,true,2,1,0
706,500,true,1,0,0
707,533,true,1,0,0
708,1075,true,4,3,0
709,644,true,1,0,0
710,513,true,1,0,0
711,749,true,1,0,0
712,566,true,1,0,0
713,584,true,1,0,0
714,669,true,1,0,0
715,432,true,1,0,0
716,466,true,1,0,0
717,4993,true,4,3,0
718,1069,true,2,1,0
719,704,true,1,0,0
720,751,true,1,0,0
721,799,true,3,2,0
722,651,true,1,0,0
723,481,true,1,0,0
724,593,true,1,0,0
725,587,true,1,0,0
726,639,true,1,0,0
727,60834,true,4,2,1
728,680,true,1,0,0
729,1847,true,1,0,0
730,550,true,1,0,0
731,3925,true,2,1,0
732,626,true,1,0,0
733,10792,true,4,3,0
734,643,true,1,0,0
735,288,true,1,0,0
736,5288,true,6,5,0
737,828,true,1,0,0
738,528,true,1,0,0
739,890,true,1,0,0
740,1114,true,1,0,0
741,1495,true,2,1,0
742,560,true,1,0,0
743,9501,true,4,3,0
744,944,true,1,0,0
745,608,true,1,0,0
746,272016,true,3,2,0
747,609,true,1,0,0
748,907,true,2,1,0
749,426,true,1,0,0
750,322,true,1,0,0
751,910,true,2,1,0
752,824,true,1,0,0
753,1208,true,2,1,0
754,701,true,3,2,0
755,559,true,1,0,0
756,537,true,1,0,0
757,2176,true,3,2,0
758,10127,true,2,1,0
759,1539,true,2,1,0
760,1140,true,3,2,0
761,576,true,1,0,0
762,738,true,1,0,0
763,103367,true,3,1,1
764,3192,true,5,4,0
765,623,true,2,1,0
766,467,true,1,0,0
767,476,true,3,2,0
768,1085,true,1,0,0
769,1744,true,3,2,0
770,370,true,1,0,0
771,13870,true,3,2,0
772,566,true,1,0,0
773,765,true,2,1,0
774,460,true,1,0,0
775,435,true,1,0,0
776,13004,true,6,5,0
777,858,true,1,0,0
778,560,true,1,0,0
779,3261,true,2,1,0
780,1380,true,1,0,0
781,1260,true,3,2,0
782,1289,true,2,1,0
783,1461,true,3,2,0
784,1399,true,2,1,0
785,6183,true,6,5,0
786,599,true,1,0,0
787,716,true,1,0,0
788,807,true,2,1,0
789,1242,true,4,3,0
790,827,true,1,0,0
791,829,true,1,0,0
792,554,true,1,0,0
793,2839,true,2,1,0
794,1548,true,1,0,0
795,865,true,1,0,0
796,1192,true,1,0,0
797,571,true,1,0,0
798,28141,true,3,1,1
799,1322,true,3,2,0
800,707,true,1,0,0
801,20902,true,6,5,0
802,420,true,1,0,0
803,26737,true,2,1,0
804,31502,true,3,1,1
805,478,true,1,0,0
806,3052,true,3,2,0
807,504,true,1,0,0
808,504,true,1,0,0
809,786,true,2,1,0
810,546,true,1,0,0
811,409,true,1,0,0
812,314,true,1,0,0
813,442,true,1,0,0
814,30903,true,2,1,0
815,2242,true,5,4,0
816,342,true,1,0,0
817,709,true,3,2,0
818,450,true,1,0,0
819,999,true,3,2,0
820,438,true,1,0,0
821,3597,true,4,3,0
822,310,true,1,0,0
823,281,true,1,0,0
824,389,true,1,0,0
825,327,true,1,0,0
826,223,true,1,0,0
827,319,true,1,0,0
828,201,true,1,0,0
829,388,true,1,0,0
830,530,true,1,0,0
831,1484,true,1,0,0
832,1145,true,3,2,0
833,944,true,1,0,0
834,598,true,1,0,0
835,767,true,1,0,0
836,622,true,1,0,0
837,735,true,1,0,0
838,572,true,2,1,0
839,1202,true,2,1,0
840,708,true,1,0,0
841,711,true,1,0,0
842,1029,true,2,1,0
843,24639,true,2,1,0
844,1150,true,4,3,0
845,336,true,1,0,0
846,433,true,1,0,0
847,565,true,1,0,0
848,2368,true,3,2,0
849,3635,true,4,3,0
850,13639,true,1,0,0
851,998,true,2,1,0
852,327,true,1,0,0
853,342,true,1,0,0
854,488,true,1,0,0
855,1094,true,3,2,0
856,431,true,1,0,0
857,557,true,1,0,0
858,407,true,1,0,0
859,477,true,1,0,0
860,553,true,1,0,0
861,986,true,1,0,0
862,4491,true,2,1,0
863,730,true,1,0,0
864,900,true,1,0,0
865,784,true,2,1,0
866,1705,true,3,2,0
867,172,true,1,0,0
868,1192,true,3,2,0
869,8002,true,3,2,0
870,800,true,2,1,0
871,850,true,1,0,0
872,10843,true,3,2,0
873,10177,true,3,2,0
874,471,true,1,0,0
875,31043,true,3,1,1
876,2419,true,5,4,0
877,804,true,1,0,0
878,32185,true,2,0,1
879,2184,true,3,2,0
880,508,true,2,1,0
881,364,true,1,0,0
882,322,true,1,0,0
883,295,true,1,0,0
884,1133,true,2,1,0
885,1875,true,3,2,0
886,579,true,1,0,0
887,1369,true,3,2,0
888,271,true,1,0,0
889,348,true,2,1,0
890,427,true,1,0,0
891,762,true,1,0,0
892,623,true,2,1,0
893,274,true,1,0,0
894,2318,true,2,1,0
895,334,true,1,0,0
896,381,true,1,0,0
897,443,true,1,0,0
898,1256,true,2,1,0
899,251383,true,1,0,0
900,41934,true,3,2,0
901,45829,true,3,1,1
902,735,true,1,0,0
903,1715,true,1,0,0
904,603,true,1,0,0
905,725,true,1,0,0
906,5618,true,2,1,0
907,2059,true,2,1,0
908,551,true,1,0,0
909,498,true,1,0,0
910,1553,true,1,0,0
911,716,true,1,0,0
912,111849,true,4,3,0
913,687,true,1,0,0
914,322,true,1,0,0
915,487,true,1,0,0
916,822,true,2,1,0
917,907,true,2,1,0
918,616,true,1,0,0
919,340,true,1,0,0
920,384,true,1,0,0
921,610,true,1,0,0
922,767,true,1,0,0
923,2860,true,3,2,0
924,1752,true,3,2,0
925,609,true,2,1,0
926,631,true,1,0,0
927,617,true,1,0,0
928,850,true,2,1,0
929,628,true,1,0,0
930,579,true,2,1,0
931,25618,true,3,1,1
932,854,true,1,0,0
933,1053,true,2,1,0
934,83407,true,4,2,1
935,65324,true,3,1,1
936,526,true,1,0,0
937,585,true,1,0,0
938,548,true,1,0,0
939,1361,true,2,1,0
940,615,true,1,0,0
941,773,true,1,0,0
942,827,true,1,0,0
943,356,true,1,0,0
944,3104,true,5,4,0
945,479,true,1,0,0
946,1689,true,1,0,0
947,467,true,1,0,0
948,844,true,1,0,0
949,1433,true,4,3,0
950,560,true,1,0,0
951,411,true,1,0,0
952,974,true,1,0,0
953,1044,true,2,1,0
954,562,true,1,0,0
955,355,true,1,0,0
956,472,true,1,0,0
957,55893,true,2,0,1
958,508,true,1,0,0
959,553,true,1,0,0
960,552,true,1,0,0
961,367,true,1,0,0
962,427,true,1,0,0
963,1220,true,2,1,0
964,448,true,1,0,0
965,732,true,2,1,0
966,1093,true,2,1,0
967,11356,true,3,2,0
968,8969,true,4,3,0
969,803,true,2,1,0
970,640,true,1,0,0
971,392,true,1,0,0
972,7661,true,2,1,0
973,459,true,1,0,0
974,1501,true,2,1,0
975,1642,true,2,1,0
976,358,true,1,0,0
977,1998,true,2,1,0
978,828,true,1,0,0
979,16595,true,2,0,1
980,1028,true,4,3,0
981,752,true,2,1,0
982,1224,true,3,2,0
983,1657,true,4,3,0
984,5972,true,4,3,0
985,1139,true,2,1,0
986,2783,true,4,3,0
987,987,true,2,1,0
988,43278,true,6,5,0
989,1802,true,3,2,0
990,4852,true,1,0,0
991,301,true,1,0,0
992,512,true,1,0,0
993,415,true,1,0,0
994,607,true,2,1,0
995,283721,true,2,1,0
996,1431,true,2,1,0
997,51321,true,3,1,1
998,1086,true,2,1,0
999,4625,true,2,1,0
1000,972,true,1,0,0
1001,797,true,2,1,0
1002,547,true,2,1,0
1003,638,true,1,0,0
1004,497,true,1,0,0
1005,747,true,1,0,0
1006,1970,true,2,1,0
1007,700,true,1,0,0
1008,897,true,1,0,0
1009,469,true,1,0,0
1010,630,true,1,0,0
1011,904,true,1,0,0
1012,1376,true,3,2,0
1013,7814,true,1,0,0
1014,411,true,1,0,0
1015,38934,true,2,1,0
1016,1702,true,2,1,0
1017,1114,true,2,1,0
1018,2521,true,6,5,0
1019,388,true,1,0,0
1020,350,true,1,0,0
1021,1074,true,3,2,0
1022,614,true,1,0,0
1023,252,true,1,0,0
1024,607,true,1,0,0
1025,787,true,2,1,0
1026,1554,true,2,1,0
1027,339,true,1,0,0
1028,273,true,1,0,0
1029,627,true,1,0,0
1030,411,true,1,0,0
1031,421,true,1,0,0
1032,439,true,1,0,0
1033,395,true,1,0,0
1034,670,true,3,2,0
1035,425,true,1,0,0
1036,403,true,1,0,0
1037,298,true,1,0,0
1038,761,true,3,2,0
1039,793,true,1,0,0
1040,304,true,1,0,0
1041,625,true,2,1,0
1042,474,true,2,1,0
1043,5174,true,2,1,0
1044,476,true,2,1,0
1045,624,true,2,1,0
1046,711,true,4,3,0
1047,770,true,1,0,0
1048,462,true,1,0,0
1049,472,true,1,0,0
1050,301,true,1,0,0
1051,20579,true,2,0,1
1052,304,true,1,0,0
1053,535,true,1,0,0
1054,321,true,1,0,0
1055,397,true,1,0,0
1056,11062,true,2,0,1
1057,277,true,1,0,0
1058,448,true,2,1,0
1059,487,true,1,0,0
1060,394,true,1,0,0
1061,253,true,1,0,0
1062,490,true,1,0,0
1063,425,true,1,0,0
1064,1227,true,2,1,0
1065,613,true,2,1,0
1066,730,true,2,1,0
1067,381,true,1,0,0
1068,40948,true,4,3,0
1069,434,true,1,0,0
1070,411,true,1,0,0
1071,394,true,1,0,0
1072,588,true,1,0,0
1073,270,true,1,0,0
1074,462,true,3,2,0
1075,540,true,1,0,0
1076,1879,true,1,0,0
1077,525,true,1,0,0
1078,332,true,1,0,0
1079,281,true,1,0,0
1080,10576,true,2,1,0
1081,1053,true,3,2,0
1082,4399,true,2,1,0
1083,340,true,1,0,0
1084,1171,true,2,1,0
1085,335,true,1,0,0
1086,12821,true,3,1,1
1087,423,true,1,0,0
1088,322,true,1,0,0
1089,471,true,1,0,0
1090,1929,true,4,3,0
1091,1117,true,5,4,0
1092,1591,true,2,1,0
1093,1695,true,6,5,0
1094,1077,true,3,2,0
1095,321,true,1,0,0
1096,58715,true,2,0,1
1097,515,true,1,0,0
1098,633,true,2,1,0
1099,36679,true,3,1,1
1100,569,true,1,0,0
1101,496,true,2,1,0
1102,1047,true,3,2,0
1103,1180,true,2,1,0
1104,476,true,2,1,0
1105,778,true,2,1,0
1106,622,true,1,0,0
1107,370,true,1,0,0
1108,439,true,1,0,0
1109,202027,true,3,2,0
1110,18198,true,4,3,0
1111,488,true,1,0,0
1112,836,true,2,1,0
1113,719,true,2,1,0
1114,439,true,1,0,0
1115,1376,true,3,2,0
1116,493,true,1,0,0
1117,524,true,1,0,0
1118,1279,true,2,1,0
1119,696,true,1,0,0
1120,436,true,1,0,0
1121,162548,true,2,1,0
1122,49559,true,2,0,1
1123,630,true,1,0,0
1124,731,true,2,1,0
1125,584,true,1,0,0
1126,521,true,1,0,0
1127,1996,true,2,1,0
1128,556,true,1,0,0
1129,307,true,1,0,0
1130,851,true,1,0,0
1131,1663,true,4,3,0
1132,1080,true,2,1,0
1133,512,true,1,0,0
1134,449,true,1,0,0
1135,310,true,1,0,0
1136,413,true,1,0,0
1137,540,true,1,0,0
1138,68588,true,3,1,1
1139,1129,true,3,2,0
1140,552,true,1,0,0
1141,2873,true,3,2,0
1142,614,true,1,0,0
1143,385,true,1,0,0
1144,1622,true,2,1,0
1145,374,true,1,0,0
1146,2349,true,6,5,0
1147,838,true,1,0,0
1148,583,true,1,0,0
1149,535,true,1,0,0
1150,185090,true,3,2,0
1151,308,true,1,0,0
1152,19392,true,3,2,0
1153,1560,true,2,1,0
1154,780,true,1,0,0
1155,527,true,1,0,0
1156,636,true,1,0,0
1157,884,true,1,0,0
1158,465,true,1,0,0
1159,1157,true,2,1,0
1160,654,true,2,1,0
1161,411,true,1,0,0
1162,1491,true,4,3,0
1163,742,true,2,1,0
1164,642,true,1,0,0
1165,592,true,1,0,0
1166,558,true,1,0,0
1167,688,true,1,0,0
1168,852,true,1,0,0
1169,751,true,1,0,0
1170,2221,true,3,2,0
1171,542,true,1,0,0
1172,707,true,1,0,0
1173,816,true,1,0,0
1174,6150,true,3,2,0
1175,1913,true,4,3,0
1176,507,true,1,0,0
1177,829,true,2,1,0
1178,1323,true,2,1,0
1179,1017,true,1,0,0
1180,537,true,1,0,0
1181,905,true,2,1,0
1182,486,true,1,0,0
1183,649,true,1,0,0
1184,683,true,1,0,0
1185,451,true,1,0,0
1186,477,true,1,0,0
1187,687,true,1,0,0
1188,739,true,1,0,0
1189,889,true,3,2,0
1190,546,true,1,0,0
1191,794,true,2,1,0
1192,762,true,1,0,0
1193,683,true,2,1,0
1194,816,true,1,0,0
1195,660,true,1,0,0
1196,515,true,1,0,0
1197,630,true,1,0,0
1198,1083,true,2,1,0
1199,759,true,1,0,0
1200,497,true,1,0,0
1201,576,true,1,0,0
1202,1781,true,1,0,0
1203,1067,true,3,2,0
1204,515,true,1,0,0
1205,3571,true,2,1,0
1206,611,true,1,0,0
1207,791,true,1,0,0
1208,748,true,1,0,0
1209,32689,true,3,2,0
1210,1178,true,3,2,0
1211,612,true,1,0,0
1212,986,true,1,0,0
1213,1471,true,1,0,0
1214,1719,true,2,1,0
1215,23792,true,5,4,0
1216,800,true,1,0,0
1217,551,true,2,1,0
1218,572,true,1,0,0
1219,119478,true,5,3,1
1220,502,true,1,0,0
1221,597,true,1,0,0
1222,1050,true,1,0,0
1223,759,true,1,0,0
1224,68255,true,2,0,1
1225,1358,true,2,1,0
1226,411,true,1,0,0
1227,530,true,1,0,0
1228,10427,true,2,1,0
1229,45054,true,4,2,1
1230,813,true,2,1,0
1231,35302,true,5,4,0
1232,560,true,1,0,0
1233,420,true,1,0,0
1234,1555,true,2,1,0
1235,472,true,1,0,0
1236,633,true,2,1,0
1237,577,true,1,0,0
1238,1423,true,2,1,0
1239,482,true,1,0,0
1240,1050,true,1,0,0
1241,917,true,1,0,0
1242,407,true,2,1,0
1243,420,true,1,0,0
1244,574,true,1,0,0
1245,1580,true,3,2,0
1246,1261,true,1,0,0
1247,2131,true,2,1,0
1248,1345,true,1,0,0
1249,5888,true,3,2,0
1250,2473,true,5,4,0
1251,1627,true,2,1,0
1252,537,true,1,0,0
1253,1983,true,2,1,0
1254,89747,true,3,2,0
1255,436,true,1,0,0
1256,292,true,1,0,0
1257,684,true,1,0,0
1258,273,true,1,0,0
1259,541,true,1,0,0
1260,690,true,1,0,0
1261,5190,true,3,2,0
1262,1723,true,3,2,0
1263,922,true,2,1,0
1264,448,true,3,2,0
1265,312,true,1,0,0
1266,532,true,1,0,0
1267,51645,true,4,1,2
1268,312,true,1,0,0
1269,390,true,1,0,0
1270,319,true,1,0,0
1271,2039,true,3,2,0
1272,2178,true,4,3,0
1273,772,true,2,1,0
1274,645602,true,2,0,1
1275,175606,true,3,2,0
1276,505,true,1,0,0
1277,2030,true,2,1,0
1278,465,true,1,0,0
1279,499,true,1,0,0
1280,981,true,2,1,0
1281,716,true,1,0,0
1282,512,true,1,0,0
1283,821,true,2,1,0
1284,453,true,1,0,0
1285,1766,true,2,1,0
1286,17009,true,2,1,0
1287,840,true,2,1,0
1288,533,true,1,0,0
1289,303,true,1,0,0
1290,2128,true,1,0,0
1291,303,true,1,0,0
1292,909,true,2,1,0
1293,1060,true,2,1,0
1294,1403,true,3,2,0
1295,300,true,1,0,0
1296,1454,true,1,0,0
1297,425,true,1,0,0
1298,2764,true,4,3,0
1299,289,true,1,0,0
1300,631,true,1,0,0
1301,41630,true,2,0,1
1302,4420,true,4,3,0
1303,470,true,1,0,0
1304,14642,true,3,1,1
1305,1223,true,3,2,0
1306,561,true,1,0,0
1307,865,true,1,0,0
1308,476,true,1,0,0
1309,1427,true,2,1,0
1310,3631,true,2,1,0
1311,718,true,1,0,0
1312,559,true,1,0,0
1313,551,true,1,0,0
1314,68147,true,4,2,1
1315,1393,true,2,1,0
1316,748,true,1,0,0
1317,694,true,2,1,0
1318,946,true,1,0,0
1319,951,true,1,0,0
1320,7508,true,5,4,0
1321,9836,true,2,1,0
1322,282,true,1,0,0
1323,380,true,1,0,0
1324,512,true,1,0,0
1325,5039,true,2,1,0
1326,1208,true,2,1,0
1327,293,true,1,0,0
1328,486,true,1,0,0
1329,483,true,1,0,0
1330,616,true,2,1,0
1331,562,true,1,0,0
1332,1016,true,1,0,0
1333,1109,true,1,0,0
1334,405,true,1,0,0
1335,1160,true,1,0,0
1336,1042,true,2,1,0
1337,417,true,1,0,0
1338,702,true,2,1,0
1339,648,true,1,0,0
1340,570,true,1,0,0
1341,502,true,1,0,0
1342,3216,true,4,3,0
1343,6492,true,6,5,0
1344,1062,true,2,1,0
1345,746,true,2,1,0
1346,737,true,1,0,0
1347,4989,true,4,3,0
1348,2741,true,2,1,0
1349,647,true,1,0,0
1350,17377,true,3,2,0
1351,721,true,1,0,0
1352,899,true,2,1,0
1353,270484,true,8,6,1
1354,536,true,1,0,0
1355,8934,true,4,3,0
1356,277,true,1,0,0
1357,895,true,2,1,0
1358,209,true,1,0,0
1359,45737,true,3,2,0
1360,12322,true,4,3,0
1361,356,true,1,0,0
1362,535,true,1,0,0
1363,1939,true,2,1,0
1364,89980,true,5,4,0
1365,691,true,2,1,0
1366,418,true,1,0,0
1367,1383,true,1,0,0
1368,419,true,1,0,0
1369,829,true,2,1,0
1370,815,true,1,0,0
1371,370,true,1,0,0
1372,386,true,1,0,0
1373,374,true,1,0,0
1374,339,true,1,0,0
1375,987,true,3,2,0
1376,579,true,2,1,0
1377,120435,true,1,0,0
1378,792,true,1,0,0
1379,1408,true,2,1,0
1380,568,true,1,0,0
1381,1108,true,1,0,0
1382,558,true,1,0,0
1383,514,true,1,0,0
1384,658,true,1,0,0
1385,924,true,1,0,0
1386,40641,true,2,1,0
1387,6166,true,2,1,0
1388,508,true,1,0,0
1389,547,true,1,0,0
1390,593,true,1,0,0
1391,8447,true,3,2,0
1392,11253,true,4,3,0
1393,3613,true,3,2,0
1394,19271,true,3,2,0
1395,499,true,1,0,0
1396,731,true,1,0,0
1397,656,true,1,0,0
1398,642,true,1,0,0
1399,490,true,1,0,0
1400,599,true,1,0,0
1401,732,true,1,0,0
1402,405,true,1,0,0
1403,1021,true,1,0,0
1404,609,true,1,0,0
1405,480,true,1,0,0
1406,789,true,1,0,0
1407,883,true,1,0,0
1408,761,true,1,0,0
1409,513,true,1,0,0
1410,3117,true,4,3,0
1411,11819,true,2,1,0
1412,734,true,1,0,0
1413,5007,true,3,2,0
1414,566,true,1,0,0
1415,8729,true,5,4,0
1416,608,true,1,0,0
1417,1563,true,2,1,0
1418,597,true,1,0,0
1419,433,true,1,0,0
1420,1286,true,2,1,0
1421,451,true,1,0,0
1422,496,true,1,0,0
1423,24893,true,2,0,1
1424,7512,true,3,2,0
1425,794,true,1,0,0
1426,5308,true,3,2,0
1427,817,true,1,0,0
1428,2134,true,2,1,0
1429,355694,true,3,1,1
1430,7099,true,3,2,0
1431,54714,true,5,4,0
1432,3908,true,2,1,0
1433,1096,true,2,1,0
1434,745,true,1,0,0
1435,1031,true,1,0,0
1436,641,true,1,0,0
1437,656,true,1,0,0
1438,9627,true,3,2,0
1439,515,true,1,0,0
1440,631,true,1,0,0
1441,526,true,1,0,0
1442,16874,true,1,0,0
1443,598,true,1,0,0
1444,840,true,1,0,0
1445,62491,true,2,0,1
1446,607,true,1,0,0
1447,620,true,1,0,0
1448,405,true,1,0,0
1449,691,true,1,0,0
1450,343074,true,9,7,1
1451,321,true,1,0,0
1452,309,true,1,0,0
1453,40293,true,2,0,1
1454,628,true,1,0,0
1455,875,true,1,0,0
1456,445,true,1,0,0
1457,385,true,1,0,0
1458,498,true,1,0,0
1459,441,true,1,0,0
1460,925,true,2,1,0
1461,831,true,2,1,0
1462,873,true,1,0,0
1463,1142,true,2,1,0
1464,5568,true,2,1,0
1465,387,true,1,0,0
1466,5316,true,5,4,0
1467,854,true,2,1,0
1468,586,true,1,0,0
1469,19495,true,4,3,0
1470,679,true,1,0,0
1471,115403,true,3,1,1
1472,410,true,2,1,0
1473,307,true,1,0,0
1474,476,true,2,1,0
1475,13150,true,4,3,0
1476,429,true,1,0,0
1477,698,true,1,0,0
1478,513,true,1,0,0
1479,946,true,1,0,0
1480,1477,true,2,1,0
1481,1129,true,1,0,0
1482,2603,true,4,3,0
1483,1485,true,2,1,0
1484,354,true,1,0,0
1485,616,true,1,0,0
1486,511,true,1,0,0
1487,42353,true,3,1,1
1488,794,true,1,0,0
1489,827,true,2,1,0
1490,943,true,1,0,0
1491,439,true,1,0,0
1492,2417,true,3,2,0
1493,1173,true,1,0,0
1494,2091,true,3,2,0
1495,2070,true,1,0,0
1496,177028,true,2,1,0
1497,1475,true,3,2,0
1498,30899,true,3,1,1
1499,23818,true,4,3,0
1500,664,true,1,0,0
1501,1145,true,1,0,0
1502,831,true,2,1,0
1503,247748,true,2,1,0
1504,553,true,1,0,0
1505,434,true,1,0,0
1506,179552,true,11,8,2
1507,806,true,1,0,0
1508,9989,true,2,1,0
1509,2097,true,1,0,0
1510,44989,true,3,1,1
1511,2136,true,3,2,0
1512,364,true,1,0,0
1513,1554,true,2,1,0
1514,755,true,1,0,0
1515,414,true,1,0,0
1516,716,true,1,0,0
1517,540,true,1,0,0
1518,435,true,1,0,0
1519,453,true,1,0,0
1520,911,true,2,1,0
1521,328,true,1,0,0
1522,393,true,2,1,0
1523,2255,true,5,4,0
1524,759,true,1,0,0
1525,681,true,2,1,0
1526,559,true,1,0,0
1527,662,true,2,1,0
1528,622,true,2,1,0
1529,988,true,1,0,0
1530,324,true,1,0,0
1531,689,true,1,0,0
1532,901,true,2,1,0
1533,442,true,1,0,0
1534,600,true,1,0,0
1535,2409,true,2,1,0
1536,69926,true,4,3,0
1537,1982,true,3,2,0
1538,3400,true,3,2,0
1539,25909,true,2,1,0
1540,496,true,2,1,0
1541,475,true,1,0,0
1542,313,true,1,0,0
1543,14550,true,1,0,0
1544,423,true,1,0,0
1545,333,true,1,0,0
1546,6636,true,5,4,0
1547,1381,true,2,1,0
1548,372,true,1,0,0
1549,307,true,1,0,0
1550,831,true,2,1,0
1551,6981,true,6,5,0
1552,454,true,1,0,0
1553,35416,true,2,1,0
1554,18678,true,4,3,0
1555,272929,true,4,2,1
1556,90255,true,7,5,1
1557,502,true,1,0,0
1558,483,true,1,0,0
1559,860,true,1,0,0
1560,587,true,1,0,0
1561,795,true,1,0,0
1562,934,true,1,0,0
1563,426,true,1,0,0
1564,538,true,1,0,0
1565,925,true,1,0,0
1566,483,true,1,0,0
1567,453,true,1,0,0
1568,9241,true,2,1,0
1569,1367,true,3,2,0
1570,719,true,2,1,0
1571,32129,true,2,1,0
1572,541,true,1,0,0
1573,2211,true,5,4,0
1574,1069,true,1,0,0
1575,116354,true,3,1,1
1576,1138,true,2,1,0
1577,544,true,2,1,0
1578,1420,true,2,1,0
1579,107766,true,7,6,0
1580,1293,true,2,1,0
1581,1120,true,2,1,0
1582,622,true,1,0,0
1583,311,true,1,0,0
1584,546,true,1,0,0
1585,604,true,2,1,0
1586,840,true,1,0,0
1587,762,true,1,0,0
1588,21564,true,2,1,0
1589,611,true,1,0,0
1590,447,true,1,0,0
1591,535,true,1,0,0
1592,5958,true,2,1,0
1593,659,true,1,0,0
1594,561,true,1,0,0
1595,1008,true,3,2,0
1596,521,true,1,0,0
1597,766,true,1,0,0
1598,497119,true,2,1,0
1599,426,true,1,0,0
1600,626,true,1,0,0
1601,1216,true,2,1,0
1602,775,true,1,0,0
1603,1725,true,2,1,0
1604,1037,true,1,0,0
1605,592,true,1,0,0
1606,4109,true,4,3,0
1607,1222,true,2,1,0
1608,1011,true,1,0,0
1609,2754,true,8,7,0
1610,701,true,1,0,0
1611,125559,true,2,1,0
1612,269,true,1,0,0
1613,309,true,1,0,0
1614,545,true,1,0,0
1615,346,true,1,0,0
1616,313,true,1,0,0
1617,3787,true,2,1,0
1618,489,true,1,0,0
1619,334,true,1,0,0
1620,9416,true,4,3,0
1621,426,true,1,0,0
1622,900,true,1,0,0
1623,45012,true,4,3,0
1624,505,true,2,1,0
1625,543,true,2,1,0
1626,537,true,1,0,0
1627,442,true,1,0,0
1628,2540,true,3,2,0
1629,369,true,1,0,0
1630,1315,true,2,1,0
1631,577,true,1,0,0
1632,667,true,1,0,0
1633,48309,true,2,0,1
1634,429,true,1,0,0
1635,364,true,1,0,0
1636,633,true,1,0,0
1637,538,true,1,0,0
1638,973,true,3,2,0
1639,626,true,1,0,0
1640,434,true,1,0,0
1641,514,true,1,0,0
1642,981,true,1,0,0
1643,749,true,1,0,0
1644,1037,true,2,1,0
1645,570,true,1,0,0
1646,437,true,1,0,0
1647,3522,true,5,4,0
1648,493,true,1,0,0
1649,47231,true,3,2,0
1650,46184,true,2,0,1
1651,386,true,1,0,0
1652,1029,true,2,1,0
1653,1507,true,2,1,0
1654,406,true,1,0,0
1655,616,true,1,0,0
1656,567,true,1,0,0
1657,463,true,1,0,0
1658,861,true,1,0,0
1659,1428,true,2,1,0
1660,781,true,1,0,0
1661,764,true,2,1,0
1662,515,true,1,0,0
1663,1163,true,1,0,0
1664,297,true,1,0,0
1665,2388,true,2,1,0
1666,745,true,2,1,0
1667,1682,true,3,2,0
1668,820,true,1,0,0
1669,568,true,1,0,0
1670,3915,true,3,2,0
1671,81294,true,2,0,1
1672,645,true,2,1,0
1673,507,true,1,0,0
1674,992,true,1,0,0
1675,3668,true,2,1,0
1676,57982,true,6,5,0
1677,552,true,1,0,0
1678,615,true,1,0,0
1679,552,true,1,0,0
1680,4084,true,3,2,0
1681,945,true,1,0,0
1682,20722,true,4,3,0
1683,607,true,1,0,0
1684,221594,true,2,1,0
1685,606,true,1,0,0
1686,584,true,1,0,0
1687,286109,true,2,1,0
1688,5178,true,2,1,0
1689,463,true,1,0,0
1690,293,true,1,0,0
1691,1800,true,3,2,0
1692,2312,true,3,2,0
1693,785,true,3,2,0
1694,375,true,1,0,0
1695,355,true,1,0,0
1696,676,true,1,0,0
1697,802,true,2,1,0
1698,2415,true,3,2,0
1699,9098,true,1,0,0
1700,361,true,1,0,0
1701,341,true,1,0,0
1702,394,true,1,0,0
1703,355,true,1,0,0
1704,170,true,1,0,0
1705,581,true,2,1,0
1706,479,true,1,0,0
1707,554,true,1,0,0
1708,477,true,1,0,0
1709,684,true,2,1,0
1710,6871,true,2,1,0
1711,346,true,1,0,0
1712,267,true,1,0,0
1713,438,true,2,1,0
1714,474,true,1,0,0
1715,433,true,1,0,0
1716,439,true,2,1,0
1717,38208,true,2,1,0
1718,1506,true,3,2,0
1719,444,true,1,0,0
1720,279,true,1,0,0
1721,577,true,1,0,0
1722,502,true,1,0,0
1723,3519,true,3,2,0
1724,515,true,1,0,0
1725,261,true,1,0,0
1726,391,true,1,0,0
1727,751,true,1,0,0
1728,27226,true,2,0,1
1729,647,true,2,1,0
1730,183609,true,5,4,0
1731,2754,true,3,2,0
1732,9263,true,4,3,0
1733,820,true,2,1,0
1734,2248,true,4,3,0
1735,415,true,1,0,0
1736,80217,true,3,2,0
1737,576,true,1,0,0
1738,543,true,1,0,0
1739,557,true,1,0,0
1740,594,true,1,0,0
1741,772,true,1,0,0
1742,913,true,1,0,0
1743,398,true,1,0,0
1744,70264,true,4,2,1
1745,1956,true,4,3,0
1746,801,true,1,0,0
1747,480,true,1,0,0
1748,381,true,1,0,0
1749,1190,true,2,1,0
1750,111074,true,3,1,1
1751,595,true,1,0,0
1752,62156,true,3,2,0
1753,697,true,1,0,0
1754,5192,true,2,1,0
1755,42084,true,4,2,1
1756,633,true,1,0,0
1757,656,true,1,0,0
1758,1337,true,2,1,0
1759,1236,true,2,1,0
1760,358,true,1,0,0
1761,586,true,1,0,0
1762,347,true,1,0,0
1763,2926,true,7,6,0
1764,578,true,1,0,0
1765,544,true,1,0,0
1766,863,true,1,0,0
1767,718,true,1,0,0
1768,29445,true,2,1,0
1769,630,true,1,0,0
1770,11739,true,2,1,0
1771,353,true,1,0,0
1772,419,true,1,0,0
1773,2479,true,2,1,0
1774,631,true,2,1,0
1775,16999,true,5,4,0
1776,42984,true,2,0,1
1777,709,true,1,0,0
1778,604,true,2,1,0
1779,705,true,1,0,0
1780,641,true,1,0,0
1781,6372,true,6,5,0
1782,471,true,1,0,0
1783,713,true,1,0,0
1784,358,true,1,0,0
1785,1709,true,3,2,0
1786,1409,true,2,1,0
1787,471,true,1,0,0
1788,2017,true,3,2,0
1789,604,true,1,0,0
1790,807,true,1,0,0
1791,415,true,1,0,0
1792,706,true,1,0,0
1793,581,true,1,0,0
1794,547756,true,4,2,1
1795,225660,true,4,3,0
1796,504,true,1,0,0
1797,2106,true,5,4,0
1798,1111,true,1,0,0
1799,385,true,1,0,0
1800,965,true,1,0,0
1801,799,true,1,0,0
1802,699,true,1,0,0
1803,1204,true,3,2,0
1804,853,true,1,0,0
1805,614,true,1,0,0
1806,999,true,1,0,0
1807,2716,true,5,4,0
1808,1071,true,2,1,0
1809,831,true,1,0,0
1810,107439,true,2,1,0
1811,1670,true,3,2,0
1812,435,true,1,0,0
1813,2948,true,3,2,0
1814,560,true,3,2,0
1815,1194,true,3,2,0
1816,792,true,2,1,0
1817,704,true,1,0,0
1818,474,true,1,0,0
1819,447,true,1,0,0
1820,931,true,2,1,0
1821,919,true,3,2,0
1822,516,true,2,1,0
1823,725,true,3,2,0
1824,499,true,1,0,0
1825,918,true,1,0,0
1826,515,true,1,0,0
1827,1133,true,2,1,0
1828,718,true,1,0,0
1829,8102,true,3,1,1
1830,1262,true,1,0,0
1831,1223,true,2,1,0
1832,1481,true,3,2,0
1833,661,true,1,0,0
1834,450,true,1,0,0
1835,691,true,1,0,0
1836,599,true,1,0,0
1837,1898,true,2,1,0
1838,5838,true,5,4,0
1839,2380,true,3,2,0
1840,9017,true,2,0,1
1841,503,true,1,0,0
1842,52255,true,2,0,1
1843,946,true,1,0,0
1844,623,true,1,0,0
1845,3770,true,3,2,0
1846,691,true,1,0,0
1847,1098,true,1,0,0
1848,14443,true,3,2,0
1849,1067,true,3,2,0
1850,776,true,1,0,0
1851,697,true,1,0,0
1852,783,true,1,0,0
1853,483,true,1,0,0
1854,476,true,1,0,0
1855,510,true,1,0,0
1856,64516,true,2,0,1
1857,626,true,1,0,0
1858,259,true,1,0,0
1859,341919,true,7,5,1
1860,922,true,2,1,0
1861,2025,true,2,1,0
1862,487,true,1,0,0
1863,121453,true,4,3,0
1864,474,true,1,0,0
1865,895,true,2,1,0
1866,1004,true,2,1,0
1867,370,true,1,0,0
1868,466,true,1,0,0
1869,31438,true,4,2,1
1870,1307,true,2,1,0
1871,51763,true,3,1,1
1872,283,true,1,0,0
1873,228,true,1,0,0
1874,547,true,1,0,0
1875,835,true,2,1,0
1876,874,true,2,1,0
1877,252,true,1,0,0
1878,323,true,1,0,0
1879,499,true,2,1,0
1880,217,true,1,0,0
1881,15800,true,5,4,0
1882,543,true,2,1,0
1883,255,true,1,0,0
1884,655,true,3,2,0
1885,440,true,1,0,0
1886,451,true,2,1,0
1887,289,true,1,0,0
1888,472,true,1,0,0
1889,645,true,1,0,0
1890,339,true,2,1,0
1891,17100,true,5,4,0
1892,3213,true,5,4,0
1893,318,true,1,0,0
1894,356,true,1,0,0
1895,336,true,1,0,0
1896,992,true,2,1,0
1897,658,true,2,1,0
1898,587,true,2,1,0
1899,438,true,1,0,0
1900,454,true,1,0,0
1901,472,true,1,0,0
1902,331,true,1,0,0
1903,299,true,1,0,0
1904,2354,true,3,2,0
1905,300,true,1,0,0
1906,618,true,1,0,0
1907,3747,true,3,2,0
1908,333,true,1,0,0
1909,740,true,1,0,0
1910,329,true,1,0,0
1911,273,true,1,0,0
1912,379,true,1,0,0
1913,3612,true,1,0,0
1914,1428,true,3,2,0
1915,405,true,1,0,0
1916,396,true,1,0,0
1917,2956,true,6,5,0
1918,310,true,1,0,0
1919,237,true,1,0,0
1920,475,true,1,0,0
1921,390,true,1,0,0
1922,20870,true,5,4,0
1923,365,true,1,0,0
1924,158702,true,2,1,0
1925,1140,true,4,3,0
1926,870,true,1,0,0
1927,697,true,1,0,0
1928,647,true,1,0,0
1929,575,true,1,0,0
1930,69693,true,5,4,0
1931,677,true,2,1,0
1932,446,true,1,0,0
1933,1855,true,3,2,0
1934,703,true,1,0,0
1935,1960,true,3,2,0
1936,1936,true,2,1,0
1937,624,true,1,0,0
1938,5385,true,3,2,0
1939,1254,true,4,3,0
1940,519,true,1,0,0
1941,333,true,1,0,0
1942,616,true,2,1,0
1943,60204,true,2,0,1
1944,87614,true,3,2,0
1945,315,true,1,0,0
1946,276,true,1,0,0
1947,499,true,1,0,0
1948,505,true,1,0,0
1949,653,true,2,1,0
1950,314,true,1,0,0
1951,799,true,2,1,0
1952,536,true,1,0,0
1953,254,true,1,0,0
1954,356,true,1,0,0
1955,21853,true,6,5,0
1956,485,true,1,0,0
1957,1272,true,5,4,0
1958,800,true,1,0,0
1959,400,true,1,0,0
1960,257,true,1,0,0
1961,795,true,3,2,0
1962,271,true,1,0,0
1963,634,true,2,1,0
1964,1232,true,2,1,0
1965,548,true,1,0,0
1966,771,true,2,1,0
1967,61591,true,4,2,1
1968,852,true,1,0,0
1969,378,true,1,0,0
1970,489,true,1,0,0
1971,2027,true,2,1,0
1972,1056,true,1,0,0
1973,2388,true,5,4,0
1974,598,true,2,1,0
1975,526,true,1,0,0
1976,89698,true,2,0,1
1977,1717,true,2,1,0
1978,424,true,1,0,0
1979,52064,true,6,4,1
1980,740,true,2,1,0
1981,1041,true,2,1,0
1982,137834,true,2,1,0
1983,514,true,1,0,0
1984,1059,true,3,2,0
1985,721,true,1,0,0
1986,482,true,1,0,0
1987,798,true,2,1,0
1988,951,true,2,1,0
1989,628,true,2,1,0
1990,107318,true,5,4,0
1991,442,true,1,0,0
1992,2295,true,2,1,0
1993,609,true,1,0,0
1994,1826,true,3,2,0
1995,622,true,1,0,0
1996,385,true,1,0,0
1997,985,true,2,1,0
1998,679,true,1,0,0
1999,618,true,1,0,0
2000,56705,true,2,1,0
2001,265,true,1,0,0
2002,604,true,1,0,0
2003,377,true,1,0,0
2004,311,true,1,0,0
2005,2001,true,1,0,0
2006,415,true,1,0,0
2007,282,true,1,0,0
2008,427,true,1,0,0
2009,332016,true,2,1,0
2010,697,true,2,1,0
2011,795,true,2,1,0
2012,430,true,1,0,0
2013,393,true,1,0,0
2014,739,true,2,1,0
2015,438,true,1,0,0
2016,515,true,1,0,0
2017,481,true,1,0,0
2018,377,true,1,0,0
2019,1198,true,1,0,0
2020,1096,true,1,0,0
2021,610,true,1,0,0
2022,386,true,1,0,0
2023,469,true,2,1,0
2024,413,true,1,0,0
2025,280,true,1,0,0
2026,432,true,1,0,0
2027,1139,true,4,3,0
2028,561,true,1,0,0
2029,708,true,3,2,0
2030,1758,true,1,0,0
2031,1171,true,1,0,0
2032,1283,true,5,4,0
2033,468,true,1,0,0
2034,1930,true,3,2,0
2035,248,true,1,0,0
2036,406,true,1,0,0
2037,323,true,1,0,0
2038,372,true,1,0,0
2039,651,true,2,1,0
2040,372,true,1,0,0
2041,2524,true,1,0,0
2042,810,true,2,1,0
2043,491,true,1,0,0
2044,300,true,1,0,0
2045,398,true,1,0,0
2046,651,true,2,1,0
2047,921,true,2,1,0
2048,524,true,2,1,0
2049,469,true,1,0,0
2050,798,true,2,1,0
2051,478,true,1,0,0
2052,1537,true,3,2,0
2053,805,true,2,1,0
2054,306,true,1,0,0
2055,271,true,1,0,0
2056,445,true,1,0,0
2057,484,true,1,0,0
2058,289,true,1,0,0
2059,630,true,1,0,0
2060,357,true,1,0,0
2061,273,true,1,0,0
2062,340,true,1,0,0
2063,365,true,1,0,0
2064,22142,true,2,0,1
2065,276,true,1,0,0
2066,28617,true,6,4,1
2067,594,true,2,1,0
2068,494,true,1,0,0
2069,511,true,1,0,0
2070,498,true,2,1,0
2071,436,true,1,0,0
2072,346,true,1,0,0
2073,359,true,1,0,0
2074,533,true,1,0,0
2075,440,true,1,0,0
2076,657603,true,5,4,0
2077,1112,true,1,0,0
2078,681,true,1,0,0
2079,296570,true,3,2,0
2080,762,true,1,0,0
2081,2119,true,3,2,0
2082,83615,true,4,2,1
2083,452,true,1,0,0
2084,820,true,2,1,0
2085,726,true,1,0,0
2086,317,true,1,0,0
2087,403,true,1,0,0
2088,527,true,1,0,0
2089,474,true,1,0,0
2090,481,true,1,0,0
2091,430,true,2,1,0
2092,614,true,1,0,0
2093,81215,true,5,4,0
2094,827,true,1,0,0
2095,687,true,1,0,0
2096,53571,true,3,1,1
2097,1746,true,2,1,0
2098,473,true,1,0,0
2099,555,true,1,0,0
2100,608,true,1,0,0
2101,739,true,2,1,0
2102,1274,true,2,1,0
2103,1041,true,2,1,0
2104,1565,true,2,1,0
2105,2430,true,1,0,0
2106,1043,true,1,0,0
2107,678,true,1,0,0
2108,411,true,1,0,0
2109,462083,true,2,1,0
2110,869,true,1,0,0
2111,603,true,1,0,0
2112,855,true,1,0,0
2113,58309,true,4,3,0
2114,666,true,1,0,0
2115,458,true,1,0,0
2116,648,true,1,0,0
2117,81941,true,2,1,0
2118,539,true,1,0,0
2119,619,true,1,0,0
2120,1634,true,2,1,0
2121,856,true,1,0,0
2122,561,true,1,0,0
2123,803,true,1,0,0
2124,471,true,1,0,0
2125,264987,true,4,3,0
2126,1652,true,2,1,0
2127,625,true,1,0,0
2128,690,true,1,0,0
2129,476,true,1,0,0
2130,412,true,1,0,0
2131,1029,true,1,0,0
2132,440,true,1,0,0
2133,1199,true,2,1,0
2134,481,true,1,0,0
2135,858,true,1,0,0
2136,31150,true,3,2,0
2137,905,true,2,1,0
2138,2755,true,4,3,0
2139,742,true,1,0,0
2140,2028,true,3,2,0
2141,1755,true,2,1,0
2142,796,true,1,0,0
2143,425,true,1,0,0
2144,467,true,1,0,0
2145,561,true,1,0,0
2146,652,true,1,0,0
2147,812,true,1,0,0
2148,565,true,1,0,0
2149,55636,true,3,2,0
2150,541,true,2,1,0
2151,548,true,2,1,0
2152,149199,true,2,1,0
2153,59921,true,4,3,0
2154,388,true,1,0,0
2155,432,true,1,0,0
2156,265182,true,4,2,1
2157,674,true,1,0,0
2158,673,true,3,2,0
2159,508,true,1,0,0
2160,1676,true,2,1,0
2161,599,true,1,0,0
2162,1871,true,3,2,0
2163,939,true,2,1,0
2164,467,true,1,0,0
2165,450,true,1,0,0
2166,483,true,1,0,0
2167,479,true,1,0,0
2168,1256,true,2,1,0
2169,3024,true,3,2,0
2170,4178,true,2,1,0
2171,641,true,1,0,0
2172,841,true,1,0,0
2173,486,true,1,0,0
2174,588,true,1,0,0
2175,19072,true,4,3,0
2176,2718,true,2,1,0
2177,3276,true,2,1,0
2178,2559,true,3,2,0
2179,2108,true,2,1,0
2180,1166,true,2,1,0
2181,528,true,2,1,0
2182,9755,true,3,2,0
2183,536,true,2,1,0
2184,861,true,1,0,0
2185,491,true,1,0,0
2186,781,true,2,1,0
2187,2145,true,4,3,0
2188,573,true,1,0,0
2189,660,true,1,0,0
2190,1080,true,2,1,0
2191,841,true,1,0,0
2192,367,true,1,0,0
2193,304,true,1,0,0
2194,2052,true,2,1,0
2195,42792,true,2,0,1
2196,613,true,1,0,0
2197,594,true,1,0,0
2198,1548,true,2,1,0
2199,1060,true,1,0,0
2200,527,true,2,1,0
2201,3481,true,2,1,0
2202,2522,true,2,1,0
2203,402,true,1,0,0
2204,33373,true,3,1,1
2205,528,true,1,0,0
2206,417,true,1,0,0
2207,736,true,1,0,0
2208,467,true,1,0,0
2209,2229,true,1,0,0
2210,620,true,1,0,0
2211,467,true,1,0,0
2212,725,true,2,1,0
2213,640,true,1,0,0
2214,1940,true,2,1,0
2215,850,true,1,0,0
2216,426,true,1,0,0
2217,799,true,4,3,0
2218,75520,true,2,0,1
2219,398,true,1,0,0
2220,855,true,2,1,0
2221,622,true,1,0,0
2222,3965,true,3,2,0
2223,1821,true,3,2,0
2224,535,true,1,0,0
2225,1061,true,1,0,0
2226,50501,true,3,1,1
2227,984,true,2,1,0
2228,692,true,2,1,0
2229,118752,true,3,2,0
2230,1111,true,4,3,0
2231,414,true,1,0,0
2232,310,true,1,0,0
2233,682477,true,2,1,0
2234,1781,true,3,2,0
2235,495,true,1,0,0
2236,683,true,1,0,0
2237,510,true,1,0,0
2238,64180,true,2,1,0
2239,544,true,1,0,0
2240,1391,true,3,2,0
2241,389,true,1,0,0
2242,588,true,1,0,0
2243,923,true,2,1,0
2244,1042,true,1,0,0
2245,833,true,1,0,0
2246,392,true,1,0,0
2247,3018,true,3,2,0
2248,2794,true,5,4,0
2249,807,true,1,0,0
2250,791,true,1,0,0
2251,950,true,1,0,0
2252,1443,true,2,1,0
2253,824,true,1,0,0
2254,537,true,1,0,0
2255,503,true,1,0,0
2256,689,true,3,2,0
2257,354,true,1,0,0
2258,646,true,1,0,0
2259,2703,true,3,2,0
2260,466,true,1,0,0
2261,1253,true,2,1,0
2262,1116,true,3,2,0
2263,12094,true,3,2,0
2264,791,true,1,0,0
2265,43451,true,5,3,1
2266,377,true,1,0,0
2267,378,true,1,0,0
2268,602,true,2,1,0
2269,287,true,1,0,0
2270,870,true,3,2,0
2271,834,true,1,0,0
2272,2061,true,4,3,0
2273,2164,true,3,2,0
2274,6366,true,4,3,0
2275,593,true,1,0,0
2276,306,true,1,0,0
2277,546,true,1,0,0
2278,234072,true,2,1,0
2279,256,true,1,0,0
2280,462,true,1,0,0
2281,393,true,1,0,0
2282,501,true,2,1,0
2283,260,true,1,0,0
2284,675,true,3,2,0
2285,33986,true,3,1,1
2286,412,true,2,1,0
2287,362,true,1,0,0
2288,1156,true,2,1,0
2289,301,true,1,0,0
2290,349,true,1,0,0
2291,327,true,1,0,0
2292,3581,true,2,1,0
2293,581,true,1,0,0
2294,691,true,1,0,0
2295,428,true,1,0,0
2296,989,true,2,1,0
2297,25914,true,3,1,1
2298,459,true,1,0,0
2299,3406,true,2,1,0
2300,874,true,3,2,0
2301,472,true,1,0,0
2302,270,true,2,1,0
2303,1129,true,2,1,0
2304,587,true,1,0,0
2305,3998,true,2,1,0
2306,441,true,1,0,0
2307,507,true,2,1,0
2308,378,true,1,0,0
2309,284,true,1,0,0
2310,485,true,1,0,0
2311,512,true,1,0,0
2312,582,true,2,1,0
2313,455,true,1,0,0
2314,985,true,3,2,0
2315,575,true,2,1,0
2316,991,true,1,0,0
2317,148882,true,3,2,0
2318,446,true,1,0,0
2319,397,true,1,0,0
2320,2232,true,2,1,0
2321,392,true,1,0,0
2322,395,true,2,1,0
2323,294,true,1,0,0
2324,541,true,1,0,0
2325,10106,true,2,0,1
2326,760,true,2,1,0
2327,449,true,1,0,0
2328,1356,true,3,2,0
2329,40118,true,4,2,1
2330,367,true,1,0,0
2331,575,true,1,0,0
2332,888,true,1,0,0
2333,448,true,1,0,0
2334,315,true,1,0,0
2335,421,true,1,0,0
2336,14729,true,3,2,0
2337,790,true,1,0,0
2338,995,true,3,2,0
2339,679,true,1,0,0
2340,687,true,2,1,0
2341,1229,true,2,1,0
2342,666,true,2,1,0
2343,897,true,1,0,0
2344,1677,true,2,1,0
2345,1889,true,2,1,0
2346,517,true,1,0,0
2347,577,true,1,0,0
2348,910,true,1,0,0
2349,451,true,2,1,0
2350,1178,true,2,1,0
2351,603,true,1,0,0
2352,3890,true,4,3,0
2353,1324,true,2,1,0
2354,925,true,1,0,0
2355,1161,true,1,0,0
2356,431,true,1,0,0
2357,430,true,1,0,0
2358,9200,true,1,0,0
2359,933,true,2,1,0
2360,1315,true,1,0,0
2361,1395,true,2,1,0
2362,794,true,1,0,0
2363,2079,true,3,2,0
2364,620,true,1,0,0
2365,1688,true,2,1,0
2366,536,true,1,0,0
2367,3794,true,2,1,0
2368,831,true,1,0,0
2369,846,true,1,0,0
2370,10904,true,2,1,0
2371,900,true,3,2,0
2372,1303,true,1,0,0
2373,782,true,1,0,0
2374,728,true,1,0,0
2375,606,true,1,0,0
2376,1380,true,2,1,0
2377,3215,true,7,6,0
2378,968,true,1,0,0
2379,746,true,1,0,0
2380,587,true,1,0,0
2381,18447,true,6,5,0
2382,386,true,1,0,0
2383,2649,true,4,3,0
2384,543,true,1,0,0
2385,3566,true,2,1,0
2386,944,true,1,0,0
2387,1637,true,3,2,0
2388,860,true,1,0,0
2389,678,true,1,0,0
2390,423759,true,2,1,0
2391,318,true,1,0,0
2392,521,true,3,2,0
2393,24987,true,3,1,1
2394,976,true,2,1,0
2395,583,true,1,0,0
2396,1696,true,2,1,0
2397,575,true,1,0,0
2398,2108,true,2,1,0
2399,614,true,1,0,0
2400,3703,true,3,2,0
2401,272,true,1,0,0
2402,1612,true,2,1,0
2403,687,true,2,1,0
2404,558,true,1,0,0
2405,1493,true,3,2,0
2406,279,true,1,0,0
2407,424,true,1,0,0
2408,168400,true,2,1,0
2409,2467,true,4,3,0
2410,3967,true,2,1,0
2411,696,true,2,1,0
2412,1745,true,2,1,0
2413,557,true,1,0,0
2414,418,true,1,0,0
2415,2224,true,2,1,0
2416,396,true,1,0,0
2417,700,true,1,0,0
2418,1519,true,2,1,0
2419,730,true,1,0,0
2420,633,true,1,0,0
2421,352,true,1,0,0
2422,727,true,1,0,0
2423,761,true,1,0,0
2424,1722,true,2,1,0
2425,354,true,1,0,0
2426,1541,true,3,2,0
2427,665,true,1,0,0
2428,337,true,1,0,0
2429,1253,true,1,0,0
2430,603,true,1,0,0
2431,566,true,1,0,0
2432,539,true,1,0,0
2433,770,true,1,0,0
2434,371,true,1,0,0
2435,867,true,1,0,0
2436,745,true,1,0,0
2437,735,true,1,0,0
2438,366,true,1,0,0
2439,638,true,1,0,0
2440,624,true,1,0,0
2441,766,true,2,1,0
2442,533,true,1,0,0
2443,2238,true,4,3,0
2444,598,true,1,0,0
2445,1526,true,2,1,0
2446,5491,true,2,1,0
2447,390,true,1,0,0
2448,352994,true,5,4,0
2449,12945,true,2,1,0
2450,1459,true,2,1,0
2451,44679,true,5,4,0
2452,1149,true,2,1,0
2453,645,true,1,0,0
2454,693,true,1,0,0
2455,3305,true,3,2,0
2456,1351,true,3,2,0
2457,4135,true,1,0,0
2458,294,true,1,0,0
2459,981,true,2,1,0
2460,728,true,2,1,0
2461,261995,true,2,0,1
2462,893,true,2,1,0
2463,460,true,1,0,0
2464,609,true,2,1,0
2465,333,true,1,0,0
2466,332,true,1,0,0
2467,495,true,1,0,0
2468,296,true,1,0,0
2469,572,true,1,0,0
2470,958,true,2,1,0
2471,1069,true,3,2,0
2472,408,true,1,0,0
2473,616,true,1,0,0
2474,663,true,1,0,0
2475,507,true,2,1,0
2476,445,true,1,0,0
2477,851,true,1,0,0
2478,20395,true,4,2,1
2479,1109,true,2,1,0
2480,326,true,1,0,0
2481,608,true,1,0,0
2482,2829,true,2,1,0
2483,24557,true,3,1,1
2484,475,true,1,0,0
2485,6432,true,3,2,0
2486,1109,true,3,2,0
2487,21686,true,2,0,1
2488,498,true,1,0,0
2489,669,true,1,0,0
2490,489,true,1,0,0
2491,87056,true,3,2,0
2492,580,true,1,0,0
2493,901,true,2,1,0
2494,291,true,1,0,0
2495,305,true,1,0,0
2496,457,true,1,0,0
2497,614,true,2,1,0
2498,375,true,1,0,0
2499,390,true,1,0,0
2500,491,true,1,0,0
2501,1081,true,2,1,0
2502,1007,true,3,2,0
2503,133878,true,7,4,2
2504,502,true,1,0,0
2505,696,true,2,1,0
2506,592,true,1,0,0
2507,500,true,1,0,0
2508,9105,true,2,1,0
2509,374,true,1,0,0
2510,1850,true,2,1,0
2511,520,true,1,0,0
2512,505,true,1,0,0
2513,623,true,1,0,0
2514,469,true,1,0,0
2515,923,true,1,0,0
2516,9579,true,3,2,0
2517,141078,true,3,2,0
2518,541,true,1,0,0
2519,666,true,2,1,0
2520,673,true,1,0,0
2521,1474,true,3,2,0
2522,624,true,1,0,0
2523,586,true,1,0,0
2524,1213,true,2,1,0
2525,2118,true,2,1,0
2526,596,true,1,0,0
2527,635,true,1,0,0
2528,575,true,1,0,0
2529,16411,true,3,1,1
2530,888,true,3,2,0
2531,1404,true,2,1,0
2532,699,true,1,0,0
2533,468,true,1,0,0
2534,379,true,1,0,0
2535,599,true,1,0,0
2536,699,true,1,0,0
2537,626,true,1,0,0
2538,366592,true,4,3,0
2539,523,true,1,0,0
2540,1582,true,2,1,0
2541,51663,true,3,1,1
2542,346,true,1,0,0
2543,589,true,1,0,0
2544,1095,true,3,2,0
2545,653,true,1,0,0
2546,139384,true,3,1,1
2547,446,true,1,0,0
2548,50701,true,5,4,0
2549,389,true,1,0,0
2550,42072,true,4,2,1
2551,515,true,1,0,0
2552,630,true,2,1,0
2553,22926,true,2,0,1
2554,522,true,1,0,0
2555,1235,true,3,2,0
2556,567,true,1,0,0
2557,558,true,1,0,0
2558,420,true,1,0,0
2559,654,true,1,0,0
2560,45408,true,4,3,0
2561,340,true,1,0,0
2562,940,true,2,1,0
2563,2378,true,2,1,0
2564,707,true,2,1,0
2565,197,true,1,0,0
2566,401,true,2,1,0
2567,726,true,2,1,0
2568,774,true,2,1,0
2569,368,true,1,0,0
2570,405667,true,4,3,0
2571,851,true,2,1,0
2572,714,true,2,1,0
2573,579,true,1,0,0
2574,556,true,1,0,0
2575,974,true,1,0,0
2576,709,true,1,0,0
2577,705,true,1,0,0
2578,664,true,1,0,0
2579,492,true,1,0,0
2580,1272,true,3,2,0
2581,68070,true,7,5,1
2582,7882,true,4,3,0
2583,446022,true,2,1,0
2584,514,true,1,0,0
2585,608,true,1,0,0
2586,456,true,1,0,0
2587,363,true,1,0,0
2588,1192,true,2,1,0
2589,11211,true,5,3,1
2590,765,true,4,3,0
2591,304,true,1,0,0
2592,11080,true,3,2,0
2593,1186,true,2,1,0
2594,327,true,1,0,0
2595,284,true,1,0,0
2596,439,true,1,0,0
2597,389,true,1,0,0
2598,716,true,2,1,0
2599,19740,true,5,3,1
2600,1632,true,2,1,0
2601,3766,true,3,2,0
2602,1519,true,1,0,0
2603,378,true,1,0,0
2604,661,true,1,0,0
2605,877,true,2,1,0
2606,406,true,1,0,0
2607,376,true,1,0,0
2608,606,true,1,0,0
2609,2078,true,2,1,0
2610,467,true,1,0,0
2611,5529,true,2,1,0
2612,383,true,1,0,0
2613,578,true,2,1,0
2614,377,true,1,0,0
2615,555,true,1,0,0
2616,1142,true,2,1,0
2617,1331,true,4,3,0
2618,403,true,1,0,0
2619,655,true,1,0,0
2620,821,true,1,0,0
2621,1143,true,4,3,0
2622,762,true,2,1,0
2623,261,true,1,0,0
2624,1264,true,4,3,0
2625,381,true,1,0,0
2626,907,true,2,1,0
2627,165925,true,4,2,1
2628,787,true,1,0,0
2629,1252,true,3,2,0
2630,1054,true,1,0,0
2631,608,true,1,0,0
2632,781,true,1,0,0
2633,473,true,1,0,0
2634,767,true,1,0,0
2635,510,true,1,0,0
2636,751,true,1,0,0
2637,41862,true,3,1,1
2638,663,true,1,0,0
2639,790,true,1,0,0
2640,585,true,1,0,0
2641,666,true,1,0,0
2642,481,true,1,0,0
2643,509,true,1,0,0
2644,645,true,1,0,0
2645,29965,true,2,1,0
2646,4893,true,3,2,0
2647,857,true,1,0,0
2648,3012,true,2,1,0
2649,583,true,1,0,0
2650,589,true,1,0,0
2651,641,true,2,1,0
2652,43776,true,2,0,1
2653,427,true,1,0,0
2654,847,true,1,0,0
2655,15541,true,3,2,0
2656,133905,true,2,1,0
2657,2695,true,3,2,0
2658,475,true,1,0,0
2659,530,true,1,0,0
2660,135250,true,2,1,0
2661,1406,true,2,1,0
2662,880,true,1,0,0
2663,572,true,1,0,0
2664,1456,true,1,0,0
2665,247662,true,4,2,1
2666,531,true,1,0,0
2667,381,true,1,0,0
2668,554,true,1,0,0
2669,3759,true,8,7,0
2670,3097,true,2,1,0
2671,721,true,1,0,0
2672,429,true,1,0,0
2673,765,true,1,0,0
2674,1667,true,2,1,0
2675,795,true,1,0,0
2676,1329,true,2,1,0
2677,13679,true,4,3,0
2678,2340,true,3,2,0
2679,565,true,1,0,0
2680,3971,true,3,2,0
2681,584,true,2,1,0
2682,46317,true,5,4,0
2683,1144,true,2,1,0
2684,593,true,1,0,0
2685,1160,true,2,1,0
2686,541,true,1,0,0
2687,391,true,1,0,0
2688,1227,true,2,1,0
2689,469,true,1,0,0
2690,30106,true,2,1,0
2691,468,true,2,1,0
2692,748,true,1,0,0
2693,669,true,2,1,0
2694,676,true,1,0,0
2695,161450,true,3,2,0
2696,1854,true,3,2,0
2697,654,true,1,0,0
2698,838,true,1,0,0
2699,648,true,1,0,0
2700,724,true,1,0,0
2701,673,true,1,0,0
2702,321118,true,3,2,0
2703,602,true,1,0,0
2704,483,true,1,0,0
2705,644,true,1,0,0
2706,2038,true,5,4,0
2707,3108,true,3,2,0
2708,472,true,1,0,0
2709,872,true,1,0,0
2710,256,true,1,0,0
2711,492,true,1,0,0
2712,428,true,1,0,0
2713,329,true,1,0,0
2714,1006,true,3,2,0
2715,313,true,1,0,0
2716,51820,true,2,1,0
2717,1780,true,4,3,0
2718,384,true,1,0,0
2719,79231,true,2,0,1
2720,302165,true,2,1,0
2721,714,true,1,0,0
2722,394,true,1,0,0
2723,446,true,1,0,0
2724,246,true,2,1,0
2725,2165,true,3,2,0
2726,5619,true,2,1,0
2727,407,true,1,0,0
2728,686,true,2,1,0
2729,541,true,1,0,0
2730,359,true,1,0,0
2731,181411,true,4,2,1
2732,2225,true,3,2,0
2733,438,true,1,0,0
2734,4009,true,2,1,0
2735,68676,true,3,1,1
2736,568,true,1,0,0
2737,1355,true,3,2,0
2738,1477,true,3,2,0
2739,958,true,2,1,0
2740,725,true,1,0,0
2741,1574,true,2,1,0
2742,521,true,1,0,0
2743,505,true,1,0,0
2744,1747,true,2,1,0
2745,529,true,1,0,0
2746,849,true,1,0,0
2747,1712,true,2,1,0
2748,549,true,1,0,0
2749,403,true,1,0,0
2750,1630,true,2,1,0
2751,628,true,1,0,0
2752,632,true,1,0,0
2753,2638,true,3,2,0
2754,1109,true,2,1,0
2755,528,true,1,0,0
2756,563,true,1,0,0
2757,1140,true,2,1,0
2758,90755,true,2,0,1
2759,851,true,1,0,0
2760,503,true,1,0,0
2761,702,true,1,0,0
2762,356,true,1,0,0
2763,616,true,1,0,0
2764,502,true,1,0,0
2765,586,true,2,1,0
2766,701,true,1,0,0
2767,690,true,1,0,0
2768,963,true,2,1,0
2769,542,true,1,0,0
2770,457,true,1,0,0
2771,1209,true,2,1,0
2772,335,true,1,0,0
2773,2667,true,2,1,0
2774,135087,true,2,1,0
2775,696,true,1,0,0
2776,389,true,1,0,0
2777,4068,true,2,1,0
2778,7849,true,4,3,0
2779,1425,true,3,2,0
2780,731,true,2,1,0
2781,917,true,1,0,0
2782,376,true,1,0,0
2783,1263,true,2,1,0
2784,731,true,1,0,0
2785,848,true,1,0,0
2786,537,true,1,0,0
2787,721,true,1,0,0
2788,534,true,1,0,0
2789,21204,true,3,1,1
2790,640,true,2,1,0
2791,411,true,1,0,0
2792,520,true,2,1,0
2793,598,true,1,0,0
2794,1480,true,2,1,0
2795,548,true,1,0,0
2796,525,true,1,0,0
2797,969,true,1,0,0
2798,468,true,1,0,0
2799,669,true,1,0,0
2800,685,true,1,0,0
2801,8587,true,2,1,0
2802,606,true,1,0,0
2803,435,true,1,0,0
2804,632,true,1,0,0
2805,3116,true,3,2,0
2806,555,true,1,0,0
2807,860,true,1,0,0
2808,723,true,1,0,0
2809,393,true,1,0,0
2810,428,true,1,0,0
2811,703,true,1,0,0
2812,2238,true,2,1,0
2813,1402,true,2,1,0
2814,702,true,1,0,0
2815,2329,true,4,3,0
2816,597,true,1,0,0
2817,1473,true,2,1,0
2818,516,true,1,0,0
2819,1041,true,1,0,0
2820,1663,true,4,3,0
2821,423,true,1,0,0
2822,999,true,1,0,0
2823,618,true,1,0,0
2824,1202,true,1,0,0
2825,12455,true,3,2,0
2826,3247,true,1,0,0
2827,734,true,1,0,0
2828,815,true,1,0,0
2829,361364,true,3,2,0
2830,646,true,1,0,0
2831,573,true,1,0,0
2832,772,true,2,1,0
2833,468,true,1,0,0
2834,385,true,1,0,0
2835,961,true,2,1,0
2836,552,true,1,0,0
2837,35923,true,2,0,1
2838,730,true,2,1,0
2839,926,true,2,1,0
2840,441,true,1,0,0
2841,331,true,1,0,0
2842,819,true,2,1,0
2843,514,true,2,1,0
2844,330,true,1,0,0
2845,1003,true,2,1,0
2846,1709,true,1,0,0
2847,424,true,1,0,0
2848,394,true,1,0,0
2849,381,true,1,0,0
2850,623,true,1,0,0
2851,1077,true,2,1,0
2852,49062,true,5,3,1
2853,1315,true,3,2,0
2854,29907,true,2,1,0
2855,1339,true,5,4,0
2856,318,true,1,0,0
2857,681,true,1,0,0
2858,1277,true,2,1,0
2859,470,true,1,0,0
2860,1380,true,2,1,0
2861,2075,true,4,3,0
2862,757,true,1,0,0
2863,8183,true,2,1,0
2864,428,true,1,0,0
2865,359,true,1,0,0
2866,869,true,3,2,0
2867,440,true,1,0,0
2868,787,true,1,0,0
2869,653,true,1,0,0
2870,300,true,1,0,0
2871,589,true,2,1,0
2872,590,true,1,0,0
2873,73148,true,2,1,0
2874,123081,true,4,3,0
2875,962,true,2,1,0
2876,608,true,1,0,0
2877,6062,true,3,2,0
2878,2706,true,3,2,0
2879,1199,true,2,1,0
2880,567,true,1,0,0
2881,1391,true,2,1,0
2882,663,true,1,0,0
2883,1804,true,3,2,0
2884,600,true,1,0,0
2885,619,true,2,1,0
2886,854,true,1,0,0
2887,670,true,1,0,0
2888,558,true,1,0,0
2889,413,true,1,0,0
2890,248,true,1,0,0
2891,487,true,1,0,0
2892,1344,true,2,1,0
2893,647,true,1,0,0
2894,829,true,1,0,0
2895,1236,true,2,1,0
2896,2166,true,2,1,0
2897,496,true,1,0,0
2898,366,true,1,0,0
2899,507,true,1,0,0
2900,725,true,1,0,0
2901,767,true,1,0,0
2902,717,true,1,0,0
2903,564,true,2,1,0
2904,465,true,1,0,0
2905,1243,true,2,1,0
2906,551,true,1,0,0
2907,771,true,1,0,0
2908,573,true,2,1,0
2909,589,true,1,0,0
2910,21126,true,8,7,0
2911,397,true,1,0,0
2912,1350,true,1,0,0
2913,381,true,1,0,0
2914,1075,true,1,0,0
2915,57686,true,1,0,0
2916,1030,true,2,1,0
2917,916,true,1,0,0
2918,623,true,1,0,0
2919,907,true,2,1,0
2920,504,true,1,0,0
2921,1845,true,1,0,0
2922,423,true,1,0,0
2923,749,true,1,0,0
2924,2675,true,4,3,0
2925,708,true,1,0,0
2926,259151,true,2,0,1
2927,871,true,1,0,0
2928,917,true,3,2,0
2929,3129,true,2,1,0
2930,769,true,1,0,0
2931,624,true,1,0,0
2932,512,true,1,0,0
2933,837,true,2,1,0
2934,585,true,1,0,0
2935,560,true,1,0,0
2936,23137,true,4,3,0
2937,306326,true,5,4,0
2938,619,true,1,0,0
2939,429,true,1,0,0
2940,1353,true,3,2,0
2941,1628,true,2,1,0
2942,731,true,1,0,0
2943,1092,true,2,1,0
2944,2706,true,4,3,0
2945,10690,true,5,4,0
2946,4206,true,2,1,0
2947,81155,true,1,0,0
2948,2800,true,1,0,0
2949,1424,true,2,1,0
2950,1650,true,2,1,0
2951,786,true,1,0,0
2952,8475,true,2,1,0
2953,555,true,1,0,0
2954,366,true,1,0,0
2955,727,true,1,0,0
2956,33946,true,1,0,0
2957,5450,true,2,1,0
2958,724,true,2,1,0
2959,435,true,1,0,0
2960,1353,true,2,1,0
2961,467,true,1,0,0
2962,528,true,1,0,0
2963,631,true,1,0,0
2964,4628,true,3,2,0
2965,10433,true,1,0,0
2966,1409,true,4,3,0
2967,421,true,1,0,0
2968,1763,true,3,2,0
2969,2535,true,5,4,0
2970,885,true,1,0,0
2971,477,true,1,0,0
2972,114326,true,2,0,1
2973,709,true,2,1,0
2974,971,true,3,2,0
2975,648,true,1,0,0
2976,829,true,1,0,0
2977,507,true,1,0,0
2978,803,true,1,0,0
2979,13857,true,2,1,0
2980,818,true,1,0,0
2981,7927,true,2,1,0
2982,3486,true,5,4,0
2983,360452,true,2,1,0
2984,310,true,1,0,0
2985,449,true,1,0,0
2986,5109,true,4,3,0
2987,297,true,1,0,0
2988,5987,true,7,6,0
2989,437,true,1,0,0
2990,580,true,1,0,0
2991,743,true,2,1,0
2992,4444,true,5,4,0
2993,531,true,2,1,0
2994,462,true,1,0,0
2995,491,true,1,0,0
2996,40497,true,4,2,1
2997,1965,true,4,3,0
2998,591748,true,2,0,1
2999,1454,true,3,2,0
3000,577,true,1,0,0
3001,1456,true,2,1,0
3002,534,true,1,0,0
3003,713,true,1,0,0
3004,1128,true,2,1,0
3005,834,true,1,0,0
3006,358175,true,3,2,0
3007,478,true,1,0,0
3008,428,true,1,0,0
3009,442,true,1,0,0
3010,6502,true,7,6,0
3011,79358,true,2,1,0
3012,231,true,1,0,0
3013,885,true,2,1,0
3014,802,true,1,0,0
3015,270,true,1,0,0
3016,402,true,1,0,0
3017,942,true,1,0,0
3018,489,true,1,0,0
3019,713,true,1,0,0
3020,314,true,1,0,0
3021,534,true,1,0,0
3022,714,true,1,0,0
3023,672,true,2,1,0
3024,362,true,2,1,0
3025,454,true,1,0,0
3026,408,true,1,0,0
3027,567,true,1,0,0
3028,538,true,1,0,0
3029,502,true,1,0,0
3030,179101,true,2,1,0
3031,50883,true,3,1,1
3032,464,true,1,0,0
3033,692,true,1,0,0
3034,7236,true,4,3,0
3035,3537,true,5,4,0
3036,577,true,1,0,0
3037,851,true,2,1,0
3038,1220,true,2,1,0
3039,1441,true,2,1,0
3040,303,true,1,0,0
3041,571,true,1,0,0
3042,1676,true,3,2,0
3043,481,true,1,0,0
3044,1003,true,1,0,0
3045,658,true,1,0,0
3046,402,true,1,0,0
3047,486,true,1,0,0
3048,668,true,1,0,0
3049,4737,true,2,1,0
3050,508,true,1,0,0
3051,554,true,1,0,0
3052,379,true,1,0,0
3053,385,true,1,0,0
3054,414,true,1,0,0
3055,1270,true,3,2,0
3056,741,true,2,1,0
3057,604,true,1,0,0
3058,76160,true,2,1,0
3059,1430,true,2,1,0
3060,638,true,1,0,0
3061,575,true,1,0,0
3062,2394,true,2,1,0
3063,637,true,2,1,0
3064,680,true,2,1,0
3065,19472,true,2,0,1
3066,853,true,1,0,0
3067,2762,true,2,1,0
3068,788,true,1,0,0
3069,604,true,1,0,0
3070,2648,true,3,2,0
3071,3778,true,2,1,0
3072,1751,true,2,1,0
3073,2686,true,5,4,0
3074,436,true,1,0,0
3075,340,true,1,0,0
3076,1445,true,3,2,0
3077,1529,true,1,0,0
3078,529,true,1,0,0
3079,713,true,2,1,0
3080,5300,true,4,3,0
3081,673,true,1,0,0
3082,1050,true,2,1,0
3083,348,true,1,0,0
3084,1538,true,2,1,0
3085,387,true,1,0,0
3086,1257,true,2,1,0
3087,811,true,3,2,0
3088,554,true,1,0,0
3089,503,true,1,0,0
3090,556,true,1,0,0
3091,951,true,1,0,0
3092,220320,true,6,4,1
3093,682,true,1,0,0
3094,1170,true,2,1,0
3095,1266,true,3,2,0
3096,1297,true,3,2,0
3097,8579,true,2,1,0
3098,422,true,1,0,0
3099,624,true,1,0,0
3100,1173,true,1,0,0
3101,785,true,2,1,0
3102,1008,true,1,0,0
3103,1524,true,2,1,0
3104,6952,true,4,3,0
3105,746,true,2,1,0
3106,16640,true,3,1,1
3107,486,true,1,0,0
3108,23379,true,2,1,0
3109,99449,true,7,5,1
3110,1097,true,3,2,0
3111,540,true,1,0,0
3112,882,true,1,0,0
3113,458,true,1,0,0
3114,55599,true,2,0,1
3115,321,true,1,0,0
3116,1357,true,4,3,0
3117,417,true,2,1,0
3118,381,true,1,0,0
3119,912,true,1,0,0
3120,2420,true,1,0,0
3121,500,true,2,1,0
3122,1997,true,3,2,0
3123,421,true,2,1,0
3124,1521,true,2,1,0
3125,2192,true,3,2,0
3126,350,true,1,0,0
3127,431,true,1,0,0
3128,781,true,3,2,0
3129,565,true,1,0,0
3130,405,true,1,0,0
3131,568,true,1,0,0
3132,22083,true,3,2,0
3133,290,true,1,0,0
3134,328,true,1,0,0
3135,329,true,1,0,0
3136,470,true,1,0,0
3137,430,true,2,1,0
3138,1384,true,2,1,0
3139,556,true,1,0,0
3140,2840,true,4,3,0
3141,444,true,1,0,0
3142,454,true,1,0,0
3143,423,true,1,0,0
3144,5355,true,4,3,0
3145,1233,true,5,4,0
3146,61934,true,4,3,0
3147,5164,true,3,2,0
3148,877,true,2,1,0
3149,506,true,1,0,0
3150,371,true,1,0,0
3151,303,true,1,0,0
3152,589,true,2,1,0
3153,681,true,2,1,0
3154,293,true,1,0,0
3155,655,true,1,0,0
3156,380,true,1,0,0
3157,283,true,1,0,0
3158,583,true,2,1,0
3159,357,true,1,0,0
3160,23159,true,4,3,0
3161,672,true,2,1,0
3162,596,true,2,1,0
3163,1194,true,1,0,0
3164,8050,true,1,0,0
3165,1288,true,3,2,0
3166,289,true,1,0,0
3167,450,true,1,0,0
3168,233,true,1,0,0
3169,1013,true,3,2,0
3170,207,true,1,0,0
3171,208,true,1,0,0
3172,16948,true,7,6,0
3173,514,true,1,0,0
3174,1009,true,1,0,0
3175,149939,true,2,1,0
3176,524,true,1,0,0
3177,2404,true,3,2,0
3178,21747,true,3,1,1
3179,325,true,1,0,0
3180,1213,true,4,3,0
3181,1725,true,1,0,0
3182,356,true,1,0,0
3183,390,true,1,0,0
3184,347,true,1,0,0
3185,1038,true,3,2,0
3186,193,true,1,0,0
3187,5769,true,2,1,0
3188,466,true,1,0,0
3189,449,true,1,0,0
3190,526,true,2,1,0
3191,605,true,2,1,0
3192,10372,true,2,0,1
3193,2114,true,3,2,0
3194,509,true,1,0,0
3195,2578,true,1,0,0
3196,763,true,1,0,0
3197,2136,true,4,3,0
3198,679,true,2,1,0
3199,580,true,1,0,0
3200,445,true,1,0,0
3201,794,true,1,0,0
3202,750,true,1,0,0
3203,734,true,1,0,0
3204,668,true,1,0,0
3205,520,true,1,0,0
3206,523,true,1,0,0
3207,9392,true,2,1,0
3208,895,true,1,0,0
3209,49443,true,2,0,1
3210,803,true,1,0,0
3211,474,true,1,0,0
3212,825,true,1,0,0
3213,10756,true,2,1,0
3214,521,true,1,0,0
3215,579,true,1,0,0
3216,171005,true,4,2,1
3217,738,true,1,0,0
3218,927,true,3,2,0
3219,508,true,1,0,0
3220,2056,true,1,0,0
3221,688,true,1,0,0
3222,352,true,1,0,0
3223,966,true,1,0,0
3224,804,true,1,0,0
3225,667,true,1,0,0
3226,581,true,1,0,0
3227,719,true,2,1,0
3228,2336,true,3,2,0
3229,523,true,1,0,0
3230,1414,true,2,1,0
3231,641,true,1,0,0
3232,795,true,1,0,0
3233,939,true,1,0,0
3234,171994,true,4,2,1
3235,402,true,1,0,0
3236,336,true,1,0,0
3237,384,true,1,0,0
3238,180,true,1,0,0
3239,686,true,1,0,0
3240,349,true,1,0,0
3241,567,true,2,1,0
3242,2879,true,4,3,0
3243,268,true,1,0,0
3244,1394,true,2,1,0
3245,995,true,3,2,0
3246,440,true,1,0,0
3247,455,true,1,0,0
3248,3338,true,4,3,0
3249,446,true,2,1,0
3250,1716,true,4,3,0
3251,1008,true,4,3,0
3252,321,true,1,0,0
3253,476,true,1,0,0
3254,741,true,1,0,0
3255,1756,true,4,3,0
3256,814,true,3,2,0
3257,1365,true,3,2,0
3258,508,true,1,0,0
3259,394,true,1,0,0
3260,317,true,1,0,0
3261,416,true,2,1,0
3262,313,true,2,1,0
3263,499,true,3,2,0
3264,357,true,2,1,0
3265,466,true,1,0,0
3266,1151,true,2,1,0
3267,1476,true,1,0,0
3268,1327,true,4,3,0
3269,513,true,1,0,0
3270,2166,true,1,0,0
3271,740,true,3,2,0
3272,12595,true,3,1,1
3273,711,true,1,0,0
3274,2086,true,2,1,0
3275,374,true,1,0,0
3276,288320,true,2,1,0
3277,403,true,2,1,0
3278,792,true,2,1,0
3279,514,true,1,0,0
3280,325,true,1,0,0
3281,3478,true,7,6,0
3282,22684,true,2,0,1
3283,1060,true,2,1,0
3284,880,true,1,0,0
3285,42897,true,2,0,1
3286,274,true,1,0,0
3287,1730,true,4,3,0
3288,359,true,1,0,0
3289,17970,true,6,5,0
3290,524,true,1,0,0
3291,572,true,1,0,0
3292,568,true,1,0,0
3293,433,true,1,0,0
3294,818,true,2,1,0
3295,571,true,1,0,0
3296,1625,true,3,2,0
3297,292,true,1,0,0
3298,1524,true,2,1,0
3299,1055,true,4,3,0
3300,291,true,1,0,0
3301,368,true,1,0,0
3302,2611,true,1,0,0
3303,668,true,1,0,0
3304,431,true,1,0,0
3305,416,true,1,0,0
3306,358,true,1,0,0
3307,1188,true,3,2,0
3308,361031,true,3,2,0
3309,807,true,1,0,0
3310,1271,true,1,0,0
3311,948,true,1,0,0
3312,491,true,2,1,0
3313,2140,true,1,0,0
3314,1756,true,4,3,0
3315,1145,true,2,1,0
3316,650,true,1,0,0
3317,562,true,1,0,0
3318,778,true,1,0,0
3319,303,true,1,0,0
3320,652,true,1,0,0
3321,559,true,1,0,0
3322,1250,true,3,2,0
3323,518,true,1,0,0
3324,1469,true,3,2,0
3325,584,true,1,0,0
3326,1019,true,1,0,0
3327,1362,true,2,1,0
3328,552,true,1,0,0
3329,1825,true,1,0,0
3330,502,true,1,0,0
3331,790,true,2,1,0
3332,659,true,1,0,0
3333,703,true,1,0,0
3334,573,true,1,0,0
3335,705355,true,2,1,0
3336,921,true,2,1,0
3337,389,true,1,0,0
3338,402,true,1,0,0
3339,3324,true,3,2,0
3340,663,true,1,0,0
3341,309,true,1,0,0
3342,595,true,2,1,0
3343,535,true,1,0,0
3344,1018,true,3,2,0
3345,980,true,3,2,0
3346,275,true,1,0,0
3347,319,true,1,0,0
3348,770,true,2,1,0
3349,446,true,1,0,0
3350,600,true,2,1,0
3351,411,true,1,0,0
3352,542,true,1,0,0
3353,356,true,1,0,0
3354,111593,true,4,2,1
3355,530,true,1,0,0
3356,315,true,1,0,0
3357,1272,true,3,2,0
3358,21010,true,4,3,0
3359,685,true,1,0,0
3360,431,true,1,0,0
3361,521,true,1,0,0
3362,573,true,2,1,0
3363,455,true,1,0,0
3364,5148,true,3,2,0
3365,327,true,2,1,0
3366,345,true,1,0,0
3367,517,true,1,0,0
3368,1661,true,5,4,0
3369,901,true,1,0,0
3370,474,true,1,0,0
3371,723,true,1,0,0
3372,47578,true,4,2,1
3373,460,true,1,0,0
3374,1010,true,3,2,0
3375,257,true,1,0,0
3376,32153,true,4,2,1
3377,345,true,2,1,0
3378,675,true,2,1,0
3379,512,true,1,0,0
3380,647,true,1,0,0
3381,709,true,1,0,0
3382,823,true,2,1,0
3383,813,true,1,0,0
3384,450,true,1,0,0
3385,3281,true,4,3,0
3386,636,true,1,0,0
3387,390,true,1,0,0
3388,250319,true,5,4,0
3389,359,true,1,0,0
3390,682,true,1,0,0
3391,204,true,1,0,0
3392,1024,true,2,1,0
3393,451,true,1,0,0
3394,749,true,1,0,0
3395,342,true,1,0,0
3396,31558,true,4,2,1
3397,7014,true,5,4,0
3398,505,true,1,0,0
3399,313,true,1,0,0
3400,277,true,1,0,0
3401,377,true,2,1,0
3402,462,true,1,0,0
3403,338295,true,1,0,0
3404,483,true,1,0,0
3405,990,true,2,1,0
3406,351,true,1,0,0
3407,374,true,1,0,0
3408,353,true,1,0,0
3409,599,true,1,0,0
3410,521,true,1,0,0
3411,49388,true,4,3,0
3412,331,true,1,0,0
3413,529,true,1,0,0
3414,5574,true,1,0,0
3415,738,true,3,2,0
3416,341600,true,3,1,1
3417,1135,true,3,2,0
3418,687,true,2,1,0
3419,447,true,1,0,0
3420,1871,true,3,2,0
3421,37384,true,5,3,1
3422,341,true,1,0,0
3423,476,true,1,0,0
3424,509,true,1,0,0
3425,641,true,1,0,0
3426,63314,true,1,0,0
3427,863,true,2,1,0
3428,435,true,1,0,0
3429,659,true,1,0,0
3430,785,true,2,1,0
3431,612,true,2,1,0
3432,348,true,2,1,0
3433,7855,true,2,1,0
3434,353,true,1,0,0
3435,516,true,1,0,0
3436,435,true,1,0,0
3437,460,true,2,1,0
3438,314,true,1,0,0
3439,633,true,1,0,0
3440,394,true,1,0,0
3441,564,true,2,1,0
3442,413,true,1,0,0
3443,822,true,1,0,0
3444,360,true,1,0,0
3445,346,true,1,0,0
3446,493,true,1,0,0
3447,3068,true,4,3,0
3448,391,true,1,0,0
3449,361,true,1,0,0
3450,474,true,1,0,0
3451,364,true,1,0,0
3452,352,true,1,0,0
3453,457,true,1,0,0
3454,1778,true,5,4,0
3455,394,true,2,1,0
3456,484,true,1,0,0
3457,2353,true,5,4,0
3458,703,true,1,0,0
3459,340,true,1,0,0
3460,1706,true,4,3,0
3461,637,true,1,0,0
3462,3774,true,2,1,0
3463,238,true,1,0,0
3464,413,true,3,2,0
3465,756,true,2,1,0
3466,16839,true,4,2,1
3467,453,true,1,0,0
3468,30680,true,4,2,1
3469,7417,true,2,1,0
3470,759,true,1,0,0
3471,724,true,1,0,0
3472,910,true,1,0,0
3473,102040,true,3,1,1
3474,319,true,1,0,0
3475,293,true,1,0,0
3476,776,true,2,1,0
3477,497,true,1,0,0
3478,19671,true,2,0,1
3479,350,true,1,0,0
3480,449,true,1,0,0
3481,4784,true,2,1,0
3482,413,true,1,0,0
3483,780,true,2,1,0
3484,3573,true,2,1,0
3485,331,true,2,1,0
3486,539,true,1,0,0
3487,385,true,1,0,0
3488,419,true,1,0,0
3489,761,true,3,2,0
3490,558,true,1,0,0
3491,543,true,1,0,0
3492,350,true,1,0,0
3493,620,true,1,0,0
3494,569,true,1,0,0
3495,889,true,2,1,0
3496,544,true,1,0,0
3497,437,true,2,1,0
3498,663,true,2,1,0
3499,1601,true,1,0,0
3500,426,true,2,1,0
3501,1109,true,3,2,0
3502,953,true,2,1,0
3503,9094,true,3,1,1
3504,652,true,1,0,0
3505,552,true,1,0,0
3506,527,true,2,1,0
3507,1074,true,2,1,0
3508,823,true,1,0,0
3509,823,true,2,1,0
3510,3452,true,5,4,0
3511,375,true,1,0,0
3512,541,true,2,1,0
3513,345,true,1,0,0
3514,809,true,2,1,0
3515,177939,true,1,0,0
3516,332,true,1,0,0
3517,285,true,2,1,0
3518,419,true,1,0,0
3519,705,true,2,1,0
3520,2506,true,3,2,0
3521,711,true,3,2,0
3522,980,true,2,1,0
3523,403,true,1,0,0
3524,1246,true,2,1,0
3525,362,true,1,0,0
3526,416,true,2,1,0
3527,423,true,1,0,0
3528,288,true,1,0,0
3529,338,true,1,0,0
3530,459,true,1,0,0
3531,1478,true,3,2,0
3532,12736,true,3,2,0
3533,775,true,2,1,0
3534,270,true,1,0,0
3535,137032,true,3,1,1
3536,528,true,1,0,0
3537,887,true,2,1,0
3538,338,true,1,0,0
3539,404,true,1,0,0
3540,128570,true,4,1,2
3541,439,true,1,0,0
3542,393,true,1,0,0
3543,550,true,1,0,0
3544,419,true,1,0,0
3545,347,true,1,0,0
3546,636,true,4,3,0
3547,445,true,1,0,0
3548,737,true,2,1,0
3549,697,true,2,1,0
3550,249,true,1,0,0
3551,258,true,1,0,0
3552,1055,true,3,2,0
3553,1362,true,3,2,0
3554,458,true,1,0,0
3555,912,true,2,1,0
3556,403,true,2,1,0
3557,390,true,1,0,0
3558,60553,true,5,4,0
3559,1244,true,2,1,0
3560,405,true,1,0,0
3561,593,true,1,0,0
3562,777,true,1,0,0
3563,1843,true,1,0,0
3564,418,true,1,0,0
3565,583,true,1,0,0
3566,2448,true,1,0,0
3567,86012,true,3,2,0
3568,267,true,1,0,0
3569,428,true,1,0,0
3570,1361,true,3,2,0
3571,10339,true,3,2,0
3572,299,true,1,0,0
3573,288,true,1,0,0
3574,365,true,1,0,0
3575,5571,true,4,3,0
3576,2955,true,5,4,0
3577,428,true,1,0,0
3578,539,true,1,0,0
3579,200,true,1,0,0
3580,283,true,1,0,0
3581,3171,true,3,2,0
3582,380,true,1,0,0
3583,331,true,1,0,0
3584,386,true,1,0,0
3585,563,true,1,0,0
3586,635,true,3,2,0
3587,19878,true,3,2,0
3588,466,true,1,0,0
3589,54243,true,4,2,1
3590,434,true,1,0,0
3591,540,true,1,0,0
3592,7106,true,2,1,0
3593,2018,true,2,1,0
3594,727,true,2,1,0
3595,259,true,1,0,0
3596,92792,true,5,3,1
3597,363,true,1,0,0
3598,404,true,1,0,0
3599,734,true,2,1,0
3600,616,true,2,1,0
3601,498,true,1,0,0
3602,2020,true,4,3,0
3603,294,true,1,0,0
3604,17549,true,3,2,0
3605,336,true,1,0,0
3606,3736,true,2,1,0
3607,624,true,3,2,0
3608,341921,true,2,1,0
3609,632,true,2,1,0
3610,975,true,2,1,0
3611,624,true,2,1,0
3612,533,true,1,0,0
3613,608,true,1,0,0
3614,863,true,1,0,0
3615,483,true,1,0,0
3616,647,true,2,1,0
3617,239,true,1,0,0
3618,572,true,2,1,0
3619,383,true,1,0,0
3620,45981,true,5,3,1
3621,432,true,1,0,0
3622,507,true,1,0,0
3623,429,true,1,0,0
3624,335,true,1,0,0
3625,327,true,1,0,0
3626,236,true,1,0,0
3627,263,true,1,0,0
3628,313,true,1,0,0
3629,550,true,1,0,0
3630,31711,true,3,2,0
3631,1407,true,3,2,0
3632,1709,true,2,1,0
3633,647,true,2,1,0
3634,492,true,1,0,0
3635,923,true,2,1,0
3636,192066,true,1,0,0
3637,629,true,1,0,0
3638,449,true,1,0,0
3639,369,true,1,0,0
3640,441,true,1,0,0
3641,1339,true,3,2,0
3642,1210,true,2,1,0
3643,294,true,1,0,0
3644,829,true,1,0,0
3645,409,true,1,0,0
3646,427,true,1,0,0
3647,379,true,1,0,0
3648,269,true,1,0,0
3649,73171,true,2,0,1
3650,319,true,1,0,0
3651,237,true,1,0,0
3652,601,true,2,1,0
3653,340,true,2,1,0
3654,258,true,1,0,0
3655,261,true,1,0,0
3656,470,true,1,0,0
3657,1474,true,3,2,0
3658,744,true,2,1,0
3659,290,true,1,0,0
3660,21854,true,3,2,0
3661,519,true,2,1,0
3662,368,true,1,0,0
3663,16885,true,2,0,1
3664,1235,true,4,3,0
3665,15609,true,3,1,1
3666,331,true,1,0,0
3667,1225,true,3,2,0
3668,1774,true,1,0,0
3669,908,true,2,1,0
3670,851,true,1,0,0
3671,725,true,1,0,0
3672,43444,true,5,3,1
3673,364,true,1,0,0
3674,2970,true,2,1,0
3675,372,true,1,0,0
3676,729,true,2,1,0
3677,311,true,1,0,0
3678,1322,true,2,1,0
3679,504,true,1,0,0
3680,100061,true,3,2,0
3681,441,true,1,0,0
3682,1203,true,2,1,0
3683,681,true,1,0,0
3684,554,true,1,0,0
3685,356,true,1,0,0
3686,666,true,1,0,0
3687,1653,true,3,2,0
3688,720,true,2,1,0
3689,361,true,1,0,0
3690,467,true,1,0,0
3691,7794,true,2,1,0
3692,542,true,1,0,0
3693,472,true,1,0,0
3694,308,true,1,0,0
3695,274,true,1,0,0
3696,476,true,1,0,0
3697,511,true,1,0,0
3698,337,true,1,0,0
3699,628,true,1,0,0
3700,418,true,2,1,0
3701,1238,true,3,2,0
3702,305,true,1,0,0
3703,383,true,1,0,0
3704,627,true,1,0,0
3705,991,true,3,2,0
3706,464,true,2,1,0
3707,432,true,1,0,0
3708,265,true,1,0,0
3709,492,true,2,1,0
3710,356,true,1,0,0
3711,329,true,1,0,0
3712,289,true,1,0,0
3713,87404,true,2,0,1
3714,262,true,1,0,0
3715,633,true,1,0,0
3716,595,true,2,1,0
3717,93415,true,2,0,1
3718,331,true,1,0,0
3719,300,true,1,0,0
3720,409,true,1,0,0
3721,287,true,1,0,0
3722,989,true,2,1,0
3723,342,true,1,0,0
3724,716,true,2,1,0
3725,445931,true,4,3,0
3726,1188,true,3,2,0
3727,716,true,1,0,0
3728,386,true,1,0,0
3729,512,true,2,1,0
3730,641,true,1,0,0
3731,2567,true,3,2,0
3732,675,true,1,0,0
3733,596,true,1,0,0
3734,386,true,1,0,0
3735,400,true,2,1,0
3736,348,true,1,0,0
3737,514,true,2,1,0
3738,454,true,1,0,0
3739,227262,true,1,0,0
3740,256,true,1,0,0
3741,646,true,1,0,0
3742,578,true,1,0,0
3743,29922,true,3,2,0
3744,1187,true,2,1,0
3745,608,true,1,0,0
3746,430,true,1,0,0
3747,469,true,2,1,0
3748,1249,true,2,1,0
3749,545,true,2,1,0
3750,1078,true,2,1,0
3751,406,true,1,0,0
3752,385,true,1,0,0
3753,267,true,1,0,0
3754,218,true,1,0,0
3755,1124,true,2,1,0
3756,474,true,1,0,0
3757,391,true,1,0,0
3758,798,true,2,1,0
3759,2549,true,4,3,0
3760,445,true,2,1,0
3761,385,true,1,0,0
3762,389,true,1,0,0
3763,357,true,1,0,0
3764,516,true,1,0,0
3765,1115,true,3,2,0
3766,666,true,3,2,0
3767,846,true,1,0,0
3768,284,true,1,0,0
3769,356,true,1,0,0
3770,435,true,1,0,0
3771,1061,true,2,1,0
3772,4016,true,1,0,0
3773,908,true,4,3,0
3774,722,true,1,0,0
3775,706,true,1,0,0
3776,974,true,2,1,0
3777,4743,true,1,0,0
3778,425,true,1,0,0
3779,652,true,3,2,0
3780,520,true,1,0,0
3781,320,true,1,0,0
3782,31458,true,2,0,1
3783,13122,true,3,2,0
3784,480,true,1,0,0
3785,260,true,1,0,0
3786,609,true,2,1,0
3787,387,true,1,0,0
3788,448,true,2,1,0
3789,426,true,1,0,0
3790,488,true,1,0,0
3791,530,true,1,0,0
3792,348,true,1,0,0
3793,269,true,1,0,0
3794,371,true,1,0,0
3795,419,true,1,0,0
3796,457,true,1,0,0
3797,328,true,1,0,0
3798,516,true,2,1,0
3799,11413,true,2,1,0
3800,448,true,2,1,0
3801,1331,true,2,1,0
3802,341,true,1,0,0
3803,4378,true,2,1,0
3804,208721,true,4,2,1
3805,359,true,1,0,0
3806,224,true,1,0,0
3807,600,true,1,0,0
3808,647,true,2,1,0
3809,423,true,1,0,0
3810,9275,true,2,1,0
3811,1583,true,3,2,0
3812,99591,true,5,3,1
3813,455,true,1,0,0
3814,365,true,1,0,0
3815,865,true,2,1,0
3816,68630,true,8,7,0
3817,258,true,2,1,0
3818,289,true,1,0,0
3819,391,true,1,0,0
3820,670,true,1,0,0
3821,635,true,1,0,0
3822,3130,true,1,0,0
3823,18549,true,3,2,0
3824,574,true,1,0,0
3825,318,true,1,0,0
3826,393,true,2,1,0
3827,434,true,1,0,0
3828,1543,true,2,1,0
3829,329160,true,2,1,0
3830,73594,true,3,2,0
3831,364,true,1,0,0
3832,448,true,1,0,0
3833,30083,true,3,2,0
3834,952,true,3,2,0
3835,569,true,1,0,0
3836,337,true,1,0,0
3837,438,true,1,0,0
3838,498,true,1,0,0
3839,250,true,1,0,0
3840,285,true,1,0,0
3841,669,true,3,2,0
3842,287,true,1,0,0
3843,240,true,1,0,0
3844,438,true,1,0,0
3845,437,true,1,0,0
3846,291,true,2,1,0
3847,291,true,1,0,0
3848,550,true,1,0,0
3849,2335,true,2,1,0
3850,394,true,1,0,0
3851,36580,true,1,0,0
3852,594,true,2,1,0
3853,1256,true,1,0,0
3854,403,true,1,0,0
3855,37527,true,1,0,0
3856,469,true,1,0,0
3857,240,true,1,0,0
3858,400,true,1,0,0
3859,573,true,1,0,0
3860,491,true,1,0,0
3861,420,true,1,0,0
3862,331,true,1,0,0
3863,104902,true,2,1,0
3864,499,true,3,2,0
3865,535,true,1,0,0
3866,12919,true,4,3,0
3867,746,true,3,2,0
3868,412,true,1,0,0
3869,170071,true,4,3,0
3870,1352,true,3,2,0
3871,384,true,1,0,0
3872,587,true,1,0,0
3873,519,true,1,0,0
3874,950,true,2,1,0
3875,704,true,1,0,0
3876,676,true,1,0,0
3877,353,true,2,1,0
3878,449,true,1,0,0
3879,28810,true,2,0,1
3880,394,true,1,0,0
3881,503,true,1,0,0
3882,265,true,1,0,0
3883,452,true,1,0,0
3884,1416,true,3,2,0
3885,619,true,3,2,0
3886,23421,true,4,3,0
3887,17923,true,5,4,0
3888,474,true,2,1,0
3889,855,true,2,1,0
3890,1144,true,2,1,0
3891,313,true,1,0,0
3892,727,true,1,0,0
3893,286,true,1,0,0
3894,408,true,1,0,0
3895,537,true,1,0,0
3896,625,true,2,1,0
3897,929,true,2,1,0
3898,583,true,1,0,0
3899,2641,true,2,1,0
3900,302,true,2,1,0
3901,697,true,1,0,0
3902,457,true,1,0,0
3903,1684,true,2,1,0
3904,1421,true,4,3,0
3905,36210,true,5,4,0
3906,355,true,1,0,0
3907,39064,true,3,1,1
3908,3306,true,5,4,0
3909,626,true,2,1,0
3910,267,true,1,0,0
3911,371,true,2,1,0
3912,1045,true,2,1,0
3913,383,true,2,1,0
3914,439,true,1,0,0
3915,316,true,1,0,0
3916,929,true,2,1,0
3917,315,true,1,0,0
3918,474,true,1,0,0
3919,23656,true,2,1,0
3920,294,true,1,0,0
3921,16353,true,4,3,0
3922,489,true,1,0,0
3923,408,true,1,0,0
3924,341,true,1,0,0
3925,590,true,2,1,0
3926,263,true,1,0,0
3927,5943,true,2,1,0
3928,464,true,1,0,0
3929,3460,true,2,1,0
3930,576,true,2,1,0
3931,409,true,1,0,0
3932,235,true,1,0,0
3933,1322,true,4,3,0
3934,842,true,1,0,0
3935,662,true,1,0,0
3936,1759,true,3,2,0
3937,1063,true,2,1,0
3938,639,true,1,0,0
3939,598,true,1,0,0
3940,537,true,1,0,0
3941,467,true,1,0,0
3942,446,true,1,0,0
3943,1592,true,1,0,0
3944,562,true,1,0,0
3945,685,true,2,1,0
3946,210,true,1,0,0
3947,758,true,2,1,0
3948,226,true,1,0,0
3949,267,true,1,0,0
3950,311,true,2,1,0
3951,276,true,1,0,0
3952,1048,true,2,1,0
3953,314,true,2,1,0
3954,3205,true,1,0,0
3955,841,true,1,0,0
3956,2230,true,3,2,0
3957,342,true,1,0,0
3958,854,true,2,1,0
3959,472,true,1,0,0
3960,909,true,3,2,0
3961,302,true,1,0,0
3962,538,true,1,0,0
3963,332,true,1,0,0
3964,909,true,1,0,0
3965,442,true,1,0,0
3966,542,true,2,1,0
3967,336,true,1,0,0
3968,357,true,1,0,0
3969,399,true,2,1,0
3970,2124,true,3,2,0
3971,469,true,1,0,0
3972,314,true,1,0,0
3973,1042,true,2,1,0
3974,1346,true,4,3,0
3975,1272,true,3,2,0
3976,934,true,2,1,0
3977,12419,true,4,3,0
3978,1339,true,2,1,0
3979,1028,true,3,2,0
3980,639,true,1,0,0
3981,447,true,1,0,0
3982,425,true,1,0,0
3983,1244,true,2,1,0
3984,84886,true,4,2,1
3985,352,true,2,1,0
3986,72439,true,4,3,0
3987,895,true,1,0,0
3988,515,true,1,0,0
3989,1156,true,2,1,0
3990,16045,true,2,1,0
3991,641,true,1,0,0
3992,488,true,1,0,0
3993,1239,true,4,3,0
3994,778,true,3,2,0
3995,316,true,1,0,0
3996,340,true,1,0,0
3997,520,true,1,0,0
3998,495,true,2,1,0
3999,1133,true,3,2,0
4000,540,true,2,1,0
4001,907,true,1,0,0
4002,12801,true,3,2,0
4003,255,true,1,0,0
4004,222443,true,5,4,0
4005,548,true,1,0,0
4006,387,true,1,0,0
4007,66191,true,6,5,0
4008,692,true,1,0,0
4009,297,true,1,0,0
4010,882,true,3,2,0
4011,279,true,1,0,0
4012,1050,true,1,0,0
4013,502851,true,4,3,0
4014,466,true,1,0,0
4015,666,true,1,0,0
4016,411,true,2,1,0
4017,867,true,2,1,0
4018,326,true,1,0,0
4019,580,true,1,0,0
4020,396,true,1,0,0
4021,154,true,1,0,0
4022,1206,true,1,0,0
4023,532,true,1,0,0
4024,753,true,1,0,0
4025,489,true,1,0,0
4026,1050,true,2,1,0
4027,12504,true,2,1,0
4028,837,true,2,1,0
4029,506,true,1,0,0
4030,3896,true,3,2,0
4031,842,true,1,0,0
4032,375,true,2,1,0
4033,803,true,2,1,0
4034,73324,true,4,2,1
4035,445,true,1,0,0
4036,5661,true,1,0,0
4037,459,true,1,0,0
4038,622,true,2,1,0
4039,2220,true,3,2,0
4040,511,true,1,0,0
4041,895,true,2,1,0
4042,3061,true,3,2,0
4043,11841,true,2,0,1
4044,675,true,2,1,0
4045,343,true,1,0,0
4046,136701,true,4,3,0
4047,6484,true,5,4,0
4048,397,true,2,1,0
4049,458,true,2,1,0
4050,268746,true,2,1,0
4051,494,true,1,0,0
4052,877,true,2,1,0
4053,246153,true,3,2,0
4054,368,true,1,0,0
4055,301,true,1,0,0
4056,270,true,1,0,0
4057,502,true,1,0,0
4058,228,true,1,0,0
4059,449,true,1,0,0
4060,105542,true,2,1,0
4061,428,true,1,0,0
4062,432,true,1,0,0
4063,403,true,1,0,0
4064,1033,true,2,1,0
4065,310,true,1,0,0
4066,4003,true,4,3,0
4067,540,true,1,0,0
4068,585,true,1,0,0
4069,1990,true,3,2,0
4070,595,true,1,0,0
4071,652,true,2,1,0
4072,795,true,1,0,0
4073,395,true,1,0,0
4074,567,true,2,1,0
4075,336838,true,4,2,1
4076,941,true,2,1,0
4077,9831,true,9,8,0
4078,1237,true,3,2,0
4079,385,true,1,0,0
4080,721,true,4,3,0
4081,1717,true,2,1,0
4082,601,true,2,1,0
4083,391,true,1,0,0
4084,62239,true,4,2,1
4085,565,true,1,0,0
4086,3303,true,1,0,0
4087,517,true,1,0,0
4088,323,true,1,0,0
4089,563,true,1,0,0
4090,563,true,1,0,0
4091,447,true,1,0,0
4092,428,true,1,0,0
4093,446,true,1,0,0
4094,839,true,3,2,0
4095,569,true,1,0,0
4096,335,true,1,0,0
4097,325,true,1,0,0
4098,314,true,1,0,0
4099,4977,true,2,1,0
4100,509,true,1,0,0
4101,702,true,3,2,0
4102,538,true,1,0,0
4103,366,true,1,0,0
4104,663,true,2,1,0
4105,627,true,1,0,0
4106,325,true,1,0,0
4107,308,true,1,0,0
4108,244,true,1,0,0
4109,365,true,1,0,0
4110,89923,true,3,2,0
4111,34329,true,4,2,1
4112,1636,true,5,4,0
4113,339,true,1,0,0
4114,23258,true,2,0,1
4115,504,true,1,0,0
4116,319,true,1,0,0
4117,273,true,1,0,0
4118,364,true,1,0,0
4119,858,true,2,1,0
4120,35851,true,2,0,1
4121,682,true,2,1,0
4122,15613,true,2,1,0
4123,398,true,1,0,0
4124,230,true,1,0,0
4125,4009,true,3,2,0
4126,317,true,1,0,0
4127,824,true,2,1,0
4128,8663,true,5,4,0
4129,120316,true,3,2,0
4130,2473,true,2,1,0
4131,1378,true,2,1,0
4132,549,true,1,0,0
4133,353,true,1,0,0
4134,340,true,1,0,0
4135,728,true,1,0,0
4136,308,true,1,0,0
4137,437,true,1,0,0
4138,889,true,4,3,0
4139,314,true,1,0,0
4140,767,true,2,1,0
4141,14238,true,3,2,0
4142,1059,true,4,3,0
4143,7516,true,2,1,0
4144,353,true,1,0,0
4145,40554,true,3,1,1
4146,1141,true,2,1,0
4147,43477,true,3,1,1
4148,300,true,1,0,0
4149,474,true,1,0,0
4150,319,true,1,0,0
4151,190,true,1,0,0
4152,391,true,1,0,0
4153,2210,true,3,2,0
4154,1774,true,3,2,0
4155,337,true,1,0,0
4156,691,true,1,0,0
4157,415,true,1,0,0
4158,432,true,1,0,0
4159,453,true,1,0,0
4160,428,true,1,0,0
4161,718,true,1,0,0
4162,1135,true,1,0,0
4163,392,true,1,0,0
4164,3186,true,4,3,0
4165,1218,true,2,1,0
4166,1067,true,1,0,0
4167,564,true,1,0,0
4168,1547,true,2,1,0
4169,26016,true,4,3,0
4170,4668,true,5,4,0
4171,4752,true,2,1,0
4172,469,true,2,1,0
4173,424,true,1,0,0
4174,626,true,2,1,0
4175,35871,true,3,1,1
4176,373,true,1,0,0
4177,340,true,1,0,0
4178,280,true,1,0,0
4179,425,true,1,0,0
4180,626,true,1,0,0
4181,443,true,1,0,0
4182,294,true,1,0,0
4183,372,true,1,0,0
4184,455,true,1,0,0
4185,471,true,1,0,0
4186,336,true,1,0,0
4187,13655,true,3,2,0
4188,627,true,1,0,0
4189,3993,true,4,3,0
4190,376,true,1,0,0
4191,489,true,1,0,0
4192,364,true,1,0,0
4193,618,true,2,1,0
4194,666,true,2,1,0
4195,586,true,1,0,0
4196,394,true,1,0,0
4197,734,true,1,0,0
4198,306,true,1,0,0
4199,728,true,3,2,0
4200,499,true,2,1,0
4201,330,true,2,1,0
4202,8278,true,3,2,0
4203,2923,true,3,2,0
4204,6417,true,7,6,0
4205,353,true,3,2,0
4206,1250,true,3,2,0
4207,779,true,2,1,0
4208,350,true,1,0,0
4209,443,true,1,0,0
4210,24435,true,3,1,1
4211,825,true,3,2,0
4212,325,true,1,0,0
4213,333,true,1,0,0
4214,745,true,1,0,0
4215,3257,true,3,2,0
4216,908,true,2,1,0
4217,618,true,1,0,0
4218,764,true,3,2,0
4219,1706,true,2,1,0
4220,783,true,3,2,0
4221,1774,true,2,1,0
4222,376,true,1,0,0
4223,74157,true,2,0,1
4224,544,true,3,2,0
4225,412,true,2,1,0
4226,1224,true,4,3,0
4227,305,true,1,0,0
4228,908,true,2,1,0
4229,834,true,1,0,0
4230,1680,true,2,1,0
4231,31817,true,2,0,1
4232,341,true,1,0,0
4233,437,true,1,0,0
4234,630,true,2,1,0
4235,2748,true,3,2,0
4236,425,true,1,0,0
4237,722,true,1,0,0
4238,282,true,1,0,0
4239,672,true,2,1,0
4240,526,true,2,1,0
4241,432,true,1,0,0
4242,634,true,1,0,0
4243,337,true,1,0,0
4244,343,true,1,0,0
4245,366,true,1,0,0
4246,429,true,1,0,0
4247,717,true,2,1,0
4248,236,true,1,0,0
4249,9514,true,4,3,0
4250,808,true,2,1,0
4251,318,true,1,0,0
4252,597,true,1,0,0
4253,9535,true,2,1,0
4254,339,true,1,0,0
4255,2422,true,4,3,0
4256,957,true,5,4,0
4257,1157,true,3,2,0
4258,848,true,3,2,0
4259,352,true,1,0,0
4260,908,true,3,2,0
4261,608,true,2,1,0
4262,1468,true,3,2,0
4263,709,true,2,1,0
4264,404,true,1,0,0
4265,1082,true,1,0,0
4266,356,true,1,0,0
4267,392,true,1,0,0
4268,460,true,1,0,0
4269,716,true,2,1,0
4270,752,true,2,1,0
4271,263,true,1,0,0
4272,444,true,1,0,0
4273,301,true,1,0,0
4274,369,true,1,0,0
4275,10910,true,5,3,1
4276,712,true,3,2,0
4277,351,true,1,0,0
4278,890,true,2,1,0
4279,837,true,1,0,0
4280,6675,true,2,1,0
4281,329381,true,3,2,0
4282,4085,true,2,1,0
4283,507,true,1,0,0
4284,1345,true,2,1,0
4285,257,true,1,0,0
4286,1430,true,2,1,0
4287,6846,true,2,1,0
4288,525,true,1,0,0
4289,752,true,2,1,0
4290,1909,true,2,1,0
4291,372,true,1,0,0
4292,291,true,1,0,0
4293,391,true,1,0,0
4294,1323,true,2,1,0
4295,538,true,1,0,0
4296,267,true,1,0,0
4297,502,true,1,0,0
4298,381,true,1,0,0
4299,2033,true,1,0,0
4300,809,true,1,0,0
4301,406,true,1,0,0
4302,2617,true,3,2,0
4303,491,true,1,0,0
4304,454,true,1,0,0
4305,370,true,1,0,0
4306,446,true,1,0,0
4307,690,true,2,1,0
4308,944,true,2,1,0
4309,3970,true,2,1,0
4310,498,true,1,0,0
4311,410,true,1,0,0
4312,764,true,2,1,0
4313,475,true,1,0,0
4314,303,true,3,2,0
4315,431,true,1,0,0
4316,363,true,1,0,0
4317,531,true,1,0,0
4318,563,true,1,0,0
4319,416,true,1,0,0
4320,2686,true,5,4,0
4321,414,true,1,0,0
4322,544,true,1,0,0
4323,239,true,1,0,0
4324,26281,true,4,3,0
4325,1199,true,1,0,0
4326,967,true,3,2,0
4327,824,true,1,0,0
4328,505,true,1,0,0
4329,2132,true,2,1,0
4330,544,true,1,0,0
4331,52171,true,4,2,1
4332,1484,true,3,2,0
4333,530,true,1,0,0
4334,505,true,1,0,0
4335,283,true,1,0,0
4336,284,true,1,0,0
4337,348,true,1,0,0
4338,379,true,1,0,0
4339,330,true,1,0,0
4340,763,true,2,1,0
4341,951,true,2,1,0
4342,1620,true,3,2,0
4343,973,true,2,1,0
4344,220,true,1,0,0
4345,13912,true,3,2,0
4346,44677,true,2,0,1
4347,471,true,1,0,0
4348,296,true,1,0,0
4349,420,true,1,0,0
4350,365,true,1,0,0
4351,6572,true,2,1,0
4352,548,true,1,0,0
4353,584,true,1,0,0
4354,113888,true,1,0,0
4355,10749,true,2,1,0
4356,546,true,2,1,0
4357,807,true,2,1,0
4358,320,true,1,0,0
4359,3105,true,3,2,0
4360,490,true,1,0,0
4361,614,true,1,0,0
4362,1185,true,2,1,0
4363,700,true,1,0,0
4364,426,true,1,0,0
4365,1939,true,2,1,0
4366,1359,true,3,2,0
4367,368,true,1,0,0
4368,292,true,1,0,0
4369,879,true,4,3,0
4370,391,true,1,0,0
4371,475,true,1,0,0
4372,739,true,1,0,0
4373,298,true,1,0,0
4374,393,true,1,0,0
4375,626,true,2,1,0
4376,317,true,1,0,0
4377,308,true,1,0,0
4378,295,true,1,0,0
4379,972,true,2,1,0
4380,547,true,2,1,0
4381,506,true,1,0,0
4382,955,true,3,2,0
4383,430,true,1,0,0
4384,1371,true,1,0,0
4385,864,true,3,2,0
4386,325,true,1,0,0
4387,529,true,2,1,0
4388,4804,true,2,1,0
4389,561,true,1,0,0
4390,519,true,1,0,0
4391,731,true,1,0,0
4392,1917,true,3,2,0
4393,2473,true,1,0,0
4394,252,true,1,0,0
4395,441,true,1,0,0
4396,60243,true,3,1,1
4397,322,true,1,0,0
4398,333,true,1,0,0
4399,245,true,1,0,0
4400,685,true,2,1,0
4401,243,true,1,0,0
4402,115005,true,4,2,1
4403,2543,true,2,1,0
4404,362,true,1,0,0
4405,549,true,1,0,0
4406,851,true,2,1,0
4407,478,true,2,1,0
4408,352,true,1,0,0
4409,2453,true,3,2,0
4410,350,true,1,0,0
4411,1476,true,3,2,0
4412,356,true,1,0,0
4413,1631,true,1,0,0
4414,1389,true,4,3,0
4415,44462,true,3,1,1
4416,241564,true,3,2,0
4417,611,true,1,0,0
4418,10056,true,2,1,0
4419,733,true,2,1,0
4420,466,true,1,0,0
4421,2154,true,3,2,0
4422,294,true,1,0,0
4423,319,true,1,0,0
4424,77258,true,3,2,0
4425,299,true,1,0,0
4426,252,true,1,0,0
4427,377,true,1,0,0
4428,637,true,1,0,0
4429,424,true,1,0,0
4430,288,true,1,0,0
4431,358,true,1,0,0
4432,562,true,1,0,0
4433,462,true,2,1,0
4434,42901,true,2,1,0
4435,469,true,1,0,0
4436,404,true,1,0,0
4437,430,true,1,0,0
4438,268,true,1,0,0
4439,492,true,1,0,0
4440,540,true,1,0,0
4441,507,true,1,0,0
4442,255366,true,2,1,0
4443,2791,true,3,2,0
4444,466,true,1,0,0
4445,4767,true,3,2,0
4446,865,true,1,0,0
4447,517,true,2,1,0
4448,382,true,1,0,0
4449,2204,true,4,3,0
4450,517,true,1,0,0
4451,404,true,2,1,0
4452,185,true,1,0,0
4453,258,true,1,0,0
4454,281,true,1,0,0
4455,259,true,1,0,0
4456,288,true,1,0,0
4457,811,true,1,0,0
4458,774,true,4,3,0
4459,917,true,2,1,0
4460,85614,true,2,1,0
4461,912,true,2,1,0
4462,435,true,1,0,0
4463,15993,true,2,1,0
4464,319,true,1,0,0
4465,2104,true,1,0,0
4466,318,true,2,1,0
4467,307,true,1,0,0
4468,810,true,2,1,0
4469,345,true,1,0,0
4470,2339,true,1,0,0
4471,490,true,1,0,0
4472,731,true,3,2,0
4473,257,true,1,0,0
4474,379,true,1,0,0
4475,973,true,2,1,0
4476,59104,true,5,3,1
4477,1164,true,2,1,0
4478,455,true,1,0,0
4479,326,true,1,0,0
4480,480,true,1,0,0
4481,593,true,1,0,0
4482,427,true,1,0,0
4483,646,true,1,0,0
4484,471,true,1,0,0
4485,2325,true,4,3,0
4486,19579,true,2,0,1
4487,422,true,2,1,0
4488,311,true,1,0,0
4489,265,true,1,0,0
4490,1029,true,2,1,0
4491,1026,true,2,1,0
4492,480,true,1,0,0
4493,592,true,2,1,0
4494,533,true,2,1,0
4495,33497,true,3,2,0
4496,505,true,1,0,0
4497,908,true,1,0,0
4498,746,true,1,0,0
4499,672,true,1,0,0
4500,870,true,1,0,0
4501,1089,true,2,1,0
4502,59329,true,4,2,1
4503,928,true,4,3,0
4504,460,true,1,0,0
4505,442,true,1,0,0
4506,13669,true,4,2,1
4507,377,true,1,0,0
4508,327,true,1,0,0
4509,5789,true,3,2,0
4510,2782,true,3,2,0
4511,290617,true,3,2,0
4512,692,true,1,0,0
4513,590,true,1,0,0
4514,662,true,1,0,0
4515,615,true,1,0,0
4516,1269,true,2,1,0
4517,63579,true,8,7,0
4518,969,true,2,1,0
4519,709,true,1,0,0
4520,332,true,1,0,0
4521,465,true,2,1,0
4522,286,true,1,0,0
4523,414,true,1,0,0
4524,820,true,2,1,0
4525,151845,true,3,1,1
4526,1414,true,4,3,0
4527,5681,true,6,5,0
4528,225,true,1,0,0
4529,368,true,1,0,0
4530,1117,true,2,1,0
4531,23949,true,6,5,0
4532,470,true,1,0,0
4533,470,true,2,1,0
4534,344,true,1,0,0
4535,420,true,1,0,0
4536,8719,true,6,5,0
4537,384,true,1,0,0
4538,554,true,1,0,0
4539,467,true,1,0,0
4540,916,true,1,0,0
4541,567,true,1,0,0
4542,1001,true,1,0,0
4543,574,true,1,0,0
4544,4987,true,2,1,0
4545,711,true,1,0,0
4546,315,true,1,0,0
4547,3870,true,3,2,0
4548,662,true,1,0,0
4549,362,true,1,0,0
4550,493,true,2,1,0
4551,696,true,3,2,0
4552,949,true,2,1,0
4553,1171,true,2,1,0
4554,361,true,1,0,0
4555,452,true,1,0,0
4556,603,true,1,0,0
4557,320,true,1,0,0
4558,667,true,2,1,0
4559,312,true,1,0,0
4560,39938,true,2,0,1
4561,267,true,1,0,0
4562,352,true,1,0,0
4563,439,true,1,0,0
4564,337,true,1,0,0
4565,445,true,1,0,0
4566,340,true,1,0,0
4567,1313,true,3,2,0
4568,341,true,1,0,0
4569,734,true,2,1,0
4570,356,true,2,1,0
4571,353,true,1,0,0
4572,503,true,3,2,0
4573,387,true,1,0,0
4574,21843,true,3,2,0
4575,495,true,1,0,0
4576,388,true,1,0,0
4577,10690,true,4,3,0
4578,327,true,1,0,0
4579,378,true,1,0,0
4580,1117,true,1,0,0
4581,1137,true,2,1,0
4582,64666,true,2,1,0
4583,521,true,2,1,0
4584,595,true,1,0,0
4585,371,true,1,0,0
4586,843,true,1,0,0
4587,708,true,1,0,0
4588,4281,true,2,1,0
4589,673,true,2,1,0
4590,485,true,1,0,0
4591,475,true,1,0,0
4592,4560,true,3,2,0
4593,366,true,1,0,0
4594,1228,true,1,0,0
4595,1335,true,3,2,0
4596,256,true,1,0,0
4597,870,true,1,0,0
4598,1021,true,2,1,0
4599,4160,true,2,1,0
4600,397,true,1,0,0
4601,3233,true,3,2,0
4602,714,true,2,1,0
4603,5038,true,3,2,0
4604,345,true,1,0,0
4605,407,true,1,0,0
4606,319,true,1,0,0
4607,693,true,2,1,0
4608,490,true,1,0,0
4609,1370,true,4,3,0
4610,23218,true,6,5,0
4611,405,true,1,0,0
4612,32755,true,10,9,0
4613,411,true,1,0,0
4614,349,true,2,1,0
4615,240,true,1,0,0
4616,407,true,1,0,0
4617,11600,true,3,2,0
4618,35144,true,3,2,0
4619,8005,true,2,1,0
4620,347,true,1,0,0
4621,1350,true,2,1,0
4622,447,true,1,0,0
4623,382,true,2,1,0
4624,552,true,1,0,0
4625,412,true,1,0,0
4626,18969,true,5,4,0
4627,834,true,3,2,0
4628,324,true,1,0,0
4629,11691,true,2,1,0
4630,1068,true,2,1,0
4631,1901,true,4,3,0
4632,1399,true,3,2,0
4633,367,true,1,0,0
4634,36304,true,2,0,1
4635,365,true,1,0,0
4636,297,true,1,0,0
4637,223,true,1,0,0
4638,117445,true,1,0,0
4639,703,true,1,0,0
4640,569,true,1,0,0
4641,713,true,1,0,0
4642,655,true,1,0,0
4643,490,true,1,0,0
4644,1591,true,2,1,0
4645,5059,true,3,2,0
4646,1675,true,3,2,0
4647,8841,true,2,1,0
4648,417,true,2,1,0
4649,938,true,1,0,0
4650,289,true,1,0,0
4651,317,true,1,0,0
4652,10669,true,3,2,0
4653,423,true,1,0,0
4654,333,true,1,0,0
4655,3208,true,3,2,0
4656,765,true,2,1,0
4657,494,true,1,0,0
4658,632,true,1,0,0
4659,1422,true,3,2,0
4660,476,true,1,0,0
4661,841,true,1,0,0
4662,24144,true,4,3,0
4663,1283,true,2,1,0
4664,625,true,1,0,0
4665,1255,true,3,2,0
4666,341,true,1,0,0
4667,417,true,1,0,0
4668,602,true,2,1,0
4669,2710,true,3,2,0
4670,667,true,1,0,0
4671,542,true,1,0,0
4672,626,true,1,0,0
4673,678,true,4,3,0
4674,915,true,2,1,0
4675,4131,true,1,0,0
4676,412,true,1,0,0
4677,1186,true,3,2,0
4678,40597,true,2,0,1
4679,2400,true,4,3,0
4680,3188,true,6,5,0
4681,467,true,1,0,0
4682,85598,true,2,1,0
4683,313,true,1,0,0
4684,24521,true,2,1,0
4685,1063,true,1,0,0
4686,324,true,1,0,0
4687,336,true,1,0,0
4688,6210,true,6,5,0
4689,415,true,1,0,0
4690,818,true,2,1,0
4691,4267,true,2,1,0
4692,542,true,1,0,0
4693,354,true,1,0,0
4694,1130,true,1,0,0
4695,533,true,1,0,0
4696,553,true,1,0,0
4697,1166,true,1,0,0
4698,681,true,1,0,0
4699,506,true,1,0,0
4700,595,true,1,0,0
4701,516,true,1,0,0
4702,603,true,1,0,0
4703,1169,true,2,1,0
4704,1217,true,1,0,0
4705,1149,true,3,2,0
4706,335,true,1,0,0
4707,610,true,2,1,0
4708,352,true,1,0,0
4709,2002,true,2,1,0
4710,254,true,1,0,0
4711,367,true,1,0,0
4712,1010,true,2,1,0
4713,348,true,1,0,0
4714,756,true,2,1,0
4715,507,true,1,0,0
4716,380,true,1,0,0
4717,710,true,2,1,0
4718,598,true,2,1,0
4719,613,true,2,1,0
4720,56956,true,5,3,1
4721,975,true,2,1,0
4722,353,true,1,0,0
4723,18978,true,3,2,0
4724,415,true,1,0,0
4725,437,true,1,0,0
4726,864,true,1,0,0
4727,901,true,3,2,0
4728,445,true,1,0,0
4729,313,true,1,0,0
4730,466,true,3,2,0
4731,850,true,3,2,0
4732,684,true,1,0,0
4733,354,true,1,0,0
4734,1919,true,1,0,0
4735,9344,true,2,1,0
4736,507,true,1,0,0
4737,512,true,1,0,0
4738,384,true,1,0,0
4739,5244,true,6,5,0
4740,4417,true,4,3,0
4741,318,true,1,0,0
4742,593,true,1,0,0
4743,449,true,1,0,0
4744,513,true,1,0,0
4745,22052,true,1,0,0
4746,440,true,1,0,0
4747,207,true,1,0,0
4748,4398,true,1,0,0
4749,164,true,1,0,0
4750,584,true,1,0,0
4751,230,true,1,0,0
4752,262,true,1,0,0
4753,522,true,1,0,0
4754,898,true,2,1,0
4755,622,true,1,0,0
4756,337,true,1,0,0
4757,337,true,1,0,0
4758,313,true,1,0,0
4759,429,true,1,0,0
4760,2583,true,2,1,0
4761,536,true,1,0,0
4762,724,true,1,0,0
4763,226,true,1,0,0
4764,295,true,1,0,0
4765,536,true,2,1,0
4766,488,true,1,0,0
4767,1900,true,2,1,0
4768,189,true,1,0,0
4769,366,true,1,0,0
4770,345,true,2,1,0
4771,625,true,1,0,0
4772,452,true,1,0,0
4773,756,true,1,0,0
4774,4241,true,6,5,0
4775,1322,true,1,0,0
4776,296,true,1,0,0
4777,833,true,2,1,0
4778,590,true,3,2,0
4779,283,true,1,0,0
4780,740,true,2,1,0
4781,600,true,1,0,0
4782,314,true,1,0,0
4783,352,true,1,0,0
4784,776,true,3,2,0
4785,8429,true,3,2,0
4786,440,true,1,0,0
4787,578,true,1,0,0
4788,533,true,1,0,0
4789,862,true,1,0,0
4790,537,true,1,0,0
4791,1517,true,2,1,0
4792,1113,true,2,1,0
4793,505,true,1,0,0
4794,1428,true,3,2,0
4795,1066,true,2,1,0
4796,465,true,1,0,0
4797,521,true,1,0,0
4798,2514,true,3,2,0
4799,510,true,1,0,0
4800,488,true,1,0,0
4801,755,true,1,0,0
4802,371,true,1,0,0
4803,243,true,1,0,0
4804,203,true,1,0,0
4805,300,true,1,0,0
4806,804,true,1,0,0
4807,978,true,3,2,0
4808,2976,true,3,2,0
4809,671,true,1,0,0
4810,688,true,1,0,0
4811,399,true,1,0,0
4812,777,true,1,0,0
4813,683,true,2,1,0
4814,444,true,1,0,0
4815,416,true,1,0,0
4816,608,true,1,0,0
4817,124568,true,2,1,0
4818,2294,true,1,0,0
4819,451,true,1,0,0
4820,394,true,1,0,0
4821,514,true,2,1,0
4822,439,true,1,0,0
4823,298,true,1,0,0
4824,832,true,1,0,0
4825,210231,true,3,2,0
4826,1366,true,5,4,0
4827,978,true,2,1,0
4828,9614,true,4,2,1
4829,500,true,1,0,0
4830,438,true,1,0,0
4831,372,true,1,0,0
4832,649,true,2,1,0
4833,201463,true,2,1,0
4834,654,true,1,0,0
4835,296,true,1,0,0
4836,1337,true,5,4,0
4837,1064,true,3,2,0
4838,481,true,2,1,0
4839,658,true,2,1,0
4840,742,true,2,1,0
4841,1284,true,3,2,0
4842,291,true,1,0,0
4843,687,true,2,1,0
4844,585,true,2,1,0
4845,41852,true,4,3,0
4846,514,true,3,2,0
4847,49902,true,2,0,1
4848,321,true,1,0,0
4849,10952,true,3,2,0
4850,61884,true,4,2,1
4851,2058,true,4,3,0
4852,473,true,1,0,0
4853,21747,true,4,3,0
4854,454,true,2,1,0
4855,1137,true,1,0,0
4856,5886,true,2,1,0
4857,5864,true,2,1,0
4858,452,true,1,0,0
4859,1358,true,2,1,0
4860,395,true,1,0,0
4861,1994,true,2,1,0
4862,348,true,1,0,0
4863,285,true,1,0,0
4864,447,true,1,0,0
4865,270,true,1,0,0
4866,332,true,1,0,0
4867,356,true,1,0,0
4868,1154,true,2,1,0
4869,383,true,2,1,0
4870,48001,true,2,0,1
4871,142750,true,5,4,0
4872,261,true,1,0,0
4873,524,true,1,0,0
4874,567,true,1,0,0
4875,475,true,1,0,0
4876,730,true,1,0,0
4877,1082,true,1,0,0
4878,1444,true,2,1,0
4879,24951,true,1,0,0
4880,556,true,3,2,0
4881,1283,true,2,1,0
4882,633,true,1,0,0
4883,3688,true,2,1,0
4884,337,true,1,0,0
4885,448,true,1,0,0
4886,11912,true,2,1,0
4887,2461,true,2,1,0
4888,628,true,1,0,0
4889,55343,true,3,1,1
4890,340,true,1,0,0
4891,767,true,2,1,0
4892,271,true,1,0,0
4893,589,true,2,1,0
4894,536,true,3,2,0
4895,699,true,2,1,0
4896,279,true,1,0,0
4897,1152,true,2,1,0
4898,329,true,2,1,0
4899,709,true,2,1,0
4900,250,true,1,0,0
4901,155,true,1,0,0
4902,561,true,1,0,0
4903,11624,true,2,1,0
4904,401,true,1,0,0
4905,2701,true,4,3,0
4906,962,true,2,1,0
4907,779,true,1,0,0
4908,1398,true,2,1,0
4909,349,true,1,0,0
4910,556,true,2,1,0
4911,1111,true,3,2,0
4912,860,true,2,1,0
4913,5777,true,3,2,0
4914,337,true,2,1,0
4915,335,true,1,0,0
4916,252,true,1,0,0
4917,1498,true,4,3,0
4918,596,true,1,0,0
4919,1313,true,2,1,0
4920,455,true,1,0,0
4921,322,true,1,0,0
4922,4182,true,1,0,0
4923,484,true,1,0,0
4924,336,true,1,0,0
4925,806,true,2,1,0
4926,417,true,1,0,0
4927,892,true,2,1,0
4928,652,true,2,1,0
4929,307,true,1,0,0
4930,370,true,1,0,0
4931,2257,true,2,1,0
4932,424,true,1,0,0
4933,482,true,1,0,0
4934,372,true,1,0,0
4935,538,true,1,0,0
4936,10280,true,3,2,0
4937,66369,true,2,1,0
4938,386,true,1,0,0
4939,849,true,1,0,0
4940,4121,true,1,0,0
4941,1542,true,2,1,0
4942,432,true,2,1,0
4943,1106,true,3,2,0
4944,3044,true,7,6,0
4945,419,true,1,0,0
4946,16261,true,3,2,0
4947,266,true,1,0,0
4948,277,true,1,0,0
4949,521,true,2,1,0
4950,506,true,1,0,0
4951,393,true,1,0,0
4952,1094,true,3,2,0
4953,12146,true,4,3,0
4954,3338,true,3,2,0
4955,629,true,1,0,0
4956,552,true,1,0,0
4957,22543,true,4,3,0
4958,1420,true,2,1,0
4959,369,true,2,1,0
4960,289,true,1,0,0
4961,485,true,2,1,0
4962,270,true,1,0,0
4963,448,true,1,0,0
4964,3547,true,9,8,0
4965,666,true,1,0,0
4966,512,true,1,0,0
4967,275,true,1,0,0
4968,311,true,1,0,0
4969,452,true,1,0,0
4970,497,true,1,0,0
4971,615,true,2,1,0
4972,311,true,1,0,0
4973,439,true,1,0,0
4974,497,true,1,0,0
4975,900,true,3,2,0
4976,2368,true,5,4,0
4977,457,true,1,0,0
4978,398,true,1,0,0
4979,306,true,1,0,0
4980,364,true,2,1,0
4981,463,true,1,0,0
4982,6037,true,4,3,0
4983,403,true,1,0,0
4984,13654,true,4,3,0
4985,597,true,2,1,0
4986,227,true,1,0,0
4987,793,true,3,2,0
4988,25954,true,3,2,0
4989,1971,true,2,1,0
4990,357,true,1,0,0
4991,1455,true,4,3,0
4992,390,true,2,1,0
4993,995,true,2,1,0
4994,823,true,3,2,0
4995,418,true,1,0,0
4996,818,true,1,0,0
4997,580,true,1,0,0
4998,5125,true,2,1,0
4999,2260,true,1,0,0
5000,329,true,1,0,0
5001,479,true,2,1,0
5002,500,true,1,0,0
5003,313,true,1,0,0
5004,427,true,2,1,0
5005,115539,true,3,2,0
5006,498,true,1,0,0
5007,245978,true,4,3,0
5008,449,true,1,0,0
5009,890,true,2,1,0
5010,254,true,1,0,0
5011,703,true,1,0,0
5012,307,true,1,0,0
5013,451,true,1,0,0
5014,848,true,1,0,0
5015,387,true,1,0,0
5016,647,true,2,1,0
5017,24152,true,3,1,1
5018,601,true,1,0,0
5019,1317,true,2,1,0
5020,571,true,1,0,0
5021,554,true,2,1,0
5022,1111,true,2,1,0
5023,666,true,2,1,0
5024,473,true,1,0,0
5025,549,true,1,0,0
5026,363,true,1,0,0
5027,1429,true,4,3,0
5028,377,true,1,0,0
5029,415,true,1,0,0
5030,7516,true,3,2,0
5031,2553,true,3,2,0
5032,572,true,2,1,0
5033,474,true,1,0,0
5034,510,true,2,1,0
5035,338,true,1,0,0
5036,828,true,2,1,0
5037,2739,true,2,1,0
5038,324,true,1,0,0
5039,22322,true,3,2,0
5040,25077,true,3,2,0
5041,396,true,1,0,0
5042,1213,true,2,1,0
5043,807,true,2,1,0
5044,6117,true,2,1,0
5045,13561,true,6,5,0
5046,468,true,1,0,0
5047,7961,true,4,3,0
5048,561,true,1,0,0
5049,1112,true,3,2,0
5050,486,true,1,0,0
5051,415,true,1,0,0
5052,508,true,1,0,0
5053,1938,true,6,5,0
5054,160172,true,4,3,0
5055,1105,true,2,1,0
5056,754,true,1,0,0
5057,120328,true,2,0,1
5058,31028,true,1,0,0
5059,299,true,1,0,0
5060,300,true,1,0,0
5061,11065,true,2,1,0
5062,941,true,2,1,0
5063,364,true,1,0,0
5064,283,true,1,0,0
5065,293,true,1,0,0
5066,357,true,1,0,0
5067,10370,true,4,3,0
5068,989,true,2,1,0
5069,487,true,1,0,0
5070,57478,true,3,1,1
5071,238,true,1,0,0
5072,68534,true,7,4,2
5073,668,true,1,0,0
5074,288,true,1,0,0
5075,465,true,1,0,0
5076,440,true,1,0,0
5077,538,true,1,0,0
5078,658,true,1,0,0
5079,670,true,1,0,0
5080,380,true,1,0,0
5081,287,true,1,0,0
5082,1496,true,3,2,0
5083,458,true,1,0,0
5084,464,true,1,0,0
5085,435,true,1,0,0
5086,418,true,1,0,0
5087,460,true,1,0,0
5088,327,true,1,0,0
5089,450,true,1,0,0
5090,704,true,2,1,0
5091,1565,true,2,1,0
5092,4370,true,3,2,0
5093,656,true,1,0,0
5094,196900,true,4,3,0
5095,896,true,2,1,0
5096,678,true,2,1,0
5097,1179,true,3,2,0
5098,3118,true,3,2,0
5099,283,true,1,0,0
5100,1168,true,2,1,0
5101,614,true,2,1,0
5102,210,true,1,0,0
5103,526,true,1,0,0
5104,266,true,1,0,0
5105,1034,true,4,3,0
5106,562,true,2,1,0
5107,315,true,1,0,0
5108,1072795,true,6,4,1
5109,571,true,1,0,0
5110,554,true,1,0,0
5111,340,true,1,0,0
5112,3408,true,6,5,0
5113,403,true,1,0,0
5114,409,true,1,0,0
5115,359,true,1,0,0
5116,581,true,1,0,0
5117,346,true,1,0,0
5118,571,true,2,1,0
5119,1274,true,3,2,0
5120,471,true,1,0,0
5121,378,true,1,0,0
5122,310,true,1,0,0
5123,582,true,1,0,0
5124,1018,true,3,2,0
5125,597,true,2,1,0
5126,976,true,2,1,0
5127,345,true,1,0,0
5128,41267,true,4,3,0
5129,29383,true,2,1,0
5130,297,true,1,0,0
5131,623,true,2,1,0
5132,993,true,3,2,0
5133,284,true,1,0,0
5134,1140,true,2,1,0
5135,341,true,1,0,0
5136,653,true,2,1,0
5137,423,true,1,0,0
5138,745,true,1,0,0
5139,305,true,2,1,0
5140,248,true,1,0,0
5141,377,true,1,0,0
5142,5000,true,5,4,0
5143,342,true,1,0,0
5144,254,true,1,0,0
5145,439,true,2,1,0
5146,1527,true,6,5,0
5147,290,true,1,0,0
5148,595,true,3,2,0
5149,583,true,2,1,0
5150,387,true,1,0,0
5151,341,true,1,0,0
5152,329,true,1,0,0
5153,408,true,1,0,0
5154,2650,true,2,1,0
5155,547,true,1,0,0
5156,589,true,1,0,0
5157,1023,true,1,0,0
5158,136652,true,2,1,0
5159,535,true,1,0,0
5160,405,true,1,0,0
5161,718,true,3,2,0
5162,1037,true,2,1,0
5163,496,true,2,1,0
5164,325,true,1,0,0
5165,622,true,3,2,0
5166,360,true,1,0,0
5167,1396,true,3,2,0
5168,509,true,1,0,0
5169,287,true,1,0,0
5170,1469,true,1,0,0
5171,291,true,1,0,0
5172,437,true,1,0,0
5173,19879,true,5,4,0
5174,329,true,1,0,0
5175,1038,true,2,1,0
5176,462,true,1,0,0
5177,419,true,1,0,0
5178,510,true,1,0,0
5179,320,true,1,0,0
5180,700,true,3,2,0
5181,525,true,1,0,0
5182,534,true,1,0,0
5183,300,true,1,0,0
5184,434,true,2,1,0
5185,1534,true,5,4,0
5186,328,true,1,0,0
5187,406,true,3,2,0
5188,242,true,1,0,0
5189,436,true,1,0,0
5190,432,true,1,0,0
5191,1179,true,2,1,0
5192,567,true,1,0,0
5193,84412,true,4,2,1
5194,335,true,2,1,0
5195,14708,true,3,1,1
5196,1133,true,2,1,0
5197,882,true,2,1,0
5198,730,true,1,0,0
5199,444,true,2,1,0
5200,28042,true,2,0,1
5201,1109,true,4,3,0
5202,7967,true,3,2,0
5203,463,true,1,0,0
5204,396,true,1,0,0
5205,611,true,1,0,0
5206,391,true,1,0,0
5207,245732,true,7,4,2
5208,291,true,1,0,0
5209,384,true,1,0,0
5210,10399,true,2,1,0
5211,1768,true,5,4,0
5212,345,true,1,0,0
5213,405,true,1,0,0
5214,183424,true,1,0,0
5215,365,true,1,0,0
5216,529,true,1,0,0
5217,355,true,1,0,0
5218,420,true,1,0,0
5219,819,true,1,0,0
5220,599,true,1,0,0
5221,56846,true,3,1,1
5222,803,true,2,1,0
5223,378,true,2,1,0
5224,4319,true,3,2,0
5225,1164,true,3,2,0
5226,868,true,2,1,0
5227,384,true,1,0,0
5228,1122,true,1,0,0
5229,1784,true,2,1,0
5230,635,true,1,0,0
5231,501,true,1,0,0
5232,459,true,1,0,0
5233,412,true,1,0,0
5234,9161,true,4,3,0
5235,800,true,1,0,0
5236,693,true,2,1,0
5237,2028,true,3,2,0
5238,975,true,3,2,0
5239,1145,true,2,1,0
5240,723,true,2,1,0
5241,2380,true,4,3,0
5242,668,true,2,1,0
5243,9984,true,3,2,0
5244,2274,true,4,3,0
5245,547,true,1,0,0
5246,582,true,1,0,0
5247,45419,true,4,3,0
5248,490,true,1,0,0
5249,557,true,1,0,0
5250,273,true,1,0,0
5251,465,true,1,0,0
5252,366,true,1,0,0
5253,15108,true,2,1,0
5254,343,true,1,0,0
5255,659,true,2,1,0
5256,306,true,1,0,0
5257,649,true,1,0,0
5258,558,true,2,1,0
5259,654,true,2,1,0
5260,300,true,1,0,0
5261,331,true,1,0,0
5262,1535,true,2,1,0
5263,3480,true,2,1,0
5264,2276,true,2,1,0
5265,403,true,1,0,0
5266,334,true,1,0,0
5267,1675,true,3,2,0
5268,326,true,1,0,0
5269,285,true,1,0,0
5270,511,true,1,0,0
5271,402,true,1,0,0
5272,462,true,1,0,0
5273,224,true,1,0,0
5274,495,true,2,1,0
5275,686,true,2,1,0
5276,1502,true,4,3,0
5277,352,true,1,0,0
5278,26618,true,3,1,1
5279,1272,true,2,1,0
5280,55927,true,3,2,0
5281,2492,true,1,0,0
5282,607,true,1,0,0
5283,912,true,2,1,0
5284,606,true,1,0,0
5285,490,true,1,0,0
5286,435,true,1,0,0
5287,1273,true,2,1,0
5288,1479,true,4,3,0
5289,19373,true,2,1,0
5290,1513,true,3,2,0
5291,284,true,1,0,0
5292,1264,true,2,1,0
5293,294,true,1,0,0
5294,404,true,1,0,0
5295,1008,true,1,0,0
5296,33707,true,6,5,0
5297,428,true,1,0,0
5298,416,true,1,0,0
5299,276,true,1,0,0
5300,321,true,1,0,0
5301,432,true,1,0,0
5302,2224,true,1,0,0
5303,598,true,1,0,0
5304,444,true,1,0,0
5305,417,true,1,0,0
5306,1252,true,2,1,0
5307,795,true,2,1,0
5308,460,true,2,1,0
5309,314,true,1,0,0
5310,1472,true,5,4,0
5311,563,true,1,0,0
5312,801,true,1,0,0
5313,636,true,1,0,0
5314,527,true,1,0,0
5315,873,true,2,1,0
5316,659,true,1,0,0
5317,815,true,3,2,0
5318,1735,true,2,1,0
5319,1466,true,2,1,0
5320,373,true,1,0,0
5321,411,true,1,0,0
5322,1148,true,2,1,0
5323,228891,true,2,1,0
5324,903,true,2,1,0
5325,322,true,1,0,0
5326,376,true,1,0,0
5327,401,true,1,0,0
5328,834,true,3,2,0
5329,299,true,1,0,0
5330,31231,true,2,0,1
5331,310,true,1,0,0
5332,706,true,2,1,0
5333,10742,true,2,1,0
5334,328,true,1,0,0
5335,323,true,1,0,0
5336,621,true,1,0,0
5337,481,true,1,0,0
5338,1245,true,2,1,0
5339,261,true,1,0,0
5340,890,true,2,1,0
5341,462,true,1,0,0
5342,531,true,1,0,0
5343,2248,true,2,1,0
5344,536,true,1,0,0
5345,180,true,1,0,0
5346,402,true,1,0,0
5347,289091,true,2,1,0
5348,1083,true,2,1,0
5349,243,true,1,0,0
5350,340,true,1,0,0
5351,583,true,1,0,0
5352,583,true,1,0,0
5353,3708,true,6,5,0
5354,610,true,1,0,0
5355,491,true,1,0,0
5356,795,true,1,0,0
5357,914,true,2,1,0
5358,674,true,2,1,0
5359,366,true,1,0,0
5360,1318,true,2,1,0
5361,792,true,2,1,0
5362,728,true,1,0,0
5363,24044,true,4,2,1
5364,1467,true,3,2,0
5365,780,true,2,1,0
5366,403,true,1,0,0
5367,403,true,1,0,0
5368,390,true,2,1,0
5369,366,true,2,1,0
5370,740,true,1,0,0
5371,3227,true,1,0,0
5372,1109,true,2,1,0
5373,445,true,2,1,0
5374,283,true,1,0,0
5375,55984,true,2,0,1
5376,709,true,1,0,0
5377,280,true,1,0,0
5378,526,true,1,0,0
5379,707,true,1,0,0
5380,598,true,1,0,0
5381,360,true,1,0,0
5382,2920,true,2,1,0
5383,539,true,1,0,0
5384,1216,true,3,2,0
5385,966,true,2,1,0
5386,11035,true,5,4,0
5387,697,true,1,0,0
5388,381,true,1,0,0
5389,359,true,2,1,0
5390,1819,true,1,0,0
5391,810,true,1,0,0
5392,996,true,3,2,0
5393,599,true,1,0,0
5394,302,true,1,0,0
5395,396,true,1,0,0
5396,5767,true,2,1,0
5397,5722,true,5,4,0
5398,1191,true,3,2,0
5399,1668,true,2,1,0
5400,396,true,1,0,0
5401,2168,true,1,0,0
5402,300,true,1,0,0
5403,469,true,1,0,0
5404,3693,true,3,2,0
5405,319,true,1,0,0
5406,347,true,1,0,0
5407,69346,true,4,3,0
5408,1602,true,4,3,0
5409,1733,true,4,3,0
5410,379,true,1,0,0
5411,1958,true,4,3,0
5412,2380,true,2,1,0
5413,427,true,1,0,0
5414,780,true,2,1,0
5415,366,true,2,1,0
5416,253,true,1,0,0
5417,379,true,1,0,0
5418,558,true,1,0,0
5419,863,true,2,1,0
5420,512,true,1,0,0
5421,278,true,1,0,0
5422,321,true,1,0,0
5423,9971,true,4,3,0
5424,44504,true,5,3,1
5425,149692,true,3,2,0
5426,234,true,1,0,0
5427,351,true,2,1,0
5428,2584,true,8,7,0
5429,617,true,3,2,0
5430,240,true,1,0,0
5431,677,true,1,0,0
5432,295,true,1,0,0
5433,1079,true,2,1,0
5434,1576,true,3,2,0
5435,414,true,1,0,0
5436,1402,true,3,2,0
5437,508,true,1,0,0
5438,508,true,1,0,0
5439,610,true,1,0,0
5440,752,true,3,2,0
5441,225,true,1,0,0
5442,407,true,1,0,0
5443,440,true,1,0,0
5444,63929,true,4,2,1
5445,687,true,2,1,0
5446,1050,true,3,2,0
5447,488,true,1,0,0
5448,362,true,1,0,0
5449,514,true,1,0,0
5450,4296,true,4,3,0
5451,684,true,1,0,0
5452,667,true,2,1,0
5453,1183,true,2,1,0
5454,1130,true,2,1,0
5455,382,true,1,0,0
5456,246,true,1,0,0
5457,521,true,1,0,0
5458,292,true,1,0,0
5459,330,true,1,0,0
5460,3661,true,3,2,0
5461,84330,true,5,4,0
5462,6609,true,3,2,0
5463,969,true,2,1,0
5464,2170,true,1,0,0
5465,8073,true,3,2,0
5466,311,true,1,0,0
5467,351,true,1,0,0
5468,727,true,2,1,0
5469,725,true,1,0,0
5470,18583,true,3,1,1
5471,510,true,2,1,0
5472,488,true,1,0,0
5473,664,true,2,1,0
5474,347,true,1,0,0
5475,294,true,1,0,0
5476,3528,true,2,1,0
5477,411,true,1,0,0
5478,492,true,1,0,0
5479,793,true,3,2,0
5480,571,true,1,0,0
5481,345,true,1,0,0
5482,1028,true,3,2,0
5483,384,true,1,0,0
5484,13160,true,1,0,0
5485,723,true,2,1,0
5486,442,true,1,0,0
5487,940,true,3,2,0
5488,322,true,1,0,0
5489,863,true,2,1,0
5490,885,true,1,0,0
5491,270,true,1,0,0
5492,1954,true,5,4,0
5493,377,true,1,0,0
5494,384,true,1,0,0
5495,323,true,1,0,0
5496,599,true,2,1,0
5497,780,true,2,1,0
5498,758,true,3,2,0
5499,532,true,1,0,0
5500,362,true,1,0,0
5501,628,true,1,0,0
5502,391,true,1,0,0
5503,263083,true,2,1,0
5504,399,true,1,0,0
5505,452,true,1,0,0
5506,434,true,1,0,0
5507,434,true,3,2,0
5508,675,true,1,0,0
5509,581,true,1,0,0
5510,1283,true,3,2,0
5511,873,true,3,2,0
5512,1139,true,2,1,0
5513,369,true,2,1,0
5514,706,true,1,0,0
5515,732,true,1,0,0
5516,910,true,2,1,0
5517,875,true,2,1,0
5518,1371,true,2,1,0
5519,879,true,2,1,0
5520,391,true,2,1,0
5521,1029,true,3,2,0
5522,345,true,1,0,0
5523,656,true,2,1,0
5524,407,true,1,0,0
5525,1170,true,2,1,0
5526,926,true,2,1,0
5527,291,true,1,0,0
5528,710,true,3,2,0
5529,1232,true,3,2,0
5530,487,true,1,0,0
5531,2797,true,2,1,0
5532,563,true,1,0,0
5533,7996,true,4,3,0
5534,370,true,1,0,0
5535,9041,true,3,2,0
5536,605,true,1,0,0
5537,926,true,1,0,0
5538,386,true,1,0,0
5539,2168,true,4,3,0
5540,536,true,1,0,0
5541,674,true,1,0,0
5542,1612,true,2,1,0
5543,407,true,1,0,0
5544,516,true,1,0,0
5545,426,true,2,1,0
5546,41667,true,2,0,1
5547,612,true,1,0,0
5548,330,true,1,0,0
5549,452,true,1,0,0
5550,1882,true,2,1,0
5551,1776,true,2,1,0
5552,400,true,1,0,0
5553,331,true,1,0,0
5554,534,true,1,0,0
5555,605,true,2,1,0
5556,591,true,1,0,0
5557,1559,true,4,3,0
5558,783,true,1,0,0
5559,2968,true,3,2,0
5560,400,true,2,1,0
5561,224,true,1,0,0
5562,1870,true,1,0,0
5563,21484,true,4,3,0
5564,431,true,1,0,0
5565,107328,true,2,0,1
5566,1164,true,5,4,0
5567,363,true,1,0,0
5568,854,true,2,1,0
5569,300,true,1,0,0
5570,2355,true,4,3,0
5571,480,true,2,1,0
5572,85535,true,1,0,0
5573,19037,true,3,2,0
5574,517254,true,3,1,1
5575,644,true,1,0,0
5576,527,true,1,0,0
5577,307,true,1,0,0
5578,953,true,3,2,0
5579,494,true,2,1,0
5580,506,true,1,0,0
5581,342,true,1,0,0
5582,447,true,1,0,0
5583,4651,true,5,4,0
5584,310,true,1,0,0
5585,278,true,1,0,0
5586,1056,true,2,1,0
5587,498,true,1,0,0
5588,457,true,1,0,0
5589,409,true,1,0,0
5590,394,true,1,0,0
5591,974,true,2,1,0
5592,227620,true,2,1,0
5593,411,true,2,1,0
5594,695,true,1,0,0
5595,556,true,1,0,0
5596,570,true,2,1,0
5597,279,true,2,1,0
5598,372,true,1,0,0
5599,342,true,1,0,0
5600,884,true,1,0,0
5601,9489,true,4,3,0
5602,543,true,1,0,0
5603,417,true,1,0,0
5604,852,true,3,2,0
5605,338,true,1,0,0
5606,415,true,1,0,0
5607,504,true,1,0,0
5608,317,true,1,0,0
5609,566,true,1,0,0
5610,329,true,1,0,0
5611,2009,true,2,1,0
5612,12005,true,4,3,0
5613,850,true,3,2,0
5614,641,true,1,0,0
5615,371,true,1,0,0
5616,747,true,2,1,0
5617,249,true,1,0,0
5618,369,true,1,0,0
5619,354,true,1,0,0
5620,568,true,2,1,0
5621,341,true,1,0,0
5622,322,true,1,0,0
5623,375630,true,3,2,0
5624,2125,true,3,2,0
5625,485,true,1,0,0
5626,2334,true,2,1,0
5627,663,true,1,0,0
5628,536,true,1,0,0
5629,423,true,1,0,0
5630,429,true,1,0,0
5631,458,true,1,0,0
5632,4009,true,1,0,0
5633,711,true,4,3,0
5634,699,true,1,0,0
5635,417,true,1,0,0
5636,292,true,1,0,0
5637,320,true,1,0,0
5638,283,true,1,0,0
5639,527,true,2,1,0
5640,437,true,1,0,0
5641,444,true,1,0,0
5642,233,true,1,0,0
5643,469,true,1,0,0
5644,27086,true,3,2,0
5645,2247,true,2,1,0
5646,695,true,1,0,0
5647,2759,true,6,5,0
5648,371,true,1,0,0
5649,753,true,2,1,0
5650,355,true,1,0,0
5651,514,true,1,0,0
5652,312,true,2,1,0
5653,671,true,2,1,0
5654,291,true,1,0,0
5655,638,true,3,2,0
5656,1462,true,2,1,0
5657,66064,true,2,1,0
5658,465,true,1,0,0
5659,320,true,2,1,0
5660,356,true,2,1,0
5661,829,true,2,1,0
5662,431,true,2,1,0
5663,1165,true,2,1,0
5664,313,true,1,0,0
5665,159597,true,2,1,0
5666,468,true,1,0,0
5667,602,true,2,1,0
5668,618,true,2,1,0
5669,64589,true,3,2,0
5670,383,true,1,0,0
5671,351,true,1,0,0
5672,2392,true,3,2,0
5673,1119,true,2,1,0
5674,1808,true,2,1,0
5675,471,true,1,0,0
5676,534,true,1,0,0
5677,699,true,1,0,0
5678,307,true,1,0,0
5679,364,true,1,0,0
5680,863,true,2,1,0
5681,417,true,2,1,0
5682,338,true,1,0,0
5683,644,true,3,2,0
5684,506,true,1,0,0
5685,673,true,1,0,0
5686,363,true,1,0,0
5687,477,true,1,0,0
5688,10937,true,2,1,0
5689,478,true,1,0,0
5690,620,true,4,3,0
5691,423,true,1,0,0
5692,202,true,1,0,0
5693,271,true,1,0,0
5694,220165,true,3,2,0
5695,1146,true,3,2,0
5696,29416,true,7,6,0
5697,560,true,1,0,0
5698,320,true,1,0,0
5699,601823,true,2,1,0
5700,1375,true,2,1,0
5701,560,true,2,1,0
5702,701,true,1,0,0
5703,560,true,2,1,0
5704,548,true,1,0,0
5705,6238,true,1,0,0
5706,644,true,2,1,0
5707,3451,true,2,1,0
5708,1700,true,2,1,0
5709,3704,true,2,1,0
5710,564,true,1,0,0
5711,26078,true,1,0,0
5712,1514,true,3,2,0
5713,352,true,1,0,0
5714,547,true,2,1,0
5715,506,true,2,1,0
5716,1814,true,4,3,0
5717,451,true,1,0,0
5718,724,true,2,1,0
5719,912,true,2,1,0
5720,407,true,1,0,0
5721,684,true,1,0,0
5722,1396,true,5,4,0
5723,330,true,1,0,0
5724,1003,true,2,1,0
5725,909,true,5,4,0
5726,999,true,2,1,0
5727,858,true,2,1,0
5728,414,true,1,0,0
5729,427,true,1,0,0
5730,760,true,2,1,0
5731,977,true,4,3,0
5732,349,true,1,0,0
5733,703,true,2,1,0
5734,311,true,1,0,0
5735,588,true,3,2,0
5736,1191,true,2,1,0
5737,1097,true,2,1,0
5738,735,true,2,1,0
5739,4115,true,4,3,0
5740,1569,true,3,2,0
5741,329,true,2,1,0
5742,789,true,2,1,0
5743,1188,true,2,1,0
5744,1282,true,2,1,0
5745,43023,true,4,3,0
5746,1138,true,3,2,0
5747,1050,true,3,2,0
5748,679,true,1,0,0
5749,70451,true,2,0,1
5750,1492,true,3,2,0
5751,452,true,1,0,0
5752,616,true,2,1,0
5753,302,true,1,0,0
5754,1745,true,5,4,0
5755,432,true,1,0,0
5756,493,true,1,0,0
5757,2282,true,4,3,0
5758,413,true,1,0,0
5759,766,true,2,1,0
5760,2258,true,1,0,0
5761,39472,true,3,1,1
5762,549,true,2,1,0
5763,76386,true,2,1,0
5764,321,true,1,0,0
5765,1372,true,2,1,0
5766,295,true,1,0,0
5767,1969,true,1,0,0
5768,319,true,1,0,0
5769,262,true,1,0,0
5770,389,true,1,0,0
5771,397,true,1,0,0
5772,578,true,1,0,0
5773,510,true,3,2,0
5774,3073,true,2,1,0
5775,10097,true,2,1,0
5776,1543,true,2,1,0
5777,273,true,1,0,0
5778,384,true,1,0,0
5779,447,true,1,0,0
5780,279,true,1,0,0
5781,407,true,2,1,0
5782,14114,true,4,3,0
5783,1026,true,2,1,0
5784,563,true,2,1,0
5785,1061,true,2,1,0
5786,540,true,1,0,0
5787,642,true,1,0,0
5788,1003,true,3,2,0
5789,482,true,1,0,0
5790,340,true,1,0,0
5791,1056,true,2,1,0
5792,10893,true,3,2,0
5793,857,true,1,0,0
5794,941,true,2,1,0
5795,2820,true,2,1,0
5796,600,true,1,0,0
5797,121785,true,1,0,0
5798,819,true,1,0,0
5799,910,true,1,0,0
5800,377,true,2,1,0
5801,331,true,1,0,0
5802,577,true,1,0,0
5803,1163,true,3,2,0
5804,347,true,1,0,0
5805,67070,true,3,1,1
5806,216108,true,4,3,0
5807,330,true,1,0,0
5808,315,true,1,0,0
5809,845,true,2,1,0
5810,1604,true,3,2,0
5811,3564,true,4,3,0
5812,636,true,2,1,0
5813,4282,true,2,1,0
5814,110437,true,6,5,0
5815,394,true,1,0,0
5816,711,true,2,1,0
5817,8787,true,4,3,0
5818,5129,true,2,1,0
5819,818,true,3,2,0
5820,449,true,1,0,0
5821,1158,true,2,1,0
5822,342,true,1,0,0
5823,339365,true,2,0,1
5824,236,true,1,0,0
5825,705,true,2,1,0
5826,401,true,2,1,0
5827,410,true,1,0,0
5828,1230,true,1,0,0
5829,5425,true,2,1,0
5830,1078,true,3,2,0
5831,519,true,3,2,0
5832,193,true,1,0,0
5833,488,true,1,0,0
5834,542,true,4,3,0
5835,408,true,2,1,0
5836,826,true,3,2,0
5837,404,true,1,0,0
5838,797,true,1,0,0
5839,418,true,1,0,0
5840,1065,true,2,1,0
5841,221,true,1,0,0
5842,1086,true,2,1,0
5843,533,true,1,0,0
5844,621,true,2,1,0
5845,488,true,1,0,0
5846,683,true,2,1,0
5847,7307,true,2,0,1
5848,865,true,1,0,0
5849,685,true,2,1,0
5850,1829,true,3,2,0
5851,456,true,1,0,0
5852,661,true,1,0,0
5853,508,true,1,0,0
5854,565,true,1,0,0
5855,1680,true,3,2,0
5856,438,true,1,0,0
5857,443,true,1,0,0
5858,427,true,1,0,0
5859,376,true,2,1,0
5860,70624,true,5,3,1
5861,2199,true,5,4,0
5862,1367,true,2,1,0
5863,548,true,3,2,0
5864,1850,true,2,1,0
5865,1399,true,2,1,0
5866,390,true,1,0,0
5867,63601,true,2,0,1
5868,542,true,1,0,0
5869,556,true,1,0,0
5870,534,true,1,0,0
5871,501,true,1,0,0
5872,639,true,1,0,0
5873,384,true,1,0,0
5874,326,true,1,0,0
5875,296,true,1,0,0
5876,323,true,1,0,0
5877,32150,true,2,0,1
5878,425,true,1,0,0
5879,340,true,1,0,0
5880,468,true,1,0,0
5881,861,true,1,0,0
5882,40593,true,3,1,1
5883,1514,true,4,3,0
5884,459,true,1,0,0
5885,289,true,1,0,0
5886,507,true,1,0,0
5887,2052,true,2,1,0
5888,297,true,1,0,0
5889,2854,true,2,1,0
5890,464,true,2,1,0
5891,615,true,1,0,0
5892,999,true,4,3,0
5893,357,true,1,0,0
5894,334,true,2,1,0
5895,236,true,2,1,0
5896,321,true,1,0,0
5897,30651,true,3,2,0
5898,263,true,1,0,0
5899,329,true,1,0,0
5900,4737,true,2,1,0
5901,6671,true,2,0,1
5902,267,true,1,0,0
5903,513,true,1,0,0
5904,2595,true,3,2,0
5905,457463,true,6,5,0
5906,611,true,2,1,0
5907,3335,true,3,2,0
5908,1787,true,5,4,0
5909,221,true,1,0,0
5910,268,true,1,0,0
5911,526,true,1,0,0
5912,32977,true,2,0,1
5913,191903,true,3,2,0
5914,847,true,1,0,0
5915,449,true,1,0,0
5916,869,true,2,1,0
5917,466,true,1,0,0
5918,280,true,1,0,0
5919,391,true,1,0,0
5920,318,true,1,0,0
5921,594,true,1,0,0
5922,551,true,1,0,0
5923,1983,true,3,2,0
5924,12404,true,2,1,0
5925,71260,true,3,2,0
5926,404,true,2,1,0
5927,523,true,1,0,0
5928,537,true,2,1,0
5929,426,true,1,0,0
5930,73704,true,3,2,0
5931,57445,true,4,2,1
5932,2884,true,3,2,0
5933,350,true,1,0,0
5934,612,true,2,1,0
5935,276,true,1,0,0
5936,741,true,1,0,0
5937,224,true,1,0,0
5938,339,true,1,0,0
5939,2245,true,2,1,0
5940,1157,true,3,2,0
5941,336,true,1,0,0
5942,582,true,1,0,0
5943,1048,true,2,1,0
5944,1600,true,3,2,0
5945,355,true,1,0,0
5946,387,true,1,0,0
5947,383,true,1,0,0
5948,397,true,1,0,0
5949,487,true,1,0,0
5950,2000,true,4,3,0
5951,495,true,1,0,0
5952,280,true,1,0,0
5953,1826,true,4,3,0
5954,33845,true,3,2,0
5955,584,true,1,0,0
5956,1156,true,2,1,0
5957,349,true,1,0,0
5958,24556,true,2,1,0
5959,934,true,2,1,0
5960,630,true,1,0,0
5961,430,true,1,0,0
5962,330,true,1,0,0
5963,486,true,1,0,0
5964,403,true,1,0,0
5965,71058,true,3,2,0
5966,1632,true,4,3,0
5967,314,true,1,0,0
5968,510,true,1,0,0
5969,821,true,2,1,0
5970,828,true,3,2,0
5971,411,true,1,0,0
5972,2411,true,1,0,0
5973,1405,true,3,2,0
5974,684,true,1,0,0
5975,1236,true,2,1,0
5976,482,true,1,0,0
5977,1080,true,1,0,0
5978,1098,true,3,2,0
5979,1460,true,4,3,0
5980,592,true,1,0,0
5981,431,true,1,0,0
5982,444,true,1,0,0
5983,1608,true,2,1,0
5984,495,true,1,0,0
5985,385,true,1,0,0
5986,6973,true,3,2,0
5987,300,true,1,0,0
5988,399,true,3,2,0
5989,212,true,1,0,0
5990,335,true,1,0,0
5991,290,true,1,0,0
5992,710,true,2,1,0
5993,366,true,2,1,0
5994,445,true,1,0,0
5995,426,true,1,0,0
5996,571,true,1,0,0
5997,1332,true,4,3,0
5998,536,true,1,0,0
5999,48833,true,2,1,0
6000,713,true,1,0,0
6001,12455,true,2,0,1
6002,1041,true,3,2,0
6003,417,true,1,0,0
6004,46793,true,2,0,1
6005,436,true,1,0,0
6006,686,true,1,0,0
6007,351,true,1,0,0
6008,459,true,2,1,0
6009,10162,true,2,1,0
6010,2031,true,3,2,0
6011,573,true,1,0,0
6012,350,true,1,0,0
6013,477,true,1,0,0
6014,375,true,1,0,0
6015,443,true,1,0,0
6016,3906,true,3,2,0
6017,495,true,1,0,0
6018,968,true,1,0,0
6019,780,true,1,0,0
6020,455,true,1,0,0
6021,356,true,1,0,0
6022,351,true,1,0,0
6023,292,true,1,0,0
6024,497,true,1,0,0
6025,415,true,1,0,0
6026,665,true,2,1,0
6027,518,true,1,0,0
6028,433,true,1,0,0
6029,86586,true,8,6,1
6030,502,true,3,2,0
6031,7554,true,2,0,1
6032,419,true,1,0,0
6033,397,true,1,0,0
6034,1033,true,2,1,0
6035,300,true,1,0,0
6036,521,true,2,1,0
6037,234,true,1,0,0
6038,936,true,2,1,0
6039,917,true,2,1,0
6040,488,true,1,0,0
6041,413,true,1,0,0
6042,1020,true,3,2,0
6043,283,true,1,0,0
6044,807,true,2,1,0
6045,816,true,1,0,0
6046,747,true,1,0,0
6047,181466,true,5,4,0
6048,440,true,1,0,0
6049,488,true,1,0,0
6050,44320,true,2,1,0
6051,284,true,1,0,0
6052,327,true,1,0,0
6053,240,true,1,0,0
6054,330,true,1,0,0
6055,11541,true,2,1,0
6056,295,true,1,0,0
6057,159726,true,7,6,0
6058,1904,true,5,4,0
6059,250,true,1,0,0
6060,434,true,1,0,0
6061,399,true,1,0,0
6062,641,true,2,1,0
6063,491,true,1,0,0
6064,446,true,1,0,0
6065,627,true,2,1,0
6066,588467,true,10,9,0
6067,559,true,2,1,0
6068,1204,true,2,1,0
6069,377,true,1,0,0
6070,764,true,1,0,0
6071,478,true,1,0,0
6072,426,true,1,0,0
6073,1923,true,3,2,0
6074,762,true,3,2,0
6075,345,true,1,0,0
6076,553,true,2,1,0
6077,562,true,1,0,0
6078,51580,true,3,1,1
6079,8426,true,2,1,0
6080,1222,true,3,2,0
6081,329,true,1,0,0
6082,1966,true,1,0,0
6083,7715,true,7,6,0
6084,652,true,1,0,0
6085,770,true,1,0,0
6086,2066,true,1,0,0
6087,347,true,1,0,0
6088,637,true,1,0,0
6089,587,true,1,0,0
6090,2412,true,2,1,0
6091,448,true,3,2,0
6092,1359,true,4,3,0
6093,661,true,1,0,0
6094,369,true,2,1,0
6095,202,true,1,0,0
6096,998,true,5,4,0
6097,559,true,1,0,0
6098,89412,true,3,1,1
6099,399,true,1,0,0
6100,1755,true,3,2,0
6101,2065,true,2,1,0
6102,529,true,1,0,0
6103,890,true,2,1,0
6104,620,true,1,0,0
6105,447,true,1,0,0
6106,18482,true,4,3,0
6107,489299,true,3,2,0
6108,15397,true,2,1,0
6109,315,true,1,0,0
6110,282,true,1,0,0
6111,351,true,1,0,0
6112,302,true,1,0,0
6113,612,true,3,2,0
6114,702,true,2,1,0
6115,262,true,1,0,0
6116,559,true,1,0,0
6117,614,true,1,0,0
6118,735,true,2,1,0
6119,456,true,1,0,0
6120,267,true,1,0,0
6121,278,true,1,0,0
6122,1370,true,4,3,0
6123,1274,true,1,0,0
6124,345,true,2,1,0
6125,730,true,2,1,0
6126,557,true,3,2,0
6127,614,true,1,0,0
6128,786,true,2,1,0
6129,522,true,2,1,0
6130,495,true,2,1,0
6131,736,true,1,0,0
6132,2422,true,4,3,0
6133,523,true,1,0,0
6134,376,true,1,0,0
6135,550,true,1,0,0
6136,86206,true,2,1,0
6137,768,true,3,2,0
6138,466,true,1,0,0
6139,717,true,1,0,0
6140,1102,true,3,2,0
6141,785,true,2,1,0
6142,307,true,1,0,0
6143,1245,true,2,1,0
6144,111785,true,5,2,2
6145,51938,true,6,5,0
6146,2434,true,2,1,0
6147,451,true,1,0,0
6148,536,true,1,0,0
6149,428,true,1,0,0
6150,459,true,1,0,0
6151,2139,true,3,2,0
6152,288,true,1,0,0
6153,459,true,1,0,0
6154,140898,true,2,0,1
6155,488,true,1,0,0
6156,718,true,1,0,0
6157,1704,true,2,1,0
6158,723,true,1,0,0
6159,715,true,1,0,0
6160,14013,true,2,1,0
6161,99020,true,3,1,1
6162,1423,true,3,2,0
6163,474,true,1,0,0
6164,1048,true,2,1,0
6165,290,true,1,0,0
6166,2391,true,2,1,0
6167,524,true,1,0,0
6168,385,true,1,0,0
6169,233,true,1,0,0
6170,261,true,1,0,0
6171,2488,true,3,2,0
6172,429,true,1,0,0
6173,409,true,1,0,0
6174,1066,true,2,1,0
6175,548,true,1,0,0
6176,214201,true,7,6,0
6177,1224,true,1,0,0
6178,46163,true,2,0,1
6179,568,true,1,0,0
6180,1278,true,2,1,0
6181,1145,true,4,3,0
6182,416,true,1,0,0
6183,502,true,1,0,0
6184,526,true,1,0,0
6185,585,true,1,0,0
6186,4181,true,4,3,0
6187,807,true,1,0,0
6188,939,true,2,1,0
6189,464,true,1,0,0
6190,4136,true,3,2,0
6191,669,true,1,0,0
6192,335,true,1,0,0
6193,801,true,1,0,0
6194,1039,true,2,1,0
6195,564,true,1,0,0
6196,2101,true,1,0,0
6197,542,true,1,0,0
6198,892,true,2,1,0
6199,521,true,1,0,0
6200,361,true,1,0,0
6201,578,true,1,0,0
6202,465,true,1,0,0
6203,6307,true,2,1,0
6204,777,true,2,1,0
6205,1648,true,4,3,0
6206,672,true,1,0,0
6207,425,true,1,0,0
6208,492,true,1,0,0
6209,372,true,1,0,0
6210,333,true,1,0,0
6211,1585,true,2,1,0
6212,1286,true,3,2,0
6213,2284,true,4,3,0
6214,3886,true,3,2,0
6215,542,true,1,0,0
6216,905,true,2,1,0
6217,14976,true,5,4,0
6218,419,true,1,0,0
6219,408,true,1,0,0
6220,639,true,1,0,0
6221,1102,true,1,0,0
6222,647,true,1,0,0
6223,1169,true,3,2,0
6224,1409,true,4,3,0
6225,562,true,1,0,0
6226,603,true,1,0,0
6227,847,true,2,1,0
6228,517,true,1,0,0
6229,473,true,1,0,0
6230,650,true,1,0,0
6231,433,true,1,0,0
6232,544,true,1,0,0
6233,844,true,2,1,0
6234,570,true,1,0,0
6235,408,true,1,0,0
6236,705,true,1,0,0
6237,1732,true,3,2,0
6238,24259,true,1,0,0
6239,276940,true,2,0,1
6240,324,true,1,0,0
6241,383,true,1,0,0
6242,311,true,1,0,0
6243,478,true,1,0,0
6244,1444,true,2,1,0
6245,469,true,1,0,0
6246,403,true,1,0,0
6247,1395,true,3,2,0
6248,531,true,1,0,0
6249,665,true,2,1,0
6250,304,true,1,0,0
6251,344,true,1,0,0
6252,323,true,1,0,0
6253,424,true,1,0,0
6254,1790,true,3,2,0
6255,882,true,1,0,0
6256,57154,true,2,0,1
6257,8279,true,4,3,0
6258,332,true,1,0,0
6259,452,true,1,0,0
6260,634,true,1,0,0
6261,492,true,1,0,0
6262,865,true,1,0,0
6263,3425,true,3,2,0
6264,840,true,1,0,0
6265,466,true,1,0,0
6266,508,true,1,0,0
6267,530,true,1,0,0
6268,164562,true,1,0,0
6269,536,true,1,0,0
6270,421,true,1,0,0
6271,257,true,1,0,0
6272,560,true,2,1,0
6273,346,true,1,0,0
6274,797,true,2,1,0
6275,511,true,1,0,0
6276,623,true,2,1,0
6277,591,true,1,0,0
6278,605,true,1,0,0
6279,387,true,1,0,0
6280,353,true,1,0,0
6281,280,true,1,0,0
6282,749,true,2,1,0
6283,409,true,2,1,0
6284,27816,true,3,1,1
6285,363,true,1,0,0
6286,804,true,4,3,0
6287,361,true,1,0,0
6288,330,true,1,0,0
6289,274,true,1,0,0
6290,486,true,1,0,0
6291,346,true,1,0,0
6292,1287,true,2,1,0
6293,547,true,2,1,0
6294,822,true,2,1,0
6295,494,true,1,0,0
6296,506,true,1,0,0
6297,1032,true,2,1,0
6298,404,true,1,0,0
6299,3670,true,3,2,0
6300,1724,true,2,1,0
6301,35792,true,3,2,0
6302,500,true,1,0,0
6303,573184,true,2,0,1
6304,66622,true,3,1,1
6305,1182,true,2,1,0
6306,894,true,1,0,0
6307,2070,true,3,2,0
6308,434,true,1,0,0
6309,6499,true,4,3,0
6310,459,true,1,0,0
6311,543,true,1,0,0
6312,1951,true,3,2,0
6313,675,true,1,0,0
6314,377,true,1,0,0
6315,349,true,1,0,0
6316,889,true,1,0,0
6317,1271,true,3,2,0
6318,776,true,2,1,0
6319,480,true,1,0,0
6320,514,true,1,0,0
6321,76494,true,2,0,1
6322,9675,true,1,0,0
6323,1033,true,2,1,0
6324,727,true,1,0,0
6325,732,true,1,0,0
6326,660,true,1,0,0
6327,1149,true,3,2,0
6328,450,true,1,0,0
6329,282,true,1,0,0
6330,609,true,1,0,0
6331,586,true,1,0,0
6332,475,true,1,0,0
6333,1743,true,3,2,0
6334,372,true,1,0,0
6335,365,true,1,0,0
6336,1626,true,2,1,0
6337,16203,true,3,1,1
6338,1290,true,4,3,0
6339,334,true,1,0,0
6340,537,true,2,1,0
6341,2037,true,2,1,0
6342,683,true,1,0,0
6343,676,true,1,0,0
6344,517,true,2,1,0
6345,531,true,1,0,0
6346,1831,true,3,2,0
6347,487,true,1,0,0
6348,930,true,2,1,0
6349,363,true,1,0,0
6350,1407,true,1,0,0
6351,3918,true,4,3,0
6352,458,true,1,0,0
6353,393,true,1,0,0
6354,764,true,1,0,0
6355,558,true,1,0,0
6356,316,true,1,0,0
6357,635,true,1,0,0
6358,612,true,1,0,0
6359,4112,true,1,0,0
6360,387,true,1,0,0
6361,126519,true,6,5,0
6362,542,true,1,0,0
6363,2008,true,3,2,0
6364,814,true,2,1,0
6365,350,true,2,1,0
6366,441,true,1,0,0
6367,464,true,1,0,0
6368,587,true,3,2,0
6369,352,true,1,0,0
6370,433,true,1,0,0
6371,429,true,1,0,0
6372,523,true,1,0,0
6373,476,true,1,0,0
6374,610,true,1,0,0
6375,635,true,2,1,0
6376,409,true,2,1,0
6377,430,true,1,0,0
6378,1039,true,2,1,0
6379,515,true,1,0,0
6380,430,true,1,0,0
6381,479,true,1,0,0
6382,1252,true,3,2,0
6383,670,true,4,3,0
6384,813,true,2,1,0
6385,302,true,1,0,0
6386,710,true,3,2,0
6387,395,true,1,0,0
6388,322,true,1,0,0
6389,550,true,3,2,0
6390,626,true,1,0,0
6391,477,true,1,0,0
6392,2721,true,2,1,0
6393,20470,true,2,1,0
6394,306,true,1,0,0
6395,249,true,1,0,0
6396,429,true,1,0,0
6397,106050,true,2,0,1
6398,1340,true,3,2,0
6399,30367,true,3,2,0
6400,602,true,2,1,0
6401,253,true,1,0,0
6402,393,true,1,0,0
6403,4168,true,3,2,0
6404,425,true,1,0,0
6405,48902,true,5,3,1
6406,333,true,1,0,0
6407,127249,true,4,3,0
6408,409,true,1,0,0
6409,466,true,1,0,0
6410,197,true,1,0,0
6411,49113,true,3,1,1
6412,470,true,1,0,0
6413,531,true,1,0,0
6414,483,true,1,0,0
6415,395,true,1,0,0
6416,461,true,1,0,0
6417,507,true,1,0,0
6418,1440,true,2,1,0
6419,520,true,1,0,0
6420,871,true,1,0,0
6421,93560,true,5,2,2
6422,385,true,1,0,0
6423,484,true,1,0,0
6424,545,true,1,0,0
6425,835,true,1,0,0
6426,274,true,1,0,0
6427,305,true,1,0,0
6428,282,true,1,0,0
6429,515,true,1,0,0
6430,614,true,2,1,0
6431,901,true,2,1,0
6432,390,true,1,0,0
6433,347,true,1,0,0
6434,1488,true,4,3,0
6435,413,true,2,1,0
6436,303,true,1,0,0
6437,293,true,1,0,0
6438,5495,true,4,3,0
6439,387,true,1,0,0
6440,999,true,4,3,0
6441,357,true,1,0,0
6442,255,true,1,0,0
6443,834,true,2,1,0
6444,523,true,2,1,0
6445,636,true,2,1,0
6446,540,true,1,0,0
6447,685,true,1,0,0
6448,755,true,1,0,0
6449,506,true,1,0,0
6450,356,true,2,1,0
6451,211,true,1,0,0
6452,2937,true,4,3,0
6453,453,true,1,0,0
6454,374,true,1,0,0
6455,309,true,1,0,0
6456,838,true,2,1,0
6457,888,true,3,2,0
6458,1135,true,1,0,0
6459,1187,true,2,1,0
6460,1411,true,1,0,0
6461,47028,true,3,1,1
6462,215997,true,3,2,0
6463,452,true,1,0,0
6464,498,true,1,0,0
6465,12748,true,4,3,0
6466,320381,true,3,2,0
6467,437,true,1,0,0
6468,511,true,1,0,0
6469,11506,true,5,4,0
6470,1829,true,4,3,0
6471,441,true,1,0,0
6472,1085,true,2,1,0
6473,684,true,2,1,0
6474,1642,true,2,1,0
6475,479,true,1,0,0
6476,20589,true,8,7,0
6477,881,true,1,0,0
6478,1104,true,4,3,0
6479,487,true,2,1,0
6480,425,true,1,0,0
6481,727,true,1,0,0
6482,519,true,1,0,0
6483,123954,true,6,3,2
6484,382,true,2,1,0
6485,25920,true,2,0,1
6486,614,true,2,1,0
6487,486,true,1,0,0
6488,1877,true,2,1,0
6489,672,true,1,0,0
6490,1150,true,3,2,0
6491,603,true,1,0,0
6492,284,true,1,0,0
6493,397,true,1,0,0
6494,413,true,1,0,0
6495,466,true,1,0,0
6496,470,true,2,1,0
6497,342,true,1,0,0
6498,478,true,1,0,0
6499,1211,true,1,0,0
6500,178,true,1,0,0
6501,289,true,1,0,0
6502,474,true,1,0,0
6503,560,true,2,1,0
6504,366,true,1,0,0
6505,559,true,1,0,0
6506,625,true,2,1,0
6507,33652,true,2,1,0
6508,1419,true,2,1,0
6509,516,true,1,0,0
6510,647,true,1,0,0
6511,578515,true,2,0,1
6512,250,true,1,0,0
6513,501,true,1,0,0
6514,2851,true,1,0,0
6515,937,true,2,1,0
6516,410,true,1,0,0
6517,240,true,1,0,0
6518,273,true,1,0,0
6519,254,true,1,0,0
6520,751,true,2,1,0
6521,370,true,1,0,0
6522,1181,true,1,0,0
6523,363,true,2,1,0
6524,319,true,1,0,0
6525,543,true,1,0,0
6526,451,true,1,0,0
6527,17805,true,2,0,1
6528,318,true,1,0,0
6529,651060,true,4,3,0
6530,14455,true,2,0,1
6531,564,true,1,0,0
6532,1428,true,2,1,0
6533,997,true,2,1,0
6534,505,true,1,0,0
6535,466,true,1,0,0
6536,518,true,1,0,0
6537,623,true,2,1,0
6538,309,true,1,0,0
6539,414,true,1,0,0
6540,349,true,1,0,0
6541,430,true,1,0,0
6542,365,true,2,1,0
6543,1879,true,2,1,0
6544,334,true,1,0,0
6545,345,true,1,0,0
6546,198,true,1,0,0
6547,367,true,2,1,0
6548,339,true,1,0,0
6549,366,true,1,0,0
6550,101356,true,5,4,0
6551,477,true,1,0,0
6552,313,true,1,0,0
6553,277,true,1,0,0
6554,403,true,1,0,0
6555,526,true,1,0,0
6556,375,true,1,0,0
6557,998,true,2,1,0
6558,520,true,2,1,0
6559,446,true,1,0,0
6560,357,true,1,0,0
6561,281,true,1,0,0
6562,296,true,1,0,0
6563,472,true,2,1,0
6564,520,true,1,0,0
6565,392,true,1,0,0
6566,288,true,1,0,0
6567,402,true,1,0,0
6568,480,true,1,0,0
6569,10547,true,2,1,0
6570,451,true,1,0,0
6571,1070,true,1,0,0
6572,912,true,2,1,0
6573,451,true,1,0,0
6574,347,true,1,0,0
6575,827,true,1,0,0
6576,452,true,3,2,0
6577,613,true,1,0,0
6578,393,true,1,0,0
6579,1064,true,2,1,0
6580,336,true,1,0,0
6581,474,true,1,0,0
6582,678,true,2,1,0
6583,433,true,1,0,0
6584,423,true,2,1,0
6585,443,true,1,0,0
6586,309,true,1,0,0
6587,570,true,2,1,0
6588,748,true,2,1,0
6589,439,true,1,0,0
6590,700,true,1,0,0
6591,8206,true,2,1,0
6592,380,true,1,0,0
6593,422,true,1,0,0
6594,389,true,1,0,0
6595,269,true,1,0,0
6596,390,true,1,0,0
6597,188,true,1,0,0
6598,79654,true,2,1,0
6599,626,true,1,0,0
6600,779,true,1,0,0
6601,6093,true,7,6,0
6602,992,true,1,0,0
6603,441,true,1,0,0
6604,239,true,1,0,0
6605,991,true,3,2,0
6606,849,true,2,1,0
6607,505,true,1,0,0
6608,322,true,1,0,0
6609,401,true,1,0,0
6610,434,true,1,0,0
6611,1242,true,1,0,0
6612,340,true,1,0,0
6613,581,true,2,1,0
6614,214636,true,4,3,0
6615,250,true,1,0,0
6616,445,true,1,0,0
6617,66415,true,5,4,0
6618,1161,true,2,1,0
6619,550,true,1,0,0
6620,806,true,1,0,0
6621,1152,true,1,0,0
6622,391,true,1,0,0
6623,2030,true,2,1,0
6624,776,true,1,0,0
6625,48679,true,7,5,1
6626,1359,true,2,1,0
6627,34874,true,2,1,0
6628,560,true,1,0,0
6629,1942,true,2,1,0
6630,2285,true,2,1,0
6631,553,true,1,0,0
6632,454,true,1,0,0
6633,567,true,1,0,0
6634,633,true,1,0,0
6635,217,true,1,0,0
6636,608,true,1,0,0
6637,286,true,1,0,0
6638,398,true,1,0,0
6639,475,true,2,1,0
6640,25206,true,2,1,0
6641,919,true,2,1,0
6642,560,true,1,0,0
6643,1140,true,2,1,0
6644,54759,true,3,1,1
6645,355,true,1,0,0
6646,406,true,1,0,0
6647,44751,true,5,4,0
6648,480,true,2,1,0
6649,744,true,2,1,0
6650,2501,true,4,3,0
6651,727,true,1,0,0
6652,885,true,3,2,0
6653,1642,true,2,1,0
6654,1317,true,2,1,0
6655,352,true,1,0,0
6656,21301,true,2,0,1
6657,4910,true,3,2,0
6658,173234,true,4,3,0
6659,418,true,1,0,0
6660,288,true,1,0,0
6661,103941,true,3,2,0
6662,331,true,1,0,0
6663,611,true,1,0,0
6664,2133,true,4,3,0
6665,2070,true,3,2,0
6666,833,true,1,0,0
6667,346,true,1,0,0
6668,1355,true,3,2,0
6669,2228,true,8,7,0
6670,796,true,1,0,0
6671,233,true,1,0,0
6672,4948,true,3,2,0
6673,419,true,1,0,0
6674,333,true,1,0,0
6675,1339,true,3,2,0
6676,1187,true,2,1,0
6677,485,true,1,0,0
6678,646,true,2,1,0
6679,291,true,1,0,0
6680,2042,true,2,1,0
6681,3731,true,1,0,0
6682,39110,true,3,1,1
6683,449,true,2,1,0
6684,643,true,2,1,0
6685,2476,true,3,2,0
6686,628,true,1,0,0
6687,713,true,2,1,0
6688,314,true,1,0,0
6689,440,true,1,0,0
6690,50547,true,4,2,1
6691,724,true,2,1,0
6692,503,true,1,0,0
6693,544,true,1,0,0
6694,357,true,1,0,0
6695,306,true,1,0,0
6696,358,true,1,0,0
6697,291,true,2,1,0
6698,21105,true,2,1,0
6699,51338,true,3,1,1
6700,24592,true,2,0,1
6701,397,true,2,1,0
6702,417,true,1,0,0
6703,380,true,1,0,0
6704,608,true,1,0,0
6705,23547,true,2,0,1
6706,614,true,1,0,0
6707,124101,true,3,1,1
6708,561,true,2,1,0
6709,392,true,1,0,0
6710,441,true,1,0,0
6711,585,true,2,1,0
6712,390,true,2,1,0
6713,386,true,1,0,0
6714,271,true,1,0,0
6715,295,true,1,0,0
6716,344,true,1,0,0
6717,813,true,1,0,0
6718,816,true,2,1,0
6719,1211,true,2,1,0
6720,999,true,2,1,0
6721,732,true,1,0,0
6722,61709,true,5,3,1
6723,461,true,1,0,0
6724,1413,true,4,3,0
6725,1201,true,2,1,0
6726,388,true,1,0,0
6727,727,true,2,1,0
6728,631,true,2,1,0
6729,424,true,1,0,0
6730,304,true,1,0,0
6731,442,true,1,0,0
6732,1862,true,2,1,0
6733,410,true,1,0,0
6734,395,true,1,0,0
6735,641,true,2,1,0
6736,500,true,3,2,0
6737,458,true,2,1,0
6738,633,true,1,0,0
6739,8519,true,7,6,0
6740,229,true,1,0,0
6741,309,true,1,0,0
6742,301,true,1,0,0
6743,318,true,1,0,0
6744,568,true,3,2,0
6745,346,true,1,0,0
6746,519,true,1,0,0
6747,452,true,1,0,0
6748,621,true,2,1,0
6749,599,true,2,1,0
6750,1092,true,3,2,0
6751,539,true,1,0,0
6752,325,true,1,0,0
6753,384,true,1,0,0
6754,348,true,1,0,0
6755,271,true,1,0,0
6756,332,true,2,1,0
6757,332,true,1,0,0
6758,368,true,1,0,0
6759,302,true,1,0,0
6760,420,true,1,0,0
6761,832,true,2,1,0
6762,634,true,2,1,0
6763,501,true,2,1,0
6764,633,true,1,0,0
6765,290,true,1,0,0
6766,301,true,1,0,0
6767,828,true,2,1,0
6768,436,true,2,1,0
6769,11690,true,2,1,0
6770,651,true,1,0,0
6771,587,true,1,0,0
6772,1311,true,4,3,0
6773,1449,true,2,1,0
6774,1101,true,2,1,0
6775,322,true,1,0,0
6776,477,true,1,0,0
6777,448,true,1,0,0
6778,611,true,1,0,0
6779,1555,true,3,2,0
6780,493,true,2,1,0
6781,1316,true,3,2,0
6782,760,true,2,1,0
6783,425,true,1,0,0
6784,918,true,2,1,0
6785,642,true,2,1,0
6786,1020,true,3,2,0
6787,684,true,1,0,0
6788,1148,true,4,3,0
6789,4850,true,2,1,0
6790,389,true,2,1,0
6791,610,true,1,0,0
6792,242,true,1,0,0
6793,590,true,1,0,0
6794,718,true,1,0,0
6795,405,true,2,1,0
6796,251,true,1,0,0
6797,356,true,1,0,0
6798,494,true,1,0,0
6799,274,true,1,0,0
6800,433,true,1,0,0
6801,812,true,2,1,0
6802,15308,true,1,0,0
6803,378,true,1,0,0
6804,248,true,1,0,0
6805,393,true,1,0,0
6806,1255,true,3,2,0
6807,596,true,2,1,0
6808,604,true,1,0,0
6809,165973,true,3,1,1
6810,597,true,1,0,0
6811,346,true,1,0,0
6812,466,true,1,0,0
6813,539,true,3,2,0
6814,270,true,1,0,0
6815,3726,true,2,1,0
6816,1609,true,3,2,0
6817,37912,true,3,2,0
6818,302,true,1,0,0
6819,785,true,2,1,0
6820,9178,true,7,6,0
6821,419,true,1,0,0
6822,32016,true,2,0,1
6823,5864,true,4,3,0
6824,281,true,1,0,0
6825,66765,true,3,2,0
6826,394,true,1,0,0
6827,1041,true,3,2,0
6828,8763,true,2,1,0
6829,577,true,3,2,0
6830,593,true,2,1,0
6831,1952,true,2,1,0
6832,353,true,1,0,0
6833,40439,true,2,0,1
6834,10464,true,3,2,0
6835,265,true,1,0,0
6836,437,true,1,0,0
6837,937,true,2,1,0
6838,229,true,1,0,0
6839,302,true,1,0,0
6840,357,true,1,0,0
6841,324,true,1,0,0
6842,1337,true,5,4,0
6843,299,true,1,0,0
6844,258,true,1,0,0
6845,994,true,2,1,0
6846,11229,true,1,0,0
6847,559,true,2,1,0
6848,430,true,1,0,0
6849,320,true,1,0,0
6850,1023,true,3,2,0
6851,918,true,1,0,0
6852,303,true,1,0,0
6853,1456,true,3,2,0
6854,405,true,1,0,0
6855,358,true,1,0,0
6856,309,true,1,0,0
6857,27363,true,3,1,1
6858,1280,true,4,3,0
6859,364,true,2,1,0
6860,1303,true,1,0,0
6861,270,true,1,0,0
6862,902,true,3,2,0
6863,230038,true,6,5,0
6864,559,true,1,0,0
6865,479,true,1,0,0
6866,770,true,2,1,0
6867,463,true,4,3,0
6868,1190,true,1,0,0
6869,393,true,2,1,0
6870,464,true,2,1,0
6871,55909,true,5,4,0
6872,900,true,1,0,0
6873,2239,true,2,1,0
6874,2481,true,3,2,0
6875,409,true,2,1,0
6876,662,true,1,0,0
6877,538,true,1,0,0
6878,381,true,1,0,0
6879,315,true,1,0,0
6880,325,true,1,0,0
6881,305,true,1,0,0
6882,265,true,1,0,0
6883,364,true,1,0,0
6884,864,true,2,1,0
6885,661,true,1,0,0
6886,404,true,1,0,0
6887,439,true,2,1,0
6888,463,true,1,0,0
6889,292,true,1,0,0
6890,270,true,1,0,0
6891,940,true,2,1,0
6892,1137,true,2,1,0
6893,428,true,1,0,0
6894,276,true,1,0,0
6895,708,true,1,0,0
6896,376,true,1,0,0
6897,424,true,1,0,0
6898,648,true,2,1,0
6899,19614,true,3,2,0
6900,673,true,1,0,0
6901,464,true,1,0,0
6902,302,true,2,1,0
6903,489,true,1,0,0
6904,1446,true,3,2,0
6905,259,true,1,0,0
6906,418,true,1,0,0
6907,384,true,1,0,0
6908,371,true,1,0,0
6909,492,true,1,0,0
6910,7875,true,6,5,0
6911,268,true,1,0,0
6912,309,true,1,0,0
6913,587,true,2,1,0
6914,316,true,1,0,0
6915,470,true,2,1,0
6916,481,true,1,0,0
6917,484,true,1,0,0
6918,344,true,1,0,0
6919,69476,true,3,2,0
6920,344,true,1,0,0
6921,319,true,1,0,0
6922,375,true,1,0,0
6923,937,true,2,1,0
6924,344,true,1,0,0
6925,522,true,4,3,0
6926,870,true,4,3,0
6927,905,true,3,2,0
6928,37143,true,3,1,1
6929,662,true,2,1,0
6930,619,true,2,1,0
6931,542,true,1,0,0
6932,972,true,2,1,0
6933,3541,true,5,4,0
6934,296,true,1,0,0
6935,440,true,2,1,0
6936,656,true,3,2,0
6937,1202,true,2,1,0
6938,12661,true,3,1,1
6939,24049,true,2,0,1
6940,360,true,1,0,0
6941,1336,true,2,1,0
6942,10874,true,2,0,1
6943,73289,true,7,5,1
6944,366,true,1,0,0
6945,940,true,3,2,0
6946,289,true,1,0,0
6947,408,true,1,0,0
6948,322,true,1,0,0
6949,529,true,1,0,0
6950,264,true,1,0,0
6951,292,true,1,0,0
6952,516,true,1,0,0
6953,489,true,1,0,0
6954,338,true,1,0,0
6955,380,true,1,0,0
6956,212,true,1,0,0
6957,387,true,1,0,0
6958,720,true,1,0,0
6959,360,true,1,0,0
6960,35083,true,2,1,0
6961,367,true,1,0,0
6962,1353,true,1,0,0
6963,382,true,1,0,0
6964,1264,true,2,1,0
6965,395,true,2,1,0
6966,1495,true,3,2,0
6967,435,true,1,0,0
6968,558,true,3,2,0
6969,1032,true,2,1,0
6970,1683,true,2,1,0
6971,393,true,1,0,0
6972,377,true,1,0,0
6973,548,true,1,0,0
6974,363,true,1,0,0
6975,598,true,1,0,0
6976,463,true,1,0,0
6977,323,true,1,0,0
6978,360,true,1,0,0
6979,13369,true,3,1,1
6980,576,true,1,0,0
6981,623,true,1,0,0
6982,33919,true,3,1,1
6983,461,true,2,1,0
6984,25364,true,3,2,0
6985,243,true,1,0,0
6986,348,true,1,0,0
6987,271,true,1,0,0
6988,579,true,2,1,0
6989,910,true,2,1,0
6990,512,true,1,0,0
6991,628,true,2,1,0
6992,677,true,1,0,0
6993,336,true,1,0,0
6994,340,true,1,0,0
6995,249,true,1,0,0
6996,388,true,1,0,0
6997,2001,true,3,2,0
6998,1984,true,4,3,0
6999,309,true,1,0,0
7000,415,true,2,1,0
7001,338,true,1,0,0
7002,215,true,1,0,0
7003,257,true,1,0,0
7004,346,true,1,0,0
7005,268,true,1,0,0
7006,425,true,1,0,0
7007,341,true,1,0,0
7008,3567,true,5,4,0
7009,129661,true,3,2,0
7010,1137,true,4,3,0
7011,405,true,1,0,0
7012,544,true,1,0,0
7013,331,true,1,0,0
7014,385,true,1,0,0
7015,339,true,1,0,0
7016,2004,true,2,1,0
7017,384,true,1,0,0
7018,361,true,1,0,0
7019,28308,true,3,2,0
7020,755,true,1,0,0
7021,2843,true,3,2,0
7022,631,true,1,0,0
7023,554498,true,2,1,0
7024,711,true,2,1,0
7025,224,true,1,0,0
7026,570,true,1,0,0
7027,644,true,2,1,0
7028,640,true,4,3,0
7029,1412,true,4,3,0
7030,331,true,2,1,0
7031,703,true,2,1,0
7032,256,true,1,0,0
7033,416,true,1,0,0
7034,428,true,1,0,0
7035,4868,true,6,5,0
7036,363,true,1,0,0
7037,529,true,1,0,0
7038,928,true,2,1,0
7039,1406,true,2,1,0
7040,676,true,2,1,0
7041,334,true,1,0,0
7042,284,true,1,0,0
7043,432,true,1,0,0
7044,299,true,1,0,0
7045,404,true,1,0,0
7046,681,true,1,0,0
7047,97982,true,5,4,0
7048,432,true,1,0,0
7049,1530,true,5,4,0
7050,376,true,1,0,0
7051,672,true,1,0,0
7052,377,true,1,0,0
7053,244,true,1,0,0
7054,498,true,1,0,0
7055,1582,true,3,2,0
7056,1114,true,2,1,0
7057,405,true,1,0,0
7058,2348,true,2,1,0
7059,47521,true,3,1,1
7060,942,true,1,0,0
7061,5916,true,1,0,0
7062,5497,true,4,3,0
7063,2074,true,3,2,0
7064,815,true,2,1,0
7065,528,true,1,0,0
7066,688,true,2,1,0
7067,1038,true,2,1,0
7068,382,true,1,0,0
7069,261,true,1,0,0
7070,783,true,2,1,0
7071,383,true,1,0,0
7072,1082,true,2,1,0
7073,2015,true,3,2,0
7074,813,true,3,2,0
7075,6401,true,2,1,0
7076,533,true,1,0,0
7077,834,true,1,0,0
7078,365,true,1,0,0
7079,475,true,1,0,0
7080,4525,true,1,0,0
7081,524,true,2,1,0
7082,304,true,1,0,0
7083,748,true,1,0,0
7084,369,true,1,0,0
7085,81207,true,2,0,1
7086,496,true,1,0,0
7087,999,true,3,2,0
7088,279,true,1,0,0
7089,384,true,1,0,0
7090,310,true,1,0,0
7091,2034,true,1,0,0
7092,367,true,1,0,0
7093,4504,true,2,1,0
7094,412,true,1,0,0
7095,639,true,2,1,0
7096,2616,true,3,2,0
7097,477,true,1,0,0
7098,206,true,1,0,0
7099,398,true,2,1,0
7100,2604,true,4,3,0
7101,2186,true,5,4,0
7102,4062,true,1,0,0
7103,394,true,1,0,0
7104,738,true,2,1,0
7105,373,true,1,0,0
7106,347,true,1,0,0
7107,485,true,1,0,0
7108,409,true,1,0,0
7109,355,true,1,0,0
7110,3401,true,3,2,0
7111,398,true,1,0,0
7112,382,true,1,0,0
7113,306,true,1,0,0
7114,439,true,1,0,0
7115,335,true,1,0,0
7116,657,true,1,0,0
7117,502,true,1,0,0
7118,553,true,1,0,0
7119,502,true,2,1,0
7120,719,true,2,1,0
7121,2224,true,3,2,0
7122,347,true,1,0,0
7123,3614,true,4,3,0
7124,11623,true,4,3,0
7125,524,true,4,3,0
7126,74226,true,4,3,0
7127,447,true,2,1,0
7128,1247,true,3,2,0
7129,273,true,1,0,0
7130,880,true,3,2,0
7131,671,true,1,0,0
7132,254,true,1,0,0
7133,271,true,1,0,0
7134,607,true,1,0,0
7135,44778,true,3,1,1
7136,321,true,1,0,0
7137,6839,true,2,1,0
7138,452,true,1,0,0
7139,302,true,2,1,0
7140,308,true,1,0,0
7141,8807,true,6,5,0
7142,318,true,1,0,0
7143,553,true,1,0,0
7144,688,true,1,0,0
7145,547,true,1,0,0
7146,676,true,2,1,0
7147,751,true,1,0,0
7148,363,true,1,0,0
7149,466,true,1,0,0
7150,737,true,1,0,0
7151,1198,true,2,1,0
7152,439,true,1,0,0
7153,1106,true,3,2,0
7154,148712,true,2,1,0
7155,299,true,1,0,0
7156,8690,true,3,2,0
7157,904,true,2,1,0
7158,338,true,1,0,0
7159,1084,true,2,1,0
7160,380,true,1,0,0
7161,310,true,1,0,0
7162,229,true,1,0,0
7163,9225,true,3,2,0
7164,456,true,1,0,0
7165,798,true,1,0,0
7166,541,true,2,1,0
7167,386,true,1,0,0
7168,393,true,1,0,0
7169,13492,true,3,2,0
7170,1136,true,3,2,0
7171,1441,true,2,1,0
7172,407,true,1,0,0
7173,324,true,1,0,0
7174,618,true,1,0,0
7175,376,true,1,0,0
7176,570,true,1,0,0
7177,543,true,1,0,0
7178,1149,true,2,1,0
7179,414,true,1,0,0
7180,17969,true,5,4,0
7181,346,true,2,1,0
7182,519,true,1,0,0
7183,10144,true,1,0,0
7184,20911,true,2,0,1
7185,1167,true,3,2,0
7186,48401,true,5,4,0
7187,1430,true,2,1,0
7188,415,true,2,1,0
7189,20491,true,8,7,0
7190,203,true,1,0,0
7191,237,true,1,0,0
7192,729,true,2,1,0
7193,411,true,1,0,0
7194,268,true,1,0,0
7195,1670,true,2,1,0
7196,392,true,1,0,0
7197,548,true,2,1,0
7198,532,true,1,0,0
7199,2009,true,5,4,0
7200,1165,true,4,3,0
7201,228,true,1,0,0
7202,429,true,1,0,0
7203,206,true,1,0,0
7204,360,true,1,0,0
7205,468,true,1,0,0
7206,3096,true,1,0,0
7207,346,true,1,0,0
7208,576,true,1,0,0
7209,1472,true,5,4,0
7210,466,true,1,0,0
7211,875,true,3,2,0
7212,1586,true,3,2,0
7213,614,true,1,0,0
7214,789,true,1,0,0
7215,530,true,1,0,0
7216,1015,true,2,1,0
7217,3960,true,2,1,0
7218,741,true,1,0,0
7219,889,true,1,0,0
7220,979,true,4,3,0
7221,470,true,1,0,0
7222,986,true,2,1,0
7223,740,true,2,1,0
7224,903,true,3,2,0
7225,393,true,1,0,0
7226,891,true,1,0,0
7227,336,true,2,1,0
7228,299,true,1,0,0
7229,355,true,1,0,0
7230,257,true,1,0,0
7231,444,true,1,0,0
7232,415,true,1,0,0
7233,460,true,1,0,0
7234,284,true,1,0,0
7235,291,true,1,0,0
7236,58626,true,3,1,1
7237,2918,true,3,2,0
7238,1140,true,2,1,0
7239,821,true,2,1,0
7240,1275,true,2,1,0
7241,7496,true,7,6,0
7242,275,true,1,0,0
7243,600,true,1,0,0
7244,379,true,2,1,0
7245,367,true,1,0,0
7246,511,true,1,0,0
7247,414,true,1,0,0
7248,344,true,1,0,0
7249,457,true,1,0,0
7250,336,true,1,0,0
7251,391,true,1,0,0
7252,388,true,1,0,0
7253,411,true,1,0,0
7254,90747,true,3,2,0
7255,467,true,1,0,0
7256,492,true,1,0,0
7257,2545,true,3,2,0
7258,442,true,1,0,0
7259,374,true,1,0,0
7260,616,true,2,1,0
7261,1366,true,4,3,0
7262,353,true,1,0,0
7263,288,true,1,0,0
7264,590,true,2,1,0
7265,364,true,2,1,0
7266,505,true,1,0,0
7267,6095,true,2,1,0
7268,711,true,1,0,0
7269,1637,true,3,2,0
7270,31240,true,5,3,1
7271,1131,true,3,2,0
7272,841,true,1,0,0
7273,905,true,1,0,0
7274,759,true,2,1,0
7275,10826,true,2,1,0
7276,425,true,1,0,0
7277,73600,true,3,1,1
7278,1399,true,3,2,0
7279,931,true,3,2,0
7280,684,true,1,0,0
7281,515,true,1,0,0
7282,1284,true,2,1,0
7283,95742,true,4,3,0
7284,499,true,1,0,0
7285,564,true,1,0,0
7286,4073,true,2,1,0
7287,199802,true,3,2,0
7288,442760,true,4,2,1
7289,1196,true,3,2,0
7290,4202,true,3,2,0
7291,2366,true,3,2,0
7292,1076,true,2,1,0
7293,688,true,2,1,0
7294,410,true,1,0,0
7295,527,true,1,0,0
7296,795,true,2,1,0
7297,612,true,1,0,0
7298,1134,true,3,2,0
7299,405,true,1,0,0
7300,290,true,1,0,0
7301,562,true,2,1,0
7302,925,true,2,1,0
7303,264,true,1,0,0
7304,1339,true,2,1,0
7305,285,true,1,0,0
7306,20625,true,1,0,0
7307,256,true,1,0,0
7308,577,true,2,1,0
7309,583,true,1,0,0
7310,81842,true,3,2,0
7311,353,true,1,0,0
7312,24594,true,2,1,0
7313,32840,true,3,2,0
7314,321,true,1,0,0
7315,509,true,2,1,0
7316,997,true,2,1,0
7317,490,true,1,0,0
7318,282,true,1,0,0
7319,1061,true,3,2,0
7320,514,true,1,0,0
7321,20329,true,4,2,1
7322,557,true,2,1,0
7323,758,true,2,1,0
7324,227,true,1,0,0
7325,471,true,1,0,0
7326,352,true,1,0,0
7327,690,true,2,1,0
7328,355,true,1,0,0
7329,15351,true,3,2,0
7330,492,true,1,0,0
7331,519,true,1,0,0
7332,1140,true,2,1,0
7333,51829,true,4,2,1
7334,65224,true,2,1,0
7335,234,true,1,0,0
7336,436,true,1,0,0
7337,381,true,1,0,0
7338,357,true,1,0,0
7339,1070,true,2,1,0
7340,270,true,1,0,0
7341,1965,true,2,1,0
7342,417,true,1,0,0
7343,445,true,1,0,0
7344,1112,true,1,0,0
7345,3117,true,2,1,0
7346,430,true,1,0,0
7347,172,true,1,0,0
7348,1366,true,3,2,0
7349,346,true,1,0,0
7350,1325,true,3,2,0
7351,534,true,2,1,0
7352,381,true,1,0,0
7353,398,true,1,0,0
7354,572,true,1,0,0
7355,1347,true,2,1,0
7356,1327,true,2,1,0
7357,630,true,1,0,0
7358,473,true,1,0,0
7359,397,true,1,0,0
7360,504,true,2,1,0
7361,399,true,1,0,0
7362,694,true,1,0,0
7363,353,true,1,0,0
7364,1537,true,2,1,0
7365,422,true,1,0,0
7366,20584,true,2,0,1
7367,387,true,1,0,0
7368,281,true,1,0,0
7369,529,true,2,1,0
7370,413,true,1,0,0
7371,321,true,1,0,0
7372,1576,true,3,2,0
7373,327,true,1,0,0
7374,291,true,1,0,0
7375,286,true,1,0,0
7376,45734,true,6,4,1
7377,505,true,2,1,0
7378,1688,true,2,1,0
7379,409,true,1,0,0
7380,502,true,1,0,0
7381,356,true,1,0,0
7382,364,true,1,0,0
7383,318,true,1,0,0
7384,33229,true,5,4,0
7385,649,true,1,0,0
7386,399,true,1,0,0
7387,4164,true,2,1,0
7388,527,true,1,0,0
7389,530,true,1,0,0
7390,891,true,1,0,0
7391,343,true,1,0,0
7392,2302,true,5,4,0
7393,911,true,2,1,0
7394,401,true,1,0,0
7395,850,true,1,0,0
7396,526,true,1,0,0
7397,492766,true,5,3,1
7398,1010,true,2,1,0
7399,390,true,1,0,0
7400,346,true,1,0,0
7401,1054,true,2,1,0
7402,646,true,2,1,0
7403,346,true,1,0,0
7404,677,true,2,1,0
7405,690,true,2,1,0
7406,456,true,2,1,0
7407,440,true,1,0,0
7408,467,true,1,0,0
7409,508,true,4,3,0
7410,647,true,1,0,0
7411,466,true,2,1,0
7412,585,true,1,0,0
7413,355,true,1,0,0
7414,489,true,1,0,0
7415,975,true,3,2,0
7416,405,true,2,1,0
7417,306,true,1,0,0
7418,4978,true,1,0,0
7419,3514,true,5,4,0
7420,464,true,1,0,0
7421,346,true,1,0,0
7422,79086,true,5,3,1
7423,315,true,2,1,0
7424,129622,true,7,6,0
7425,767,true,2,1,0
7426,286,true,1,0,0
7427,587,true,2,1,0
7428,5174,true,2,1,0
7429,960,true,3,2,0
7430,2797,true,3,2,0
7431,471,true,1,0,0
7432,539,true,1,0,0
7433,280,true,1,0,0
7434,401,true,1,0,0
7435,575,true,1,0,0
7436,471,true,1,0,0
7437,6625,true,3,2,0
7438,457,true,1,0,0
7439,532,true,2,1,0
7440,389,true,1,0,0
7441,318,true,1,0,0
7442,701,true,2,1,0
7443,485,true,1,0,0
7444,826,true,1,0,0
7445,584,true,2,1,0
7446,719,true,2,1,0
7447,3852,true,3,2,0
7448,450,true,1,0,0
7449,766,true,2,1,0
7450,468,true,1,0,0
7451,324,true,1,0,0
7452,321,true,1,0,0
7453,31835,true,2,1,0
7454,471,true,1,0,0
7455,841,true,1,0,0
7456,740,true,1,0,0
7457,865,true,1,0,0
7458,413,true,1,0,0
7459,350,true,1,0,0
7460,355,true,1,0,0
7461,786,true,1,0,0
7462,466,true,1,0,0
7463,538,true,2,1,0
7464,789,true,2,1,0
7465,261,true,1,0,0
7466,359,true,1,0,0
7467,562,true,1,0,0
7468,1438,true,2,1,0
7469,397,true,1,0,0
7470,421,true,1,0,0
7471,3330,true,3,2,0
7472,797,true,2,1,0
7473,258252,true,8,6,1
7474,164267,true,2,1,0
7475,439,true,1,0,0
7476,533,true,1,0,0
7477,392,true,1,0,0
7478,480,true,1,0,0
7479,20688,true,3,2,0
7480,644,true,1,0,0
7481,374,true,1,0,0
7482,314,true,1,0,0
7483,796,true,1,0,0
7484,400,true,1,0,0
7485,373,true,2,1,0
7486,138473,true,4,3,0
7487,2499,true,2,1,0
7488,379,true,1,0,0
7489,2236,true,2,1,0
7490,378,true,1,0,0
7491,456,true,1,0,0
7492,805,true,1,0,0
7493,4118,true,3,2,0
7494,850,true,1,0,0
7495,1030,true,1,0,0
7496,7717,true,3,2,0
7497,219,true,1,0,0
7498,319,true,1,0,0
7499,865,true,2,1,0
7500,100473,true,4,2,1
7501,1219,true,3,2,0
7502,584,true,1,0,0
7503,2575,true,3,2,0
7504,594,true,2,1,0
7505,3122,true,1,0,0
7506,319,true,1,0,0
7507,315,true,1,0,0
7508,1048,true,2,1,0
7509,384,true,1,0,0
7510,813,true,3,2,0
7511,782,true,2,1,0
7512,124947,true,2,1,0
7513,261,true,1,0,0
7514,431,true,2,1,0
7515,282,true,1,0,0
7516,1160,true,2,1,0
7517,279,true,1,0,0
7518,488,true,2,1,0
7519,1197,true,3,2,0
7520,483,true,2,1,0
7521,24171,true,2,1,0
7522,24618,true,6,4,1
7523,351,true,1,0,0
7524,405,true,1,0,0
7525,563,true,3,2,0
7526,296,true,1,0,0
7527,637,true,2,1,0
7528,18768,true,2,1,0
7529,1222,true,3,2,0
7530,62999,true,2,1,0
7531,648,true,1,0,0
7532,726,true,1,0,0
7533,468,true,1,0,0
7534,1183,true,2,1,0
7535,286,true,1,0,0
7536,541,true,1,0,0
7537,458,true,1,0,0
7538,452,true,2,1,0
7539,1217,true,3,2,0
7540,448,true,1,0,0
7541,623,true,3,2,0
7542,291,true,1,0,0
7543,642,true,2,1,0
7544,262183,true,6,4,1
7545,538,true,1,0,0
7546,1222,true,2,1,0
7547,1076,true,2,1,0
7548,1168,true,1,0,0
7549,461,true,2,1,0
7550,1286,true,2,1,0
7551,281,true,1,0,0
7552,291,true,1,0,0
7553,2011,true,2,1,0
7554,715,true,1,0,0
7555,397,true,1,0,0
7556,5585,true,4,3,0
7557,546,true,1,0,0
7558,314,true,1,0,0
7559,317,true,1,0,0
7560,482,true,1,0,0
7561,19761,true,4,2,1
7562,501,true,1,0,0
7563,679,true,2,1,0
7564,644,true,1,0,0
7565,4296,true,4,3,0
7566,2810,true,2,1,0
7567,448,true,1,0,0
7568,422,true,3,2,0
7569,3533,true,5,4,0
7570,22931,true,3,2,0
7571,350,true,1,0,0
7572,508,true,1,0,0
7573,336,true,1,0,0
7574,425,true,2,1,0
7575,181927,true,3,2,0
7576,458,true,1,0,0
7577,352,true,1,0,0
7578,419,true,1,0,0
7579,668,true,2,1,0
7580,5072,true,2,1,0
7581,635,true,1,0,0
7582,499,true,1,0,0
7583,999,true,2,1,0
7584,107765,true,2,1,0
7585,306,true,1,0,0
7586,276,true,1,0,0
7587,1452,true,3,2,0
7588,311,true,1,0,0
7589,61404,true,2,1,0
7590,375,true,1,0,0
7591,661,true,3,2,0
7592,1333,true,3,2,0
7593,1829,true,2,1,0
7594,206,true,1,0,0
7595,348,true,1,0,0
7596,916,true,2,1,0
7597,541,true,1,0,0
7598,442,true,1,0,0
7599,434,true,1,0,0
7600,441,true,1,0,0
7601,439,true,1,0,0
7602,592,true,1,0,0
7603,495,true,1,0,0
7604,479,true,1,0,0
7605,651,true,1,0,0
7606,772,true,1,0,0
7607,11045,true,3,1,1
7608,390,true,1,0,0
7609,125582,true,8,6,1
7610,278,true,1,0,0
7611,380,true,1,0,0
7612,416,true,1,0,0
7613,428,true,1,0,0
7614,866,true,1,0,0
7615,1538,true,4,3,0
7616,2000,true,1,0,0
7617,11849,true,1,0,0
7618,55432,true,2,0,1
7619,378,true,1,0,0
7620,397,true,1,0,0
7621,623,true,1,0,0
7622,987,true,1,0,0
7623,234,true,1,0,0
7624,581,true,1,0,0
7625,383,true,1,0,0
7626,659,true,1,0,0
7627,344,true,1,0,0
7628,1076,true,2,1,0
7629,547,true,1,0,0
7630,315,true,1,0,0
7631,502,true,1,0,0
7632,3095,true,4,3,0
7633,523,true,1,0,0
7634,425,true,1,0,0
7635,641,true,1,0,0
7636,591,true,1,0,0
7637,3749,true,2,1,0
7638,330,true,1,0,0
7639,335,true,1,0,0
7640,545,true,2,1,0
7641,922,true,2,1,0
7642,5991,true,4,3,0
7643,326,true,1,0,0
7644,491,true,1,0,0
7645,457,true,1,0,0
7646,260,true,1,0,0
7647,10827,true,3,2,0
7648,455,true,1,0,0
7649,518,true,1,0,0
7650,8881,true,4,2,1
7651,561,true,1,0,0
7652,821,true,2,1,0
7653,268,true,1,0,0
7654,1754,true,4,3,0
7655,25193,true,3,2,0
7656,1633,true,3,2,0
7657,80647,true,2,1,0
7658,438,true,1,0,0
7659,2589,true,4,3,0
7660,590,true,1,0,0
7661,1199,true,2,1,0
7662,391,true,1,0,0
7663,337,true,1,0,0
7664,243,true,1,0,0
7665,331,true,1,0,0
7666,1526,true,2,1,0
7667,38329,true,2,1,0
7668,675,true,1,0,0
7669,383,true,1,0,0
7670,912,true,2,1,0
7671,851,true,1,0,0
7672,633,true,1,0,0
7673,1048,true,1,0,0
7674,609,true,2,1,0
7675,26687,true,5,3,1
7676,308,true,1,0,0
7677,76450,true,4,2,1
7678,7813,true,3,2,0
7679,444,true,1,0,0
7680,285,true,1,0,0
7681,604,true,1,0,0
7682,233,true,1,0,0
7683,380,true,1,0,0
7684,237,true,1,0,0
7685,283,true,1,0,0
7686,117235,true,4,2,1
7687,317,true,1,0,0
7688,414,true,1,0,0
7689,424,true,1,0,0
7690,582,true,1,0,0
7691,259,true,1,0,0
7692,431,true,1,0,0
7693,25605,true,3,1,1
7694,309,true,1,0,0
7695,160841,true,2,0,1
7696,551,true,1,0,0
7697,257,true,1,0,0
7698,473,true,1,0,0
7699,409,true,1,0,0
7700,332,true,1,0,0
7701,724,true,1,0,0
7702,372,true,1,0,0
7703,268,true,1,0,0
7704,252,true,1,0,0
7705,341,true,1,0,0
7706,428,true,1,0,0
7707,636,true,3,2,0
7708,384,true,1,0,0
7709,357,true,1,0,0
7710,2319,true,3,2,0
7711,50701,true,2,0,1
7712,523,true,2,1,0
7713,93989,true,3,2,0
7714,2306,true,3,2,0
7715,1374,true,3,2,0
7716,583,true,3,2,0
7717,419,true,1,0,0
7718,597,true,1,0,0
7719,607,true,1,0,0
7720,2524,true,4,3,0
7721,579768,true,2,1,0
7722,27268,true,2,1,0
7723,1642,true,2,1,0
7724,275,true,1,0,0
7725,386,true,1,0,0
7726,558,true,1,0,0
7727,364,true,1,0,0
7728,921,true,2,1,0
7729,5942,true,5,4,0
7730,434,true,2,1,0
7731,722,true,3,2,0
7732,254,true,1,0,0
7733,25380,true,2,1,0
7734,953,true,1,0,0
7735,559,true,1,0,0
7736,406,true,1,0,0
7737,696,true,2,1,0
7738,322,true,1,0,0
7739,573,true,1,0,0
7740,645,true,2,1,0
7741,601,true,1,0,0
7742,297,true,1,0,0
7743,581,true,1,0,0
7744,308,true,1,0,0
7745,466,true,1,0,0
7746,558,true,1,0,0
7747,868,true,3,2,0
7748,609,true,1,0,0
7749,3380,true,1,0,0
7750,436,true,2,1,0
7751,319,true,1,0,0
7752,740,true,1,0,0
7753,505,true,1,0,0
7754,41742,true,2,1,0
7755,2275,true,2,1,0
7756,1287,true,2,1,0
7757,572,true,2,1,0
7758,50304,true,3,1,1
7759,475,true,2,1,0
7760,443,true,1,0,0
7761,487,true,2,1,0
7762,630,true,1,0,0
7763,3025,true,2,1,0
7764,371,true,1,0,0
7765,305,true,1,0,0
7766,363,true,1,0,0
7767,1223,true,2,1,0
7768,893,true,2,1,0
7769,461,true,1,0,0
7770,3613,true,2,1,0
7771,8479,true,2,1,0
7772,3649,true,2,1,0
7773,501,true,1,0,0
7774,386,true,1,0,0
7775,480,true,1,0,0
7776,321,true,1,0,0
7777,166795,true,2,1,0
7778,325,true,1,0,0
7779,524,true,2,1,0
7780,10035,true,3,2,0
7781,426,true,1,0,0
7782,410,true,1,0,0
7783,349,true,1,0,0
7784,601,true,1,0,0
7785,1148,true,2,1,0
7786,975,true,1,0,0
7787,47150,true,3,2,0
7788,511,true,1,0,0
7789,279,true,1,0,0
7790,23694,true,1,0,0
7791,362,true,1,0,0
7792,2026,true,4,3,0
7793,17507,true,3,2,0
7794,222,true,1,0,0
7795,497,true,1,0,0
7796,317,true,1,0,0
7797,1816,true,4,3,0
7798,323,true,1,0,0
7799,386,true,1,0,0
7800,277,true,1,0,0
7801,4444,true,6,5,0
7802,347,true,1,0,0
7803,247,true,1,0,0
7804,363,true,1,0,0
7805,110149,true,5,2,2
7806,551,true,1,0,0
7807,31269,true,3,2,0
7808,462,true,1,0,0
7809,842,true,1,0,0
7810,422,true,1,0,0
7811,1216,true,3,2,0
7812,416,true,1,0,0
7813,673,true,2,1,0
7814,445,true,2,1,0
7815,1428,true,3,2,0
7816,479,true,1,0,0
7817,386,true,2,1,0
7818,936,true,3,2,0
7819,369,true,2,1,0
7820,419,true,1,0,0
7821,440,true,2,1,0
7822,431,true,2,1,0
7823,525,true,1,0,0
7824,487,true,1,0,0
7825,537,true,3,2,0
7826,445,true,1,0,0
7827,321,true,1,0,0
7828,961,true,3,2,0
7829,376,true,1,0,0
7830,2637,true,4,3,0
7831,880,true,2,1,0
7832,3341,true,3,2,0
7833,308,true,1,0,0
7834,795,true,2,1,0
7835,281,true,1,0,0
7836,453,true,1,0,0
7837,316,true,1,0,0
7838,763,true,3,2,0
7839,356,true,1,0,0
7840,520,true,1,0,0
7841,1049,true,3,2,0
7842,484,true,1,0,0
7843,224,true,1,0,0
7844,8030,true,3,2,0
7845,3565,true,2,1,0
7846,2748,true,2,1,0
7847,554,true,1,0,0
7848,1043,true,1,0,0
7849,443,true,2,1,0
7850,336,true,1,0,0
7851,384,true,1,0,0
7852,769,true,1,0,0
7853,1232,true,2,1,0
7854,507,true,1,0,0
7855,381,true,1,0,0
7856,1102,true,1,0,0
7857,438,true,1,0,0
7858,602,true,1,0,0
7859,448,true,1,0,0
7860,13016,true,4,3,0
7861,4586,true,3,2,0
7862,1089,true,1,0,0
7863,465,true,1,0,0
7864,787,true,1,0,0
7865,736,true,1,0,0
7866,1155,true,1,0,0
7867,433,true,1,0,0
7868,563,true,2,1,0
7869,355,true,1,0,0
7870,3243,true,4,3,0
7871,4258,true,3,2,0
7872,69773,true,6,4,1
7873,180,true,1,0,0
7874,933,true,3,2,0
7875,933,true,2,1,0
7876,8486,true,3,2,0
7877,580,true,2,1,0
7878,6541,true,2,1,0
7879,689,true,2,1,0
7880,1047,true,2,1,0
7881,845,true,2,1,0
7882,965,true,3,2,0
7883,377,true,1,0,0
7884,462,true,1,0,0
7885,331,true,1,0,0
7886,339,true,1,0,0
7887,1049,true,5,4,0
7888,302,true,1,0,0
7889,2018,true,4,3,0
7890,414,true,1,0,0
7891,161732,true,2,1,0
7892,384,true,1,0,0
7893,442,true,1,0,0
7894,734,true,2,1,0
7895,1387,true,2,1,0
7896,1120,true,3,2,0
7897,330,true,1,0,0
7898,499,true,1,0,0
7899,1523,true,2,1,0
7900,391,true,1,0,0
7901,507,true,1,0,0
7902,416,true,1,0,0
7903,372,true,1,0,0
7904,351,true,1,0,0
7905,1036,true,2,1,0
7906,392,true,1,0,0
7907,985,true,1,0,0
7908,13423,true,3,2,0
7909,527,true,1,0,0
7910,480,true,1,0,0
7911,1851,true,4,3,0
7912,322,true,1,0,0
7913,276,true,1,0,0
7914,595,true,2,1,0
7915,469,true,1,0,0
7916,356,true,1,0,0
7917,30513,true,2,0,1
7918,708,true,1,0,0
7919,696,true,2,1,0
7920,6010,true,5,4,0
7921,1095,true,2,1,0
7922,350,true,1,0,0
7923,35831,true,6,5,0
7924,416,true,1,0,0
7925,1133,true,2,1,0
7926,1090,true,2,1,0
7927,1094,true,2,1,0
7928,10899,true,2,1,0
7929,491,true,1,0,0
7930,3620,true,11,10,0
7931,656,true,1,0,0
7932,262,true,1,0,0
7933,35700,true,6,4,1
7934,6105,true,3,2,0
7935,414,true,1,0,0
7936,51526,true,2,0,1
7937,527,true,1,0,0
7938,3785,true,4,3,0
7939,271,true,1,0,0
7940,376,true,1,0,0
7941,417,true,1,0,0
7942,302,true,1,0,0
7943,459,true,2,1,0
7944,696,true,1,0,0
7945,248,true,1,0,0
7946,927,true,2,1,0
7947,506,true,1,0,0
7948,716,true,2,1,0
7949,547,true,1,0,0
7950,564,true,2,1,0
7951,362,true,1,0,0
7952,866,true,3,2,0
7953,307,true,1,0,0
7954,1240,true,3,2,0
7955,10007,true,2,1,0
7956,298,true,1,0,0
7957,1644,true,4,3,0
7958,420,true,1,0,0
7959,1391,true,1,0,0
7960,793,true,3,2,0
7961,458,true,1,0,0
7962,266,true,1,0,0
7963,442,true,1,0,0
7964,1025,true,2,1,0
7965,422,true,1,0,0
7966,376,true,2,1,0
7967,510,true,1,0,0
7968,482,true,1,0,0
7969,344,true,1,0,0
7970,433,true,1,0,0
7971,397,true,1,0,0
7972,422,true,1,0,0
7973,1388,true,5,4,0
7974,931,true,3,2,0
7975,243,true,1,0,0
7976,275,true,1,0,0
7977,30825,true,7,5,1
7978,393,true,1,0,0
7979,391,true,1,0,0
7980,301,true,1,0,0
7981,285,true,1,0,0
7982,582,true,4,3,0
7983,10370,true,3,2,0
7984,410,true,2,1,0
7985,294,true,1,0,0
7986,603,true,2,1,0
7987,3322,true,1,0,0
7988,920,true,1,0,0
7989,1430,true,2,1,0
7990,102736,true,2,0,1
7991,999,true,2,1,0
7992,902,true,2,1,0
7993,12155,true,2,1,0
7994,1092,true,2,1,0
7995,346,true,1,0,0
7996,300,true,1,0,0
7997,546,true,1,0,0
7998,555,true,1,0,0
7999,441,true,1,0,0
8000,378,true,1,0,0
8001,1160,true,3,2,0
8002,428,true,1,0,0
8003,1007,true,2,1,0
8004,53455,true,3,1,1
8005,376,true,1,0,0
8006,1263,true,3,2,0
8007,315,true,1,0,0
8008,758,true,1,0,0
8009,31410,true,2,0,1
8010,909,true,1,0,0
8011,2124,true,3,2,0
8012,644,true,2,1,0
8013,754,true,2,1,0
8014,325,true,1,0,0
8015,55515,true,5,3,1
8016,63008,true,2,0,1
8017,10798,true,2,1,0
8018,420,true,1,0,0
8019,288,true,1,0,0
8020,137103,true,1,0,0
8021,683,true,1,0,0
8022,640,true,3,2,0
8023,2177,true,2,1,0
8024,3727,true,2,1,0
8025,594,true,1,0,0
8026,554,true,1,0,0
8027,2763,true,1,0,0
8028,1082,true,2,1,0
8029,503,true,1,0,0
8030,888,true,1,0,0
8031,772,true,1,0,0
8032,675,true,1,0,0
8033,778,true,1,0,0
8034,386,true,1,0,0
8035,35826,true,4,3,0
8036,441,true,1,0,0
8037,867,true,2,1,0
8038,4263,true,2,1,0
8039,541,true,1,0,0
8040,2731,true,1,0,0
8041,447,true,1,0,0
8042,469,true,2,1,0
8043,9266,true,2,1,0
8044,1079,true,2,1,0
8045,2555,true,4,3,0
8046,412,true,1,0,0
8047,1187,true,5,4,0
8048,24388,true,2,0,1
8049,231,true,1,0,0
8050,435,true,1,0,0
8051,1123,true,4,3,0
8052,908,true,2,1,0
8053,850,true,1,0,0
8054,376,true,2,1,0
8055,510,true,1,0,0
8056,22769,true,3,2,0
8057,1087,true,1,0,0
8058,380,true,1,0,0
8059,355,true,1,0,0
8060,352,true,1,0,0
8061,795,true,2,1,0
8062,113830,true,2,0,1
8063,439,true,1,0,0
8064,976,true,3,2,0
8065,366,true,2,1,0
8066,431,true,1,0,0
8067,332,true,1,0,0
8068,309,true,1,0,0
8069,519,true,1,0,0
8070,204,true,1,0,0
8071,714,true,2,1,0
8072,269,true,1,0,0
8073,31560,true,3,2,0
8074,458,true,1,0,0
8075,333,true,1,0,0
8076,56643,true,3,1,1
8077,938,true,1,0,0
8078,539,true,1,0,0
8079,595,true,1,0,0
8080,388,true,2,1,0
8081,373,true,1,0,0
8082,227,true,1,0,0
8083,343,true,1,0,0
8084,500,true,1,0,0
8085,2002,true,2,1,0
8086,518,true,1,0,0
8087,445,true,1,0,0
8088,326,true,1,0,0
8089,1212,true,3,2,0
8090,381,true,1,0,0
8091,1266,true,3,2,0
8092,47664,true,2,0,1
8093,327,true,1,0,0
8094,363,true,1,0,0
8095,495,true,1,0,0
8096,380,true,1,0,0
8097,714,true,2,1,0
8098,57313,true,6,5,0
8099,369,true,3,2,0
8100,519,true,1,0,0
8101,433,true,1,0,0
8102,1676,true,2,1,0
8103,387,true,1,0,0
8104,759,true,3,2,0
8105,622,true,1,0,0
8106,675,true,1,0,0
8107,3611,true,4,3,0
8108,392,true,1,0,0
8109,397,true,1,0,0
8110,547,true,1,0,0
8111,366,true,1,0,0
8112,621,true,2,1,0
8113,254,true,1,0,0
8114,742,true,2,1,0
8115,789,true,3,2,0
8116,468,true,1,0,0
8117,2578,true,3,2,0
8118,8428,true,3,2,0
8119,19148,true,3,1,1
8120,273,true,1,0,0
8121,374,true,1,0,0
8122,364,true,1,0,0
8123,433,true,1,0,0
8124,863,true,2,1,0
8125,15640,true,6,5,0
8126,40464,true,2,0,1
8127,238,true,1,0,0
8128,309,true,1,0,0
8129,970,true,2,1,0
8130,415,true,1,0,0
8131,595,true,1,0,0
8132,308,true,1,0,0
8133,267,true,1,0,0
8134,388,true,1,0,0
8135,483,true,1,0,0
8136,363,true,1,0,0
8137,407,true,1,0,0
8138,331,true,1,0,0
8139,5777,true,2,1,0
8140,518,true,2,1,0
8141,358,true,1,0,0
8142,456,true,1,0,0
8143,452,true,1,0,0
8144,306,true,1,0,0
8145,428,true,2,1,0
8146,640,true,2,1,0
8147,880,true,1,0,0
8148,1097,true,3,2,0
8149,7834,true,2,1,0
8150,519,true,1,0,0
8151,1028,true,3,2,0
8152,411,true,1,0,0
8153,666,true,2,1,0
8154,424130,true,7,6,0
8155,616,true,1,0,0
8156,1398,true,3,2,0
8157,451,true,1,0,0
8158,39652,true,3,2,0
8159,406,true,1,0,0
8160,581,true,1,0,0
8161,3336,true,1,0,0
8162,338,true,1,0,0
8163,321,true,1,0,0
8164,3538,true,7,6,0
8165,458,true,1,0,0
8166,448,true,1,0,0
8167,681,true,1,0,0
8168,293,true,1,0,0
8169,1886,true,2,1,0
8170,55402,true,4,2,1
8171,294,true,1,0,0
8172,814,true,2,1,0
8173,474,true,1,0,0
8174,6996,true,2,1,0
8175,70988,true,3,2,0
8176,344,true,1,0,0
8177,524,true,1,0,0
8178,1494,true,3,2,0
8179,573,true,2,1,0
8180,4815,true,3,2,0
8181,514,true,2,1,0
8182,31300,true,2,0,1
8183,516,true,1,0,0
8184,1307,true,4,3,0
8185,273,true,1,0,0
8186,1545,true,4,3,0
8187,758,true,1,0,0
8188,3295,true,4,3,0
8189,502,true,1,0,0
8190,15616,true,2,0,1
8191,454,true,1,0,0
8192,429,true,1,0,0
8193,646,true,2,1,0
8194,205688,true,1,0,0
8195,410,true,1,0,0
8196,452218,true,2,1,0
8197,9744,true,6,5,0
8198,154920,true,3,2,0
8199,287,true,1,0,0
8200,43567,true,3,2,0
8201,349,true,1,0,0
8202,13681,true,4,3,0
8203,321,true,1,0,0
8204,1085,true,3,2,0
8205,2005,true,4,3,0
8206,561,true,1,0,0
8207,369,true,1,0,0
8208,653,true,2,1,0
8209,7739,true,1,0,0
8210,607,true,1,0,0
8211,712,true,1,0,0
8212,414,true,1,0,0
8213,744,true,1,0,0
8214,267,true,1,0,0
8215,320,true,1,0,0
8216,1273,true,3,2,0
8217,265,true,1,0,0
8218,389,true,1,0,0
8219,412,true,1,0,0
8220,6232,true,2,1,0
8221,382,true,1,0,0
8222,808,true,1,0,0
8223,406,true,1,0,0
8224,13519,true,4,3,0
8225,1207,true,4,3,0
8226,556,true,2,1,0
8227,416,true,1,0,0
8228,74236,true,4,3,0
8229,50398,true,2,0,1
8230,372,true,1,0,0
8231,455,true,1,0,0
8232,4087,true,2,1,0
8233,413,true,1,0,0
8234,511,true,2,1,0
8235,411,true,1,0,0
8236,341,true,2,1,0
8237,471,true,1,0,0
8238,281,true,1,0,0
8239,1060,true,2,1,0
8240,516,true,1,0,0
8241,413,true,1,0,0
8242,589,true,1,0,0
8243,652,true,2,1,0
8244,836,true,2,1,0
8245,4277,true,3,2,0
8246,316,true,1,0,0
8247,571,true,2,1,0
8248,5018,true,1,0,0
8249,439,true,1,0,0
8250,258,true,1,0,0
8251,306,true,2,1,0
8252,1266,true,3,2,0
8253,269,true,1,0,0
8254,563,true,1,0,0
8255,524,true,2,1,0
8256,16203,true,3,1,1
8257,451,true,1,0,0
8258,448,true,2,1,0
8259,870,true,2,1,0
8260,9519,true,2,1,0
8261,47072,true,4,2,1
8262,1190,true,2,1,0
8263,29783,true,3,1,1
8264,974,true,2,1,0
8265,311,true,1,0,0
8266,74861,true,4,2,1
8267,17651,true,2,1,0
8268,405,true,1,0,0
8269,603,true,1,0,0
8270,962,true,3,2,0
8271,465,true,2,1,0
8272,256731,true,5,4,0
8273,399,true,1,0,0
8274,869,true,2,1,0
8275,726,true,1,0,0
8276,43145,true,3,1,1
8277,345,true,1,0,0
8278,281,true,1,0,0
8279,388,true,1,0,0
8280,359,true,1,0,0
8281,225,true,1,0,0
8282,10181,true,2,0,1
8283,703,true,1,0,0
8284,800,true,1,0,0
8285,589,true,1,0,0
8286,352,true,1,0,0
8287,1232,true,2,1,0
8288,714,true,1,0,0
8289,25316,true,4,3,0
8290,540,true,1,0,0
8291,396,true,1,0,0
8292,370,true,1,0,0
8293,32896,true,3,1,1
8294,673,true,1,0,0
8295,528,true,1,0,0
8296,31027,true,4,2,1
8297,249,true,1,0,0
8298,497,true,2,1,0
8299,329,true,1,0,0
8300,407,true,1,0,0
8301,486,true,1,0,0
8302,367,true,1,0,0
8303,286,true,1,0,0
8304,343,true,1,0,0
8305,372,true,1,0,0
8306,435,true,1,0,0
8307,359,true,1,0,0
8308,12100,true,4,3,0
8309,461,true,1,0,0
8310,570,true,1,0,0
8311,1514,true,4,3,0
8312,652,true,1,0,0
8313,399,true,1,0,0
8314,689,true,2,1,0
8315,256,true,1,0,0
8316,2161,true,1,0,0
8317,496860,true,1,0,0
8318,421,true,2,1,0
8319,975,true,2,1,0
8320,595,true,1,0,0
8321,274,true,1,0,0
8322,39523,true,2,1,0
8323,594,true,2,1,0
8324,1678,true,3,2,0
8325,438,true,1,0,0
8326,558,true,1,0,0
8327,40860,true,3,2,0
8328,422,true,1,0,0
8329,1117,true,2,1,0
8330,272,true,1,0,0
8331,4515,true,6,5,0
8332,537,true,1,0,0
8333,18913,true,2,0,1
8334,625,true,1,0,0
8335,1301,true,3,2,0
8336,552,true,1,0,0
8337,322,true,1,0,0
8338,456,true,1,0,0
8339,289,true,1,0,0
8340,800,true,2,1,0
8341,382265,true,1,0,0
8342,728,true,1,0,0
8343,3566,true,2,1,0
8344,376360,true,2,1,0
8345,21840,true,6,5,0
8346,553,true,1,0,0
8347,492,true,1,0,0
8348,6651,true,2,0,1
8349,594,true,2,1,0
8350,1171,true,4,3,0
8351,2311,true,4,3,0
8352,854,true,1,0,0
8353,645,true,1,0,0
8354,482,true,2,1,0
8355,842,true,1,0,0
8356,659,true,1,0,0
8357,408,true,1,0,0
8358,1073,true,2,1,0
8359,13374,true,2,1,0
8360,379,true,1,0,0
8361,207,true,1,0,0
8362,885,true,2,1,0
8363,694,true,2,1,0
8364,400,true,1,0,0
8365,257,true,1,0,0
8366,397,true,1,0,0
8367,419,true,1,0,0
8368,815,true,2,1,0
8369,3207,true,2,1,0
8370,1053,true,2,1,0
8371,2044,true,2,1,0
8372,6300,true,3,2,0
8373,486,true,1,0,0
8374,520,true,1,0,0
8375,1464,true,1,0,0
8376,409,true,1,0,0
8377,264,true,1,0,0
8378,397,true,1,0,0
8379,464,true,2,1,0
8380,393,true,1,0,0
8381,443,true,1,0,0
8382,103183,true,2,1,0
8383,263,true,1,0,0
8384,294,true,1,0,0
8385,1110,true,2,1,0
8386,499,true,2,1,0
8387,268,true,1,0,0
8388,489,true,1,0,0
8389,316,true,1,0,0
8390,3078,true,3,2,0
8391,13624,true,2,1,0
8392,512,true,1,0,0
8393,268,true,1,0,0
8394,603,true,1,0,0
8395,462,true,1,0,0
8396,3076,true,3,2,0
8397,1509,true,2,1,0
8398,1055,true,1,0,0
8399,658,true,2,1,0
8400,17480,true,2,0,1
8401,287,true,1,0,0
8402,266,true,1,0,0
8403,2328,true,3,2,0
8404,9772,true,5,4,0
8405,512,true,1,0,0
8406,1196,true,2,1,0
8407,263,true,1,0,0
8408,691,true,2,1,0
8409,229,true,1,0,0
8410,5536,true,2,1,0
8411,331,true,1,0,0
8412,483,true,1,0,0
8413,347,true,1,0,0
8414,1236,true,2,1,0
8415,58822,true,2,1,0
8416,264,true,1,0,0
8417,321,true,1,0,0
8418,57707,true,3,1,1
8419,448,true,1,0,0
8420,293,true,1,0,0
8421,306,true,1,0,0
8422,429,true,2,1,0
8423,841,true,2,1,0
8424,324,true,2,1,0
8425,370,true,1,0,0
8426,324645,true,3,2,0
8427,447,true,1,0,0
8428,316,true,1,0,0
8429,897,true,2,1,0
8430,325,true,1,0,0
8431,632,true,2,1,0
8432,394,true,1,0,0
8433,677,true,1,0,0
8434,910,true,2,1,0
8435,1730,true,3,2,0
8436,6185,true,2,1,0
8437,419,true,1,0,0
8438,1488,true,3,2,0
8439,663,true,2,1,0
8440,1601,true,2,1,0
8441,509,true,1,0,0
8442,426,true,1,0,0
8443,523,true,1,0,0
8444,2497,true,3,2,0
8445,536,true,1,0,0
8446,542,true,1,0,0
8447,11396,true,5,4,0
8448,2778,true,1,0,0
8449,264,true,1,0,0
8450,26457,true,5,4,0
8451,261,true,1,0,0
8452,488,true,1,0,0
8453,582,true,1,0,0
8454,395,true,1,0,0
8455,552,true,2,1,0
8456,277,true,1,0,0
8457,3822,true,4,3,0
8458,1101,true,2,1,0
8459,281,true,1,0,0
8460,3513,true,3,2,0
8461,310,true,1,0,0
8462,14272,true,2,1,0
8463,354,true,1,0,0
8464,348,true,1,0,0
8465,292,true,1,0,0
8466,329,true,1,0,0
8467,577,true,1,0,0
8468,74378,true,7,4,2
8469,363,true,1,0,0
8470,397,true,1,0,0
8471,80045,true,2,0,1
8472,341,true,1,0,0
8473,316,true,1,0,0
8474,540,true,1,0,0
8475,73624,true,3,2,0
8476,373,true,1,0,0
8477,358,true,1,0,0
8478,757,true,3,2,0
8479,893,true,3,2,0
8480,269,true,1,0,0
8481,476,true,1,0,0
8482,659,true,2,1,0
8483,1255,true,2,1,0
8484,714,true,2,1,0
8485,518,true,3,2,0
8486,428,true,1,0,0
8487,1092,true,3,2,0
8488,498,true,1,0,0
8489,556,true,1,0,0
8490,6697,true,3,2,0
8491,375,true,1,0,0
8492,379,true,1,0,0
8493,725,true,2,1,0
8494,3096,true,3,2,0
8495,324,true,1,0,0
8496,522,true,2,1,0
8497,575,true,1,0,0
8498,751,true,1,0,0
8499,287,true,1,0,0
8500,896,true,3,2,0
8501,1309,true,2,1,0
8502,11592,true,3,2,0
8503,809,true,1,0,0
8504,405,true,1,0,0
8505,10205,true,1,0,0
8506,56898,true,4,2,1
8507,2136,true,3,2,0
8508,377,true,1,0,0
8509,744,true,1,0,0
8510,407,true,2,1,0
8511,795,true,3,2,0
8512,467,true,1,0,0
8513,740,true,5,4,0
8514,788,true,2,1,0
8515,296,true,1,0,0
8516,378,true,1,0,0
8517,881,true,2,1,0
8518,223033,true,2,1,0
8519,316,true,1,0,0
8520,317,true,1,0,0
8521,337,true,2,1,0
8522,820,true,1,0,0
8523,1019,true,2,1,0
8524,416,true,2,1,0
8525,1015,true,2,1,0
8526,356,true,1,0,0
8527,404,true,1,0,0
8528,614,true,1,0,0
8529,441,true,1,0,0
8530,1375,true,2,1,0
8531,389,true,1,0,0
8532,309,true,1,0,0
8533,1297,true,2,1,0
8534,23573,true,1,0,0
8535,499,true,2,1,0
8536,22675,true,3,1,1
8537,228673,true,4,3,0
8538,339,true,1,0,0
8539,884,true,1,0,0
8540,865,true,2,1,0
8541,874,true,1,0,0
8542,538,true,1,0,0
8543,1014,true,2,1,0
8544,498,true,1,0,0
8545,1831,true,4,3,0
8546,1386,true,4,3,0
8547,383,true,1,0,0
8548,600,true,1,0,0
8549,1056,true,3,2,0
8550,1306,true,1,0,0
8551,668,true,1,0,0
8552,432,true,1,0,0
8553,382,true,1,0,0
8554,2222,true,5,4,0
8555,306,true,1,0,0
8556,514,true,1,0,0
8557,238112,true,4,2,1
8558,267,true,1,0,0
8559,391,true,1,0,0
8560,291,true,1,0,0
8561,517,true,1,0,0
8562,334,true,1,0,0
8563,1788,true,2,1,0
8564,449,true,1,0,0
8565,533,true,1,0,0
8566,366,true,1,0,0
8567,455,true,1,0,0
8568,373,true,1,0,0
8569,245,true,1,0,0
8570,388,true,2,1,0
8571,343,true,1,0,0
8572,317,true,1,0,0
8573,395,true,1,0,0
8574,236,true,1,0,0
8575,348,true,1,0,0
8576,877,true,1,0,0
8577,286,true,1,0,0
8578,1029,true,2,1,0
8579,936,true,1,0,0
8580,337,true,1,0,0
8581,303,true,1,0,0
8582,434,true,1,0,0
8583,631,true,1,0,0
8584,1205,true,2,1,0
8585,1254,true,2,1,0
8586,413,true,1,0,0
8587,2161,true,3,2,0
8588,1695,true,4,3,0
8589,489,true,1,0,0
8590,845,true,1,0,0
8591,577,true,1,0,0
8592,484,true,1,0,0
8593,706,true,1,0,0
8594,4313,true,3,2,0
8595,1145,true,2,1,0
8596,13750,true,4,3,0
8597,498,true,2,1,0
8598,344,true,1,0,0
8599,453,true,2,1,0
8600,5122,true,1,0,0
8601,489,true,1,0,0
8602,429,true,2,1,0
8603,407,true,1,0,0
8604,322,true,1,0,0
8605,276,true,1,0,0
8606,263,true,1,0,0
8607,555,true,1,0,0
8608,903,true,2,1,0
8609,336,true,1,0,0
8610,1336,true,3,2,0
8611,2301,true,4,3,0
8612,292,true,1,0,0
8613,530,true,2,1,0
8614,406,true,2,1,0
8615,543,true,1,0,0
8616,650,true,1,0,0
8617,1511,true,2,1,0
8618,646,true,1,0,0
8619,361,true,1,0,0
8620,393,true,1,0,0
8621,475,true,1,0,0
8622,324,true,1,0,0
8623,1263,true,3,2,0
8624,397,true,1,0,0
8625,1138,true,4,3,0
8626,599,true,2,1,0
8627,309,true,1,0,0
8628,342,true,1,0,0
8629,515,true,1,0,0
8630,2249,true,6,5,0
8631,315,true,1,0,0
8632,530,true,1,0,0
8633,889,true,2,1,0
8634,351,true,1,0,0
8635,585,true,1,0,0
8636,1160,true,2,1,0
8637,802,true,2,1,0
8638,302,true,1,0,0
8639,398,true,1,0,0
8640,333,true,1,0,0
8641,843,true,3,2,0
8642,1121,true,2,1,0
8643,1193,true,3,2,0
8644,635,true,1,0,0
8645,496,true,2,1,0
8646,349,true,1,0,0
8647,273,true,1,0,0
8648,322,true,1,0,0
8649,434,true,2,1,0
8650,432,true,1,0,0
8651,297,true,2,1,0
8652,448,true,1,0,0
8653,2022,true,3,2,0
8654,385,true,1,0,0
8655,502,true,1,0,0
8656,372,true,1,0,0
8657,419,true,1,0,0
8658,2633,true,1,0,0
8659,378,true,1,0,0
8660,1956,true,4,3,0
8661,533,true,3,2,0
8662,466,true,1,0,0
8663,403,true,1,0,0
8664,1395,true,4,3,0
8665,9701,true,3,2,0
8666,4255,true,2,1,0
8667,769,true,1,0,0
8668,10366,true,6,5,0
8669,1164,true,3,2,0
8670,708,true,1,0,0
8671,2671,true,3,2,0
8672,597,true,1,0,0
8673,491,true,1,0,0
8674,223,true,1,0,0
8675,593,true,1,0,0
8676,515,true,1,0,0
8677,437,true,1,0,0
8678,449,true,1,0,0
8679,347,true,1,0,0
8680,1264,true,2,1,0
8681,485,true,1,0,0
8682,390,true,1,0,0
8683,392,true,2,1,0
8684,505,true,1,0,0
8685,367,true,1,0,0
8686,469,true,1,0,0
8687,6688,true,2,1,0
8688,688,true,2,1,0
8689,359,true,1,0,0
8690,1183,true,1,0,0
8691,29426,true,3,0,2
8692,419,true,1,0,0
8693,37555,true,5,3,1
8694,456,true,1,0,0
8695,644,true,1,0,0
8696,340,true,1,0,0
8697,319,true,1,0,0
8698,510,true,1,0,0
8699,565,true,1,0,0
8700,645,true,3,2,0
8701,399,true,1,0,0
8702,862,true,2,1,0
8703,427,true,1,0,0
8704,911,true,2,1,0
8705,976,true,2,1,0
8706,1348,true,2,1,0
8707,550,true,2,1,0
8708,260,true,1,0,0
8709,530,true,1,0,0
8710,320,true,1,0,0
8711,270,true,1,0,0
8712,540,true,1,0,0
8713,968,true,4,3,0
8714,340,true,1,0,0
8715,525,true,1,0,0
8716,917,true,2,1,0
8717,235,true,1,0,0
8718,272,true,2,1,0
8719,515,true,3,2,0
8720,404,true,1,0,0
8721,270,true,1,0,0
8722,300,true,1,0,0
8723,377,true,1,0,0
8724,549,true,1,0,0
8725,401,true,1,0,0
8726,742,true,2,1,0
8727,487,true,1,0,0
8728,373,true,1,0,0
8729,4259,true,2,1,0
8730,222753,true,2,1,0
8731,507,true,1,0,0
8732,389,true,1,0,0
8733,468,true,1,0,0
8734,852,true,1,0,0
8735,280,true,1,0,0
8736,457,true,2,1,0
8737,451,true,2,1,0
8738,1659,true,2,1,0
8739,78117,true,6,5,0
8740,565,true,1,0,0
8741,360,true,1,0,0
8742,347,true,1,0,0
8743,415,true,1,0,0
8744,635,true,1,0,0
8745,44971,true,2,0,1
8746,36507,true,3,1,1
8747,904,true,2,1,0
8748,311,true,1,0,0
8749,449,true,1,0,0
8750,683,true,3,2,0
8751,235,true,1,0,0
8752,507,true,2,1,0
8753,1814,true,4,3,0
8754,265,true,1,0,0
8755,456,true,1,0,0
8756,4531,true,1,0,0
8757,418,true,1,0,0
8758,418,true,1,0,0
8759,279,true,1,0,0
8760,785,true,2,1,0
8761,379,true,1,0,0
8762,476,true,2,1,0
8763,289,true,1,0,0
8764,1357,true,3,2,0
8765,1117,true,3,2,0
8766,782,true,2,1,0
8767,437,true,1,0,0
8768,426,true,1,0,0
8769,12441,true,3,2,0
8770,929,true,2,1,0
8771,406,true,1,0,0
8772,441,true,1,0,0
8773,1369,true,1,0,0
8774,80662,true,9,8,0
8775,354,true,1,0,0
8776,842,true,2,1,0
8777,754,true,2,1,0
8778,1012,true,1,0,0
8779,594,true,3,2,0
8780,106815,true,6,4,1
8781,520,true,1,0,0
8782,745,true,1,0,0
8783,8180,true,4,3,0
8784,319,true,1,0,0
8785,357,true,1,0,0
8786,777,true,2,1,0
8787,436,true,1,0,0
8788,432,true,1,0,0
8789,278,true,1,0,0
8790,445,true,1,0,0
8791,1253,true,3,2,0
8792,471,true,1,0,0
8793,985,true,1,0,0
8794,451,true,1,0,0
8795,531,true,2,1,0
8796,472,true,1,0,0
8797,341,true,1,0,0
8798,5855,true,3,1,1
8799,5783,true,3,1,1
8800,288,true,1,0,0
8801,1377,true,2,1,0
8802,504,true,1,0,0
8803,599,true,2,1,0
8804,852,true,2,1,0
8805,746,true,1,0,0
8806,913,true,2,1,0
8807,505,true,1,0,0
8808,417,true,1,0,0
8809,250,true,1,0,0
8810,533,true,2,1,0
8811,9031,true,4,3,0
8812,713,true,1,0,0
8813,228,true,1,0,0
8814,661,true,1,0,0
8815,339,true,1,0,0
8816,3431,true,1,0,0
8817,611,true,1,0,0
8818,408,true,1,0,0
8819,1360,true,3,2,0
8820,333,true,1,0,0
8821,412,true,2,1,0
8822,427,true,1,0,0
8823,423,true,1,0,0
8824,417,true,1,0,0
8825,4573,true,2,1,0
8826,17708,true,2,0,1
8827,377,true,1,0,0
8828,12078,true,2,1,0
8829,484,true,1,0,0
8830,248,true,1,0,0
8831,386,true,1,0,0
8832,119217,true,5,3,1
8833,318,true,1,0,0
8834,463,true,1,0,0
8835,538,true,1,0,0
8836,399,true,1,0,0
8837,32625,true,3,1,1
8838,1623,true,3,2,0
8839,2188,true,2,1,0
8840,566,true,1,0,0
8841,1436,true,2,1,0
8842,496,true,1,0,0
8843,315,true,1,0,0
8844,764,true,1,0,0
8845,430,true,1,0,0
8846,442,true,1,0,0
8847,754,true,3,2,0
8848,262,true,2,1,0
8849,723,true,1,0,0
8850,1313,true,3,2,0
8851,7048,true,2,1,0
8852,677,true,2,1,0
8853,363,true,1,0,0
8854,396,true,2,1,0
8855,291,true,1,0,0
8856,244,true,1,0,0
8857,269,true,1,0,0
8858,1074,true,2,1,0
8859,457,true,1,0,0
8860,803,true,2,1,0
8861,7266,true,3,1,1
8862,549,true,1,0,0
8863,454,true,1,0,0
8864,523,true,1,0,0
8865,7644,true,2,1,0
8866,558,true,2,1,0
8867,1587,true,2,1,0
8868,491,true,1,0,0
8869,1228,true,3,2,0
8870,428,true,1,0,0
8871,228,true,1,0,0
8872,567,true,1,0,0
8873,1000,true,1,0,0
8874,461,true,1,0,0
8875,13403,true,3,2,0
8876,398,true,1,0,0
8877,330,true,2,1,0
8878,608,true,2,1,0
8879,366,true,1,0,0
8880,331,true,1,0,0
8881,1005,true,2,1,0
8882,501,true,3,2,0
8883,185,true,1,0,0
8884,398,true,1,0,0
8885,365,true,1,0,0
8886,371,true,1,0,0
8887,977,true,3,2,0
8888,32197,true,3,1,1
8889,292,true,1,0,0
8890,1495,true,2,1,0
8891,349,true,1,0,0
8892,401,true,1,0,0
8893,2485,true,8,7,0
8894,1037,true,2,1,0
8895,241,true,1,0,0
8896,547,true,1,0,0
8897,1360,true,3,2,0
8898,601,true,1,0,0
8899,3344,true,3,2,0
8900,437,true,1,0,0
8901,289,true,1,0,0
8902,120494,true,4,2,1
8903,564,true,1,0,0
8904,676,true,2,1,0
8905,686,true,2,1,0
8906,761,true,2,1,0
8907,964,true,2,1,0
8908,386,true,1,0,0
8909,721,true,2,1,0
8910,829,true,1,0,0
8911,380,true,1,0,0
8912,364,true,1,0,0
8913,893,true,2,1,0
8914,590,true,2,1,0
8915,373,true,1,0,0
8916,2037,true,4,3,0
8917,524,true,1,0,0
8918,753,true,2,1,0
8919,1383,true,4,3,0
8920,315,true,1,0,0
8921,1247,true,5,4,0
8922,683,true,1,0,0
8923,615,true,1,0,0
8924,528,true,2,1,0
8925,446,true,2,1,0
8926,334,true,1,0,0
8927,365,true,1,0,0
8928,657,true,1,0,0
8929,294,true,1,0,0
8930,359,true,1,0,0
8931,753,true,2,1,0
8932,337,true,1,0,0
8933,766,true,1,0,0
8934,604,true,2,1,0
8935,595,true,1,0,0
8936,2601,true,4,3,0
8937,46789,true,5,2,2
8938,702,true,3,2,0
8939,503,true,1,0,0
8940,1560,true,2,1,0
8941,9627,true,2,1,0
8942,704,true,1,0,0
8943,511,true,1,0,0
8944,440,true,1,0,0
8945,378,true,1,0,0
8946,446,true,2,1,0
8947,1042,true,4,3,0
8948,436,true,2,1,0
8949,7178,true,2,1,0
8950,303,true,1,0,0
8951,43725,true,3,1,1
8952,208,true,1,0,0
8953,3215,true,1,0,0
8954,292,true,1,0,0
8955,361,true,1,0,0
8956,174692,true,2,1,0
8957,182783,true,5,4,0
8958,383,true,1,0,0
8959,582,true,1,0,0
8960,1144,true,3,2,0
8961,428,true,1,0,0
8962,1019,true,2,1,0
8963,246,true,1,0,0
8964,406,true,1,0,0
8965,666,true,1,0,0
8966,406,true,1,0,0
8967,613,true,2,1,0
8968,1441,true,3,2,0
8969,1632,true,2,1,0
8970,1861,true,4,3,0
8971,584,true,2,1,0
8972,395,true,1,0,0
8973,357,true,1,0,0
8974,684,true,2,1,0
8975,441,true,1,0,0
8976,1013,true,2,1,0
8977,501,true,1,0,0
8978,253,true,1,0,0
8979,356,true,1,0,0
8980,596,true,1,0,0
8981,65994,true,2,1,0
8982,23250,true,2,1,0
8983,431,true,1,0,0
8984,488,true,1,0,0
8985,796,true,1,0,0
8986,627,true,1,0,0
8987,310,true,1,0,0
8988,464,true,1,0,0
8989,530,true,1,0,0
8990,439,true,1,0,0
8991,599,true,1,0,0
8992,189296,true,2,1,0
8993,321,true,1,0,0
8994,1417,true,2,1,0
8995,11484,true,5,4,0
8996,18283,true,3,1,1
8997,596,true,1,0,0
8998,13458,true,3,2,0
8999,241,true,1,0,0
9000,634,true,3,2,0
9001,181605,true,3,2,0
9002,493,true,1,0,0
9003,475,true,1,0,0
9004,1066,true,4,3,0
9005,456,true,1,0,0
9006,426,true,1,0,0
9007,332,true,1,0,0
9008,508,true,1,0,0
9009,3527,true,2,1,0
9010,598,true,1,0,0
9011,548,true,1,0,0
9012,382,true,1,0,0
9013,481,true,2,1,0
9014,533,true,1,0,0
9015,5342,true,3,2,0
9016,6705,true,3,2,0
9017,418,true,1,0,0
9018,266,true,1,0,0
9019,26931,true,2,1,0
9020,3459,true,4,3,0
9021,275,true,1,0,0
9022,755,true,2,1,0
9023,1544,true,1,0,0
9024,486,true,1,0,0
9025,508,true,1,0,0
9026,475,true,1,0,0
9027,712,true,2,1,0
9028,473,true,1,0,0
9029,1063,true,3,2,0
9030,661,true,1,0,0
9031,1313,true,2,1,0
9032,1783,true,3,2,0
9033,976,true,3,2,0
9034,900,true,1,0,0
9035,547,true,1,0,0
9036,2193,true,1,0,0
9037,1076,true,2,1,0
9038,889,true,2,1,0
9039,515,true,1,0,0
9040,504,true,1,0,0
9041,1970,true,2,1,0
9042,324,true,1,0,0
9043,414,true,1,0,0
9044,1155,true,1,0,0
9045,39856,true,3,1,1
9046,338,true,1,0,0
9047,119833,true,4,3,0
9048,558,true,2,1,0
9049,427,true,1,0,0
9050,604,true,2,1,0
9051,347,true,1,0,0
9052,989,true,2,1,0
9053,422,true,2,1,0
9054,893,true,2,1,0
9055,326,true,1,0,0
9056,585,true,1,0,0
9057,2995,true,6,5,0
9058,504,true,1,0,0
9059,622,true,1,0,0
9060,544,true,1,0,0
9061,376288,true,7,5,1
9062,788,true,1,0,0
9063,412,true,1,0,0
9064,309,true,1,0,0
9065,461,true,1,0,0
9066,588,true,2,1,0
9067,326,true,1,0,0
9068,426,true,1,0,0
9069,638,true,1,0,0
9070,22320,true,3,2,0
9071,321,true,1,0,0
9072,1343,true,2,1,0
9073,378,true,1,0,0
9074,938,true,2,1,0
9075,596,true,1,0,0
9076,439,true,1,0,0
9077,429,true,1,0,0
9078,38283,true,2,1,0
9079,413,true,1,0,0
9080,545,true,1,0,0
9081,3273,true,1,0,0
9082,619,true,1,0,0
9083,524,true,3,2,0
9084,520,true,1,0,0
9085,3419,true,3,2,0
9086,496,true,1,0,0
9087,512,true,1,0,0
9088,550,true,2,1,0
9089,332,true,1,0,0
9090,231,true,1,0,0
9091,680,true,2,1,0
9092,544,true,1,0,0
9093,4273,true,3,2,0
9094,391,true,1,0,0
9095,3621,true,3,2,0
9096,363,true,1,0,0
9097,435,true,1,0,0
9098,532,true,1,0,0
9099,502,true,1,0,0
9100,352,true,1,0,0
9101,1662,true,3,2,0
9102,318,true,1,0,0
9103,419,true,2,1,0
9104,46430,true,3,1,1
9105,513,true,1,0,0
9106,1499,true,1,0,0
9107,849,true,2,1,0
9108,2978,true,6,5,0
9109,1069,true,2,1,0
9110,321,true,1,0,0
9111,1381,true,4,3,0
9112,344,true,1,0,0
9113,282,true,1,0,0
9114,428,true,1,0,0
9115,1199,true,2,1,0
9116,379,true,1,0,0
9117,3240,true,3,2,0
9118,781,true,2,1,0
9119,22658,true,3,2,0
9120,295,true,1,0,0
9121,1138,true,3,2,0
9122,1125,true,1,0,0
9123,629,true,2,1,0
9124,1347,true,2,1,0
9125,198,true,1,0,0
9126,324,true,1,0,0
9127,343,true,1,0,0
9128,243,true,1,0,0
9129,764,true,2,1,0
9130,36394,true,2,0,1
9131,444,true,1,0,0
9132,601,true,1,0,0
9133,362,true,1,0,0
9134,659,true,1,0,0
9135,680,true,1,0,0
9136,441,true,1,0,0
9137,1214,true,1,0,0
9138,102093,true,2,0,1
9139,485,true,1,0,0
9140,294,true,1,0,0
9141,975,true,1,0,0
9142,917,true,1,0,0
9143,98553,true,2,1,0
9144,478,true,4,3,0
9145,456,true,1,0,0
9146,467,true,1,0,0
9147,12854,true,3,2,0
9148,420,true,1,0,0
9149,1296,true,3,2,0
9150,2871,true,5,4,0
9151,280,true,1,0,0
9152,418,true,2,1,0
9153,306,true,1,0,0
9154,578,true,1,0,0
9155,430,true,1,0,0
9156,333,true,1,0,0
9157,365,true,1,0,0
9158,35649,true,3,1,1
9159,432,true,1,0,0
9160,3878,true,5,4,0
9161,1667,true,2,1,0
9162,518,true,2,1,0
9163,447,true,1,0,0
9164,825,true,2,1,0
9165,412,true,1,0,0
9166,581,true,1,0,0
9167,946,true,2,1,0
9168,22993,true,2,0,1
9169,259,true,1,0,0
9170,516,true,2,1,0
9171,961,true,1,0,0
9172,369,true,1,0,0
9173,382,true,1,0,0
9174,340,true,1,0,0
9175,1171,true,2,1,0
9176,532,true,1,0,0
9177,643,true,2,1,0
9178,26730,true,2,0,1
9179,121604,true,3,2,0
9180,240237,true,6,5,0
9181,550,true,1,0,0
9182,2728,true,2,1,0
9183,1355,true,5,4,0
9184,367,true,2,1,0
9185,1259,true,5,4,0
9186,418,true,1,0,0
9187,361,true,1,0,0
9188,183498,true,5,4,0
9189,45292,true,2,1,0
9190,769,true,2,1,0
9191,277,true,1,0,0
9192,448,true,1,0,0
9193,587,true,1,0,0
9194,502,true,1,0,0
9195,934,true,1,0,0
9196,506,true,1,0,0
9197,585,true,1,0,0
9198,737,true,1,0,0
9199,454,true,1,0,0
9200,1305,true,3,2,0
9201,234,true,1,0,0
9202,1106,true,2,1,0
9203,357,true,1,0,0
9204,23131,true,1,0,0
9205,2245,true,6,5,0
9206,355,true,1,0,0
9207,1524,true,1,0,0
9208,282,true,1,0,0
9209,438,true,1,0,0
9210,403,true,2,1,0
9211,498,true,1,0,0
9212,10610,true,3,2,0
9213,846,true,1,0,0
9214,661,true,1,0,0
9215,735,true,3,2,0
9216,422,true,1,0,0
9217,557,true,1,0,0
9218,852,true,2,1,0
9219,1727,true,3,2,0
9220,403,true,1,0,0
9221,379,true,1,0,0
9222,1113,true,2,1,0
9223,1239,true,2,1,0
9224,681,true,1,0,0
9225,1331,true,3,2,0
9226,447,true,1,0,0
9227,758,true,3,2,0
9228,415,true,1,0,0
9229,1704,true,3,2,0
9230,397,true,2,1,0
9231,807,true,1,0,0
9232,233,true,1,0,0
9233,469,true,1,0,0
9234,1435,true,2,1,0
9235,998,true,1,0,0
9236,875,true,3,2,0
9237,2478,true,4,3,0
9238,492,true,1,0,0
9239,479,true,1,0,0
9240,430,true,1,0,0
9241,400,true,1,0,0
9242,1247,true,1,0,0
9243,57160,true,4,2,1
9244,375,true,2,1,0
9245,537,true,2,1,0
9246,498,true,2,1,0
9247,506,true,1,0,0
9248,331,true,1,0,0
9249,5089,true,5,4,0
9250,641,true,2,1,0
9251,532,true,1,0,0
9252,2177,true,5,4,0
9253,393,true,1,0,0
9254,697,true,1,0,0
9255,476,true,1,0,0
9256,751,true,2,1,0
9257,364,true,1,0,0
9258,461,true,1,0,0
9259,43492,true,6,5,0
9260,392,true,1,0,0
9261,1133,true,1,0,0
9262,85956,true,5,3,1
9263,401,true,1,0,0
9264,256,true,1,0,0
9265,477,true,1,0,0
9266,524,true,1,0,0
9267,716,true,4,3,0
9268,815,true,2,1,0
9269,458,true,2,1,0
9270,1696,true,3,2,0
9271,181821,true,4,3,0
9272,607,true,1,0,0
9273,151218,true,4,3,0
9274,359596,true,2,1,0
9275,314,true,1,0,0
9276,461,true,1,0,0
9277,48035,true,3,2,0
9278,712,true,1,0,0
9279,290469,true,5,4,0
9280,386,true,1,0,0
9281,373,true,1,0,0
9282,1654,true,2,1,0
9283,434,true,1,0,0
9284,305,true,1,0,0
9285,416,true,1,0,0
9286,664,true,1,0,0
9287,371,true,1,0,0
9288,730,true,2,1,0
9289,13345,true,2,1,0
9290,477,true,1,0,0
9291,524,true,1,0,0
9292,991,true,2,1,0
9293,3251,true,4,3,0
9294,481,true,1,0,0
9295,144241,true,5,4,0
9296,587,true,3,2,0
9297,1938,true,2,1,0
9298,938,true,2,1,0
9299,627,true,1,0,0
9300,354,true,1,0,0
9301,429,true,1,0,0
9302,21218,true,4,3,0
9303,711,true,1,0,0
9304,499,true,1,0,0
9305,720,true,2,1,0
9306,641,true,1,0,0
9307,109471,true,5,4,0
9308,408,true,1,0,0
9309,876,true,2,1,0
9310,14100,true,7,6,0
9311,1151,true,2,1,0
9312,635,true,1,0,0
9313,473,true,1,0,0
9314,473,true,2,1,0
9315,556,true,3,2,0
9316,401,true,1,0,0
9317,415,true,1,0,0
9318,1472,true,2,1,0
9319,28083,true,2,1,0
9320,892,true,2,1,0
9321,474,true,1,0,0
9322,1592,true,3,2,0
9323,14070,true,2,1,0
9324,874,true,2,1,0
9325,18003,true,2,1,0
9326,1139,true,3,2,0
9327,236,true,1,0,0
9328,769,true,2,1,0
9329,603,true,1,0,0
9330,592,true,1,0,0
9331,723,true,1,0,0
9332,675,true,2,1,0
9333,740,true,1,0,0
9334,546,true,1,0,0
9335,572,true,1,0,0
9336,654,true,2,1,0
9337,1595,true,3,2,0
9338,668,true,1,0,0
9339,392,true,1,0,0
9340,1074,true,2,1,0
9341,34156,true,4,2,1
9342,1024,true,3,2,0
9343,510,true,1,0,0
9344,515,true,1,0,0
9345,429,true,1,0,0
9346,304,true,1,0,0
9347,396,true,1,0,0
9348,497,true,1,0,0
9349,21760,true,4,3,0
9350,3494,true,1,0,0
9351,10762,true,3,2,0
9352,671,true,2,1,0
9353,589,true,1,0,0
9354,395,true,1,0,0
9355,53097,true,3,2,0
9356,903,true,1,0,0
9357,1235,true,3,2,0
9358,1363,true,4,3,0
9359,709,true,3,2,0
9360,555,true,1,0,0
9361,699,true,2,1,0
9362,344,true,1,0,0
9363,512,true,1,0,0
9364,280,true,1,0,0
9365,656,true,2,1,0
9366,328,true,1,0,0
9367,363,true,2,1,0
9368,359,true,1,0,0
9369,1057,true,2,1,0
9370,51029,true,2,0,1
9371,1190,true,2,1,0
9372,1626,true,3,2,0
9373,438,true,2,1,0
9374,475,true,1,0,0
9375,383,true,2,1,0
9376,539,true,1,0,0
9377,432,true,1,0,0
9378,475,true,1,0,0
9379,374,true,1,0,0
9380,3502,true,2,1,0
9381,465,true,1,0,0
9382,1197,true,2,1,0
9383,563,true,1,0,0
9384,942,true,4,3,0
9385,329,true,1,0,0
9386,1137,true,4,3,0
9387,322,true,1,0,0
9388,832,true,2,1,0
9389,329,true,1,0,0
9390,790,true,3,2,0
9391,1259,true,3,2,0
9392,809,true,2,1,0
9393,457,true,1,0,0
9394,435,true,1,0,0
9395,565,true,1,0,0
9396,1449,true,3,2,0
9397,1135,true,2,1,0
9398,344,true,1,0,0
9399,546,true,1,0,0
9400,391,true,1,0,0
9401,1048,true,2,1,0
9402,3755,true,4,3,0
9403,421,true,1,0,0
9404,2083,true,5,4,0
9405,467,true,1,0,0
9406,347,true,1,0,0
9407,288,true,1,0,0
9408,452,true,1,0,0
9409,518,true,1,0,0
9410,622,true,1,0,0
9411,945,true,2,1,0
9412,425,true,1,0,0
9413,143793,true,3,2,0
9414,503,true,1,0,0
9415,267,true,1,0,0
9416,460,true,2,1,0
9417,448,true,1,0,0
9418,422,true,2,1,0
9419,202,true,1,0,0
9420,309,true,1,0,0
9421,79022,true,2,1,0
9422,378,true,1,0,0
9423,313,true,1,0,0
9424,381,true,1,0,0
9425,363,true,1,0,0
9426,313,true,1,0,0
9427,449,true,1,0,0
9428,5190,true,3,2,0
9429,429,true,1,0,0
9430,421,true,2,1,0
9431,617,true,1,0,0
9432,1432,true,2,1,0
9433,500,true,2,1,0
9434,578,true,1,0,0
9435,492,true,2,1,0
9436,654,true,4,3,0
9437,316413,true,4,3,0
9438,1085,true,2,1,0
9439,1395,true,2,1,0
9440,636,true,1,0,0
9441,385,true,1,0,0
9442,1259,true,1,0,0
9443,614,true,1,0,0
9444,436,true,1,0,0
9445,330,true,1,0,0
9446,551,true,1,0,0
9447,534,true,1,0,0
9448,366,true,1,0,0
9449,1532,true,2,1,0
9450,360,true,2,1,0
9451,40263,true,5,3,1
9452,285,true,1,0,0
9453,312,true,1,0,0
9454,437,true,1,0,0
9455,282,true,1,0,0
9456,389,true,1,0,0
9457,349,true,1,0,0
9458,269,true,1,0,0
9459,389,true,1,0,0
9460,427,true,2,1,0
9461,238,true,1,0,0
9462,390,true,1,0,0
9463,1212,true,2,1,0
9464,1174,true,4,3,0
9465,423,true,1,0,0
9466,41047,true,2,0,1
9467,2043,true,3,2,0
9468,370,true,1,0,0
9469,454,true,1,0,0
9470,244,true,1,0,0
9471,372,true,1,0,0
9472,362,true,1,0,0
9473,2295,true,2,1,0
9474,625,true,1,0,0
9475,731,true,1,0,0
9476,407,true,1,0,0
9477,719,true,1,0,0
9478,110555,true,1,0,0
9479,29923,true,5,4,0
9480,32953,true,3,1,1
9481,1498,true,2,1,0
9482,622,true,1,0,0
9483,521,true,1,0,0
9484,897,true,4,3,0
9485,266,true,1,0,0
9486,526,true,2,1,0
9487,9998,true,5,4,0
9488,519,true,1,0,0
9489,11780,true,4,3,0
9490,772,true,1,0,0
9491,918,true,2,1,0
9492,1631,true,2,1,0
9493,510,true,1,0,0
9494,13046,true,2,1,0
9495,1008,true,2,1,0
9496,406,true,2,1,0
9497,414,true,2,1,0
9498,1803,true,2,1,0
9499,607,true,1,0,0
9500,550,true,1,0,0
9501,12511,true,2,1,0
9502,495,true,3,2,0
9503,403,true,1,0,0
9504,1740,true,3,2,0
9505,519,true,1,0,0
9506,472,true,1,0,0
9507,319,true,1,0,0
9508,471,true,2,1,0
9509,422,true,1,0,0
9510,739,true,3,2,0
9511,30530,true,5,4,0
9512,453,true,1,0,0
9513,1175,true,2,1,0
9514,675,true,3,2,0
9515,358,true,1,0,0
9516,380,true,1,0,0
9517,21241,true,4,2,1
9518,574,true,1,0,0
9519,369,true,1,0,0
9520,99988,true,6,4,1
9521,832,true,2,1,0
9522,287,true,1,0,0
9523,490,true,1,0,0
9524,862,true,3,2,0
9525,2000,true,3,2,0
9526,429,true,1,0,0
9527,729,true,1,0,0
9528,417,true,1,0,0
9529,471,true,1,0,0
9530,290,true,2,1,0
9531,54038,true,6,4,1
9532,449,true,1,0,0
9533,324,true,1,0,0
9534,443,true,1,0,0
9535,584,true,2,1,0
9536,1075,true,2,1,0
9537,356,true,1,0,0
9538,479,true,3,2,0
9539,306,true,1,0,0
9540,424,true,1,0,0
9541,22101,true,3,1,1
9542,334,true,1,0,0
9543,490,true,1,0,0
9544,480,true,1,0,0
9545,442,true,1,0,0
9546,339,true,2,1,0
9547,416186,true,13,11,1
9548,259007,true,2,1,0
9549,737,true,1,0,0
9550,888,true,1,0,0
9551,868,true,1,0,0
9552,505,true,1,0,0
9553,713,true,2,1,0
9554,484,true,1,0,0
9555,383,true,2,1,0
9556,585,true,2,1,0
9557,432,true,1,0,0
9558,958,true,2,1,0
9559,4179,true,6,5,0
9560,877,true,1,0,0
9561,1641,true,3,2,0
9562,628,true,1,0,0
9563,825,true,3,2,0
9564,390,true,1,0,0
9565,397,true,1,0,0
9566,26063,true,3,1,1
9567,397,true,1,0,0
9568,489,true,1,0,0
9569,315,true,1,0,0
9570,13469,true,3,2,0
9571,377,true,3,2,0
9572,155548,true,3,2,0
9573,629,true,1,0,0
9574,309,true,1,0,0
9575,2668,true,2,1,0
9576,321,true,1,0,0
9577,288,true,1,0,0
9578,511,true,2,1,0
9579,661,true,2,1,0
9580,285,true,1,0,0
9581,406,true,1,0,0
9582,1496,true,3,2,0
9583,890,true,2,1,0
9584,360,true,2,1,0
9585,314,true,1,0,0
9586,415,true,1,0,0
9587,12754,true,3,1,1
9588,328,true,1,0,0
9589,362,true,1,0,0
9590,1113,true,2,1,0
9591,321,true,1,0,0
9592,406,true,2,1,0
9593,450,true,1,0,0
9594,293,true,1,0,0
9595,408,true,1,0,0
9596,246,true,1,0,0
9597,169,true,1,0,0
9598,1038,true,4,3,0
9599,247,true,1,0,0
9600,390,true,1,0,0
9601,6446,true,3,2,0
9602,228,true,1,0,0
9603,536,true,1,0,0
9604,300,true,1,0,0
9605,416,true,2,1,0
9606,583,true,1,0,0
9607,1035,true,3,2,0
9608,511,true,1,0,0
9609,388,true,1,0,0
9610,439,true,2,1,0
9611,1439,true,3,2,0
9612,48665,true,2,0,1
9613,478,true,1,0,0
9614,338,true,1,0,0
9615,618,true,1,0,0
9616,430,true,1,0,0
9617,329,true,1,0,0
9618,74519,true,4,2,1
9619,801,true,1,0,0
9620,440,true,1,0,0
9621,573,true,2,1,0
9622,643,true,3,2,0
9623,775,true,1,0,0
9624,498,true,1,0,0
9625,1017,true,3,2,0
9626,340,true,1,0,0
9627,525,true,1,0,0
9628,21462,true,6,4,1
9629,8744,true,2,1,0
9630,8415,true,4,3,0
9631,254,true,1,0,0
9632,509,true,2,1,0
9633,367,true,1,0,0
9634,379,true,1,0,0
9635,2616,true,3,2,0
9636,1578,true,3,2,0
9637,292,true,1,0,0
9638,609,true,3,2,0
9639,369,true,2,1,0
9640,651,true,2,1,0
9641,764,true,1,0,0
9642,277,true,1,0,0
9643,266,true,1,0,0
9644,554,true,1,0,0
9645,421,true,1,0,0
9646,881,true,1,0,0
9647,383,true,2,1,0
9648,652,true,1,0,0
9649,310,true,1,0,0
9650,320,true,1,0,0
9651,389,true,2,1,0
9652,802,true,2,1,0
9653,943,true,2,1,0
9654,10411,true,2,1,0
9655,431,true,2,1,0
9656,863,true,2,1,0
9657,293,true,1,0,0
9658,792,true,1,0,0
9659,21016,true,2,0,1
9660,1493,true,2,1,0
9661,478,true,2,1,0
9662,625,true,1,0,0
9663,261,true,2,1,0
9664,361,true,2,1,0
9665,367,true,1,0,0
9666,362,true,1,0,0
9667,388,true,1,0,0
9668,623,true,2,1,0
9669,478,true,1,0,0
9670,315,true,1,0,0
9671,804,true,3,2,0
9672,401,true,1,0,0
9673,486,true,1,0,0
9674,293,true,1,0,0
9675,474,true,1,0,0
9676,607,true,1,0,0
9677,301,true,2,1,0
9678,28440,true,5,4,0
9679,441,true,1,0,0
9680,648,true,1,0,0
9681,28668,true,2,1,0
9682,7706,true,2,1,0
9683,350,true,1,0,0
9684,410,true,1,0,0
9685,333,true,1,0,0
9686,10559,true,2,1,0
9687,562,true,1,0,0
9688,1169,true,2,1,0
9689,361,true,1,0,0
9690,115460,true,3,1,1
9691,4133,true,1,0,0
9692,47815,true,4,3,0
9693,1597,true,5,4,0
9694,774,true,1,0,0
9695,305,true,1,0,0
9696,280,true,1,0,0
9697,785,true,2,1,0
9698,567,true,1,0,0
9699,911,true,2,1,0
9700,542,true,2,1,0
9701,61993,true,2,0,1
9702,374,true,2,1,0
9703,400,true,1,0,0
9704,290,true,1,0,0
9705,396,true,1,0,0
9706,352,true,1,0,0
9707,1482,true,2,1,0
9708,434,true,1,0,0
9709,1521,true,4,3,0
9710,259,true,1,0,0
9711,409,true,1,0,0
9712,908,true,3,2,0
9713,2819,true,2,1,0
9714,376,true,1,0,0
9715,789,true,2,1,0
9716,361,true,1,0,0
9717,6952,true,2,1,0
9718,491,true,1,0,0
9719,50207,true,3,1,1
9720,15394,true,2,1,0
9721,953,true,2,1,0
9722,854,true,1,0,0
9723,604,true,1,0,0
9724,580,true,1,0,0
9725,670,true,2,1,0
9726,47848,true,4,3,0
9727,509,true,1,0,0
9728,315,true,1,0,0
9729,640,true,2,1,0
9730,488,true,1,0,0
9731,483,true,1,0,0
9732,373,true,2,1,0
9733,1608,true,4,3,0
9734,7935,true,4,3,0
9735,531,true,1,0,0
9736,436,true,1,0,0
9737,237,true,1,0,0
9738,2308,true,6,5,0
9739,460,true,1,0,0
9740,1205,true,2,1,0
9741,564,true,1,0,0
9742,874,true,1,0,0
9743,915,true,1,0,0
9744,1181,true,1,0,0
9745,1821,true,4,3,0
9746,460,true,2,1,0
9747,44605,true,2,1,0
9748,465,true,1,0,0
9749,383,true,1,0,0
9750,405,true,1,0,0
9751,32889,true,2,0,1
9752,783,true,2,1,0
9753,514,true,1,0,0
9754,81276,true,3,1,1
9755,353816,true,2,1,0
9756,1632,true,3,2,0
9757,300,true,1,0,0
9758,5144,true,2,1,0
9759,369,true,1,0,0
9760,355,true,1,0,0
9761,1098,true,2,1,0
9762,301,true,1,0,0
9763,830,true,2,1,0
9764,472,true,2,1,0
9765,398,true,1,0,0
9766,472,true,1,0,0
9767,307,true,1,0,0
9768,5238,true,3,2,0
9769,375,true,1,0,0
9770,794,true,2,1,0
9771,341,true,1,0,0
9772,340,true,1,0,0
9773,218556,true,3,2,0
9774,1154,true,2,1,0
9775,1554,true,4,3,0
9776,6447,true,2,1,0
9777,208051,true,6,4,1
9778,407,true,1,0,0
9779,5589,true,1,0,0
9780,2709,true,1,0,0
9781,1593,true,2,1,0
9782,576,true,1,0,0
9783,673,true,1,0,0
9784,459,true,1,0,0
9785,487,true,1,0,0
9786,466,true,1,0,0
9787,386,true,1,0,0
9788,503,true,1,0,0
9789,683,true,1,0,0
9790,1450,true,2,1,0
9791,278,true,1,0,0
9792,1734,true,3,2,0
9793,663,true,1,0,0
9794,881,true,2,1,0
9795,592,true,1,0,0
9796,484,true,1,0,0
9797,1016,true,2,1,0
9798,385,true,1,0,0
9799,1214,true,2,1,0
9800,31330,true,6,4,1
9801,355,true,1,0,0
9802,348,true,1,0,0
9803,389,true,2,1,0
9804,583,true,1,0,0
9805,1289,true,2,1,0
9806,341,true,1,0,0
9807,458,true,2,1,0
9808,496,true,1,0,0
9809,18336,true,2,0,1
9810,226,true,1,0,0
9811,400,true,1,0,0
9812,808,true,2,1,0
9813,272,true,1,0,0
9814,33159,true,2,0,1
9815,19474,true,2,0,1
9816,464,true,1,0,0
9817,429,true,2,1,0
9818,455,true,1,0,0
9819,836,true,2,1,0
9820,491,true,1,0,0
9821,454,true,1,0,0
9822,206129,true,2,1,0
9823,379,true,1,0,0
9824,977,true,2,1,0
9825,411,true,1,0,0
9826,1005,true,3,2,0
9827,426,true,1,0,0
9828,7278,true,4,3,0
9829,1318,true,3,2,0
9830,1645,true,1,0,0
9831,455,true,1,0,0
9832,719,true,1,0,0
9833,20490,true,2,1,0
9834,318,true,1,0,0
9835,384,true,1,0,0
9836,17686,true,2,1,0
9837,4567,true,3,2,0
9838,5293,true,4,3,0
9839,615,true,2,1,0
9840,712,true,2,1,0
9841,428,true,2,1,0
9842,3492,true,1,0,0
9843,6319,true,1,0,0
9844,578,true,2,1,0
9845,458,true,1,0,0
9846,969,true,2,1,0
9847,316,true,1,0,0
9848,483,true,2,1,0
9849,1176,true,2,1,0
9850,1107,true,3,2,0
9851,17126,true,3,2,0
9852,398,true,1,0,0
9853,815,true,2,1,0
9854,464,true,1,0,0
9855,276,true,1,0,0
9856,22325,true,4,2,1
9857,354,true,1,0,0
9858,552,true,2,1,0
9859,1109,true,2,1,0
9860,1097,true,3,2,0
9861,354,true,1,0,0
9862,772,true,3,2,0
9863,56776,true,2,0,1
9864,632,true,1,0,0
9865,365,true,1,0,0
9866,8242,true,2,1,0
9867,600,true,1,0,0
9868,1225,true,3,2,0
9869,703,true,1,0,0
9870,829,true,2,1,0
9871,387,true,1,0,0
9872,490,true,1,0,0
9873,490,true,1,0,0
9874,582,true,1,0,0
9875,74329,true,2,1,0
9876,397,true,1,0,0
9877,619,true,1,0,0
9878,432,true,1,0,0
9879,1727,true,2,1,0
9880,2011,true,3,2,0
9881,597,true,1,0,0
9882,737,true,1,0,0
9883,497,true,1,0,0
9884,7941,true,1,0,0
9885,331,true,1,0,0
9886,323,true,1,0,0
9887,477,true,1,0,0
9888,414,true,1,0,0
9889,1027,true,2,1,0
9890,60182,true,6,4,1
9891,311,true,1,0,0
9892,429,true,1,0,0
9893,2185,true,4,3,0
9894,28582,true,5,4,0
9895,290,true,1,0,0
9896,1026,true,2,1,0
9897,71907,true,5,4,0
9898,73708,true,3,1,1
9899,602,true,1,0,0
9900,845,true,3,2,0
9901,30390,true,2,1,0
9902,112877,true,11,8,2
9903,378,true,1,0,0
9904,27122,true,5,4,0
9905,1322,true,2,1,0
9906,988,true,4,3,0
9907,355,true,1,0,0
9908,1134,true,3,2,0
9909,3584,true,2,1,0
9910,488,true,1,0,0
9911,548,true,1,0,0
9912,818,true,2,1,0
9913,445,true,1,0,0
9914,589,true,1,0,0
9915,99073,true,3,1,1
9916,1151,true,2,1,0
9917,454,true,1,0,0
9918,1813,true,5,4,0
9919,241,true,1,0,0
9920,2588,true,4,3,0
9921,373,true,1,0,0
9922,11422,true,6,5,0
9923,341,true,3,2,0
9924,381,true,1,0,0
9925,232,true,1,0,0
9926,173,true,1,0,0
9927,340,true,1,0,0
9928,428,true,1,0,0
9929,460,true,1,0,0
9930,843,true,2,1,0
9931,287,true,1,0,0
9932,868,true,2,1,0
9933,991,true,2,1,0
9934,487,true,1,0,0
9935,1142,true,2,1,0
9936,402,true,1,0,0
9937,677,true,1,0,0
9938,1279,true,2,1,0
9939,448,true,1,0,0
9940,879,true,2,1,0
9941,209,true,1,0,0
9942,373,true,1,0,0
9943,316,true,1,0,0
9944,423,true,2,1,0
9945,363,true,2,1,0
9946,363,true,1,0,0
9947,266,true,1,0,0
9948,399,true,1,0,0
9949,396,true,1,0,0
9950,283256,true,3,1,1
9951,1015,true,2,1,0
9952,34671,true,2,1,0
9953,405,true,1,0,0
9954,373,true,1,0,0
9955,382,true,1,0,0
9956,1487,true,1,0,0
9957,203557,true,3,2,0
9958,1350,true,2,1,0
9959,318,true,1,0,0
9960,589,true,1,0,0
9961,316,true,1,0,0
9962,289,true,1,0,0
9963,148,true,1,0,0
9964,377,true,1,0,0
9965,1376,true,1,0,0
9966,387,true,1,0,0
9967,284,true,1,0,0
9968,634,true,2,1,0
9969,5217,true,4,3,0
9970,580,true,1,0,0
9971,382,true,2,1,0
9972,1277,true,2,1,0
9973,356,true,2,1,0
9974,1313,true,2,1,0
9975,302,true,1,0,0
9976,504,true,1,0,0
9977,700,true,1,0,0
9978,809,true,2,1,0
9979,594,true,1,0,0
9980,502,true,2,1,0
9981,508,true,2,1,0
9982,1472,true,3,2,0
9983,1192,true,1,0,0
9984,467,true,1,0,0
9985,659,true,2,1,0
9986,387,true,1,0,0
9987,316,true,1,0,0
9988,408,true,1,0,0
9989,221,true,1,0,0
9990,561,true,1,0,0
9991,583,true,1,0,0
9992,382,true,1,0,0
9993,465,true,1,0,0
9994,352,true,1,0,0
9995,560,true,1,0,0
9996,374,true,1,0,0
9997,987,true,3,2,0
9998,334,true,1,0,0
9999,460,true,1,0,0
