seed,outcome,steps,positive_candidates,certificates,applied_lies,accusations,microseconds
0,complete,8,564,35,12,12,1520
1,complete,11,754,18,8,8,1516
2,complete,7,693,26,10,10,1427
3,complete,7,532,14,7,7,1133
4,complete,10,948,11,5,5,1251
5,complete,11,1384,22,8,8,5450
6,complete,13,992,15,7,7,6156
7,complete,8,1011,30,7,7,3369
8,complete,18,1822,16,11,11,3951
9,complete,29,3443,19,7,7,3579
10,complete,13,1846,20,11,11,1414
11,complete,14,1367,18,10,10,1851
12,complete,11,1050,14,8,8,1529
13,complete,14,1404,30,8,8,1762
14,complete,15,1247,37,10,10,2100
15,complete,14,1763,11,4,4,1425
16,complete,16,918,36,13,13,2230
17,complete,16,1782,28,12,12,1930
18,complete,12,838,26,12,12,1706
19,complete,14,1349,14,4,4,1544
20,complete,8,882,25,7,7,1237
21,complete,9,731,16,10,10,1274
22,complete,14,1326,14,6,6,1420
23,complete,14,1961,17,7,7,1441
24,complete,11,1036,17,6,6,1382
25,complete,11,1216,23,9,9,1564
26,complete,12,876,21,10,10,1587
27,complete,12,865,23,9,9,1505
28,complete,12,779,17,9,9,1690
29,complete,11,1649,24,6,6,1304
30,complete,5,527,35,6,6,823
31,complete,22,1983,18,10,10,2594
32,complete,14,1498,9,6,6,1715
33,complete,5,261,26,9,9,944
34,complete,20,2253,28,14,14,2266
35,complete,18,1771,21,11,11,2112
36,complete,13,1173,15,8,8,1571
37,complete,15,894,16,10,10,2069
38,complete,15,1113,31,15,15,2249
39,complete,23,2498,18,8,8,2454
40,complete,8,916,21,6,6,1079
41,complete,12,1368,17,9,9,1383
42,complete,17,1487,22,9,9,2086
43,complete,14,1675,19,9,9,1742
44,complete,6,464,35,8,8,1045
45,complete,21,1246,14,8,8,2443
46,complete,14,1833,12,7,7,1348
47,complete,16,1356,16,8,8,1888
48,complete,15,2049,22,8,8,1524
49,complete,17,2220,14,8,8,1717
50,complete,19,1634,8,5,5,2019
51,complete,12,1255,13,8,8,1400
52,complete,15,649,17,9,9,2103
53,complete,10,1237,23,13,13,1482
54,complete,11,800,27,11,11,1435
55,complete,16,1474,24,9,9,1958
56,complete,14,1668,13,5,5,1503
57,complete,19,1859,22,8,8,2356
58,complete,11,803,11,6,6,1452
59,complete,22,2246,16,8,8,3764
60,complete,17,2349,25,11,11,9901
61,complete,17,1277,32,9,9,2156
62,complete,14,1785,17,6,6,1592
63,complete,12,938,27,12,12,1627
64,complete,19,2203,13,8,8,1961
65,complete,7,600,25,8,8,1014
66,complete,12,1247,18,8,8,1387
67,complete,8,544,23,8,8,1186
68,complete,10,1020,36,13,13,1385
69,complete,6,659,23,5,5,782
70,complete,18,2593,25,11,11,1732
71,complete,13,952,15,9,9,1674
72,complete,20,2043,10,5,5,1819
73,complete,8,708,19,12,12,1243
74,complete,22,3187,20,8,8,1824
75,complete,16,1839,20,10,10,1862
76,complete,21,2256,10,5,5,1876
77,complete,11,1037,20,10,10,1474
78,complete,13,1536,14,7,7,1504
79,complete,10,903,16,8,8,1373
80,complete,10,850,13,7,7,1299
81,complete,15,1388,20,9,9,1715
82,complete,21,2444,20,10,10,2101
83,complete,16,1244,23,12,12,2021
84,complete,11,883,8,7,7,1349
85,complete,15,1651,31,14,14,1733
86,complete,14,968,20,13,13,1857
87,complete,8,498,9,6,6,1022
88,complete,17,2233,26,10,10,6978
89,complete,14,1368,15,10,10,1555
90,complete,10,928,16,7,7,1418
91,complete,9,895,19,7,7,1066
92,complete,6,650,32,8,8,906
93,complete,8,655,36,10,10,1254
94,complete,16,1061,26,13,13,2192
95,complete,16,1765,32,11,11,1847
96,complete,12,996,27,8,8,1469
97,complete,13,1114,24,13,13,1695
98,complete,14,987,24,9,9,1839
99,complete,13,997,27,8,8,1529
100,complete,10,1349,17,7,7,1114
101,complete,16,2326,17,8,8,2005
102,complete,16,1270,27,13,13,1938
103,complete,16,1987,15,7,7,1632
104,complete,10,1122,17,7,7,1301
105,complete,11,878,22,6,6,1271
106,complete,21,2500,23,8,8,2577
107,complete,14,1683,25,8,8,1430
108,complete,7,597,19,7,7,939
109,complete,18,2446,24,11,11,1876
110,complete,12,1354,17,9,9,1468
111,complete,10,1265,19,7,7,1169
112,complete,8,623,21,11,11,1324
113,complete,13,1841,18,6,6,1203
114,complete,20,1371,18,7,7,2311
115,complete,12,885,28,10,10,1615
116,complete,12,1472,13,7,7,1160
117,complete,15,1586,20,10,10,1734
118,complete,19,2181,14,6,6,1927
119,complete,10,1285,29,4,4,1173
120,complete,11,1231,23,8,8,1359
121,complete,11,974,16,7,7,1254
122,complete,14,1272,9,6,6,1616
123,complete,16,2332,19,8,8,3885
124,complete,18,1451,26,9,9,2391
125,complete,11,1268,15,7,7,1191
126,complete,16,1976,24,10,10,1761
127,complete,16,1493,22,12,12,1982
128,complete,15,1303,22,11,11,1750
129,complete,15,1982,22,8,8,1490
130,complete,10,945,19,10,10,1312
131,complete,10,718,25,11,11,1426
132,complete,11,707,21,10,10,1544
133,complete,8,929,13,6,6,1016
134,complete,7,546,31,7,7,1057
135,complete,16,1608,29,11,11,1808
136,complete,11,974,20,10,10,1412
137,complete,9,920,27,8,8,1329
138,complete,14,1107,23,10,10,1804
139,complete,16,2023,14,8,8,1578
140,complete,15,1738,43,11,11,1858
141,complete,30,3012,23,10,10,3288
142,complete,6,631,29,5,5,821
143,complete,12,1272,21,11,11,1490
144,complete,11,1106,10,7,7,1182
145,complete,13,1143,16,10,10,1702
146,complete,16,1231,28,9,9,1872
147,complete,10,465,20,11,11,1553
148,complete,16,1946,29,12,12,2854
149,complete,14,1300,21,12,12,1484
150,complete,8,829,20,9,9,1151
151,complete,12,1298,19,9,9,1499
152,complete,12,848,28,13,13,1707
153,complete,10,890,31,12,12,1479
154,complete,12,1520,29,10,10,1393
155,complete,15,2150,33,10,10,1443
156,complete,16,1146,34,17,17,2091
157,complete,16,1480,18,9,9,1795
158,complete,11,867,18,9,9,1517
159,complete,9,966,15,9,9,1222
160,complete,16,1262,18,9,9,2020
161,complete,16,1249,12,5,5,1877
162,complete,8,841,19,7,7,1070
163,complete,13,1232,18,9,9,1352
164,complete,10,1129,22,9,9,1237
165,complete,15,1841,29,11,11,1947
166,complete,12,1363,19,9,9,1326
167,complete,13,1325,18,8,8,1496
168,complete,12,973,22,11,11,1606
169,complete,9,814,12,5,5,1037
170,complete,10,872,22,11,11,1496
171,complete,6,639,21,4,4,822
172,complete,17,1850,14,9,9,1831
173,complete,23,2161,16,9,9,2525
174,complete,23,2101,13,9,9,2425
175,complete,11,1515,39,10,10,1186
176,complete,9,1181,26,7,7,960
177,complete,15,1747,30,9,9,1610
178,complete,5,291,9,6,6,920
179,complete,13,1032,29,12,12,1906
180,complete,15,1995,29,8,8,1432
181,complete,10,944,25,11,11,1496
182,complete,12,1292,24,9,9,1258
183,complete,11,921,31,10,10,1283
184,complete,8,631,28,11,11,1273
185,complete,13,992,11,7,7,7336
186,complete,19,2071,27,13,13,1998
187,complete,9,733,31,9,9,1279
188,complete,19,2343,13,4,4,1644
189,complete,9,468,16,8,8,1304
190,complete,11,933,30,15,15,1634
191,complete,13,1541,26,11,11,1759
192,complete,21,2868,29,9,9,4875
193,complete,17,2057,18,8,8,1657
194,complete,12,1469,26,10,10,1411
195,complete,23,2825,21,11,11,2355
196,complete,14,1992,29,9,9,1475
197,complete,10,1006,24,7,7,1330
198,complete,13,816,15,8,8,1651
199,complete,9,811,18,9,9,1214
200,complete,14,1497,10,6,6,1462
201,complete,22,2100,21,12,12,2542
202,complete,16,2124,12,6,6,1571
203,complete,10,1326,22,6,6,1003
204,complete,16,1762,20,10,10,1698
205,complete,11,1146,16,8,8,1355
206,complete,18,2582,17,10,10,115935
207,complete,12,1086,18,6,6,1557
208,complete,13,1237,20,7,7,3403
209,complete,13,1233,13,8,8,1453
210,complete,10,1323,29,11,11,1334
211,complete,11,1058,18,8,8,1331
212,complete,23,2236,14,6,6,2403
213,complete,12,925,18,8,8,1486
214,complete,13,1914,15,6,6,3486
215,complete,13,722,12,8,8,1785
216,complete,16,1436,23,10,10,1759
217,complete,8,680,15,6,6,1121
218,complete,18,2692,14,9,9,1533
219,complete,15,1192,10,7,7,1714
220,complete,13,1426,27,10,10,2167
221,complete,23,1954,16,10,10,2883
222,complete,10,1570,22,8,8,1169
223,complete,13,1492,20,9,9,1442
224,complete,14,1318,7,5,5,1627
225,complete,12,1578,13,4,4,1163
226,complete,12,1543,15,7,7,1284
227,complete,16,2224,33,12,12,1626
228,complete,17,2074,21,8,8,3299
229,complete,10,1032,17,5,5,1218
230,complete,12,1237,24,7,7,1232
231,complete,11,525,29,12,12,1657
232,complete,11,947,25,8,8,1435
233,complete,12,838,19,8,8,1685
234,complete,21,2245,17,9,9,2159
235,complete,11,1730,38,6,6,1093
236,complete,10,1038,19,9,9,1323
237,complete,14,900,31,14,14,1975
238,complete,23,1979,17,10,10,24046
239,complete,13,937,20,12,12,4433
240,complete,10,659,17,8,8,1365
241,complete,13,1300,15,6,6,1447
242,complete,9,676,21,8,8,1286
243,complete,13,977,28,10,10,1762
244,complete,18,1249,15,7,7,2182
245,complete,11,750,18,11,11,1547
246,complete,11,755,18,8,8,2049
247,complete,21,1946,30,13,13,6758
248,complete,19,2181,20,9,9,3170
249,complete,21,2138,12,9,9,126987
250,complete,20,1946,19,7,7,22778
251,complete,13,1819,29,10,10,1528
252,complete,9,1222,26,8,8,1025
253,complete,22,1675,30,11,11,3026
254,complete,6,276,34,8,8,1248
255,complete,11,821,29,8,8,2268
256,complete,12,1525,17,6,6,1932
257,complete,10,569,22,9,9,1936
258,complete,20,2867,17,9,9,1982
259,complete,11,759,20,9,9,1535
260,complete,25,1920,21,11,11,3204
261,complete,12,1091,29,14,14,1571
262,complete,24,3449,25,7,7,2147
263,complete,16,1955,15,5,5,1536
264,complete,8,813,21,9,9,1116
265,complete,12,1778,20,6,6,1192
266,complete,9,1104,24,7,7,1009
267,complete,17,2078,24,11,11,2020
268,complete,13,1991,28,11,11,2057
269,complete,20,2873,25,11,11,4394
270,complete,10,1063,17,8,8,1313
271,complete,17,1674,17,8,8,1805
272,complete,14,1453,13,7,7,1610
273,complete,18,2336,27,12,12,1803
274,complete,11,340,18,10,10,1613
275,complete,7,242,19,8,8,1074
276,complete,14,1307,15,10,10,1681
277,complete,12,1456,20,10,10,1530
278,complete,11,592,19,7,7,1488
279,complete,16,1272,19,11,11,2107
280,complete,14,1342,18,9,9,1660
281,complete,20,2007,20,8,8,2134
282,complete,8,811,29,9,9,1154
283,complete,9,1041,25,10,10,1137
284,complete,9,809,21,7,7,1213
285,complete,9,892,14,7,7,1183
286,complete,9,936,23,8,8,1184
287,complete,7,509,36,11,11,1145
288,complete,11,1102,22,10,10,1626
289,complete,8,499,22,11,11,1749
290,complete,7,553,28,9,9,1122
291,complete,13,584,23,7,7,2180
292,complete,14,1313,18,8,8,1698
293,complete,13,1332,14,5,5,1523
294,complete,8,448,26,10,10,1336
295,complete,8,1010,35,5,5,1023
296,complete,10,829,19,9,9,1401
297,complete,14,1041,13,8,8,1866
298,complete,11,661,23,9,9,2421
299,complete,8,708,17,8,8,1307
300,complete,15,2228,22,8,8,1625
301,complete,11,1133,24,8,8,1253
302,complete,10,898,21,7,7,1429
303,complete,11,1100,17,11,11,1447
304,complete,15,1420,27,9,9,6506
305,complete,6,577,21,6,6,939
306,complete,13,1258,14,8,8,1686
307,complete,8,861,19,8,8,1177
308,complete,7,735,36,8,8,885
309,complete,15,1435,25,11,11,1830
310,complete,11,1034,24,7,7,1574
311,complete,18,1974,20,6,6,1773
312,complete,9,901,31,8,8,1221
313,complete,15,1700,17,7,7,4322
314,complete,18,2049,13,8,8,2022
315,complete,29,2766,29,14,14,4340
316,complete,12,1286,21,10,10,1834
317,complete,12,1481,29,10,10,1927
318,complete,18,2261,17,5,5,2222
319,complete,16,1902,18,9,9,1731
320,complete,12,1695,24,12,12,1374
321,complete,12,1411,27,11,11,2103
322,complete,13,1374,11,6,6,1421
323,complete,15,1438,27,12,12,1667
324,complete,23,2001,7,5,5,2255
325,complete,14,1768,23,10,10,1530
326,complete,7,617,26,9,9,1130
327,complete,11,1074,17,6,6,1361
328,complete,16,1670,18,11,11,3017
329,complete,10,860,14,10,10,1283
330,complete,12,1711,17,8,8,1138
331,complete,12,998,16,10,10,1600
332,complete,19,2432,21,9,9,2023
333,complete,10,757,20,9,9,2153
334,complete,9,686,20,13,13,2066
335,complete,13,988,18,9,9,1877
336,complete,7,321,27,10,10,1139
337,complete,18,1236,15,9,9,2334
338,complete,9,1011,20,6,6,1144
339,complete,8,827,21,10,10,1191
340,complete,11,1232,18,8,8,1351
341,complete,11,1259,27,10,10,1393
342,complete,13,1381,15,9,9,1592
343,complete,17,2226,17,10,10,13026
344,complete,19,1360,22,9,9,2442
345,complete,10,1153,17,8,8,1292
346,complete,12,1268,25,7,7,1277
347,complete,13,1284,23,13,13,1718
348,complete,12,1016,16,10,10,1607
349,complete,16,887,12,7,7,1854
350,complete,12,940,14,7,7,1759
351,complete,11,682,17,8,8,1532
352,complete,23,3042,23,10,10,2453
353,complete,15,913,12,5,5,1722
354,complete,10,760,15,9,9,1402
355,complete,15,1297,21,7,7,1715
356,complete,10,875,22,8,8,1334
357,complete,9,1128,30,7,7,1252
358,complete,20,1531,19,7,7,2464
359,complete,11,963,24,16,16,1669
360,complete,13,1173,12,6,6,1395
361,complete,19,1738,29,8,8,2287
362,complete,10,1114,30,9,9,1165
363,complete,12,939,18,9,9,2134
364,complete,15,2067,35,9,9,2230
365,complete,13,1259,17,8,8,1861
366,complete,15,1232,20,9,9,2601
367,complete,14,1203,19,9,9,1989
368,complete,11,1373,21,6,6,1129
369,complete,20,980,22,12,12,29335
370,complete,10,857,19,9,9,1383
371,complete,13,932,35,11,11,1764
372,complete,22,2139,19,11,11,2399
373,complete,28,3267,31,12,12,5884
374,complete,8,824,28,9,9,1745
375,complete,9,1095,23,7,7,1196
376,complete,10,532,18,6,6,1545
377,complete,18,1348,8,7,7,2047
378,complete,10,868,18,7,7,1345
379,complete,15,1481,19,12,12,1744
380,complete,13,1502,27,11,11,1566
381,complete,16,2211,34,5,5,1530
382,complete,16,829,20,8,8,2417
383,complete,17,1738,27,10,10,7083
384,complete,15,1801,19,9,9,1737
385,complete,17,3169,34,7,7,1389
386,complete,9,1215,24,6,6,974
387,complete,11,890,18,10,10,1513
388,complete,13,1178,11,7,7,1624
389,complete,16,1879,24,6,6,1910
390,complete,31,3509,29,14,14,5210
391,complete,10,672,18,5,5,1611
392,complete,27,2395,12,7,7,3870
393,complete,13,937,17,10,10,2568
394,complete,13,1518,20,10,10,27688
395,complete,14,1106,20,11,11,1880
396,complete,9,772,27,8,8,1245
397,complete,16,2115,30,8,8,1631
398,complete,19,1575,17,9,9,2274
399,complete,24,2828,28,10,10,4239
400,complete,11,854,14,8,8,1558
401,complete,19,1306,18,10,10,2296
402,complete,18,1202,23,8,8,2672
403,complete,17,2287,23,8,8,1732
404,complete,9,498,20,10,10,1308
405,complete,9,972,20,6,6,1273
406,complete,10,942,12,5,5,1279
407,complete,19,2730,33,9,9,1643
408,complete,14,1261,12,8,8,1721
409,complete,19,1949,18,9,9,2318
410,complete,15,1144,19,9,9,1728
411,complete,14,1873,20,11,11,2620
412,complete,7,633,24,12,12,1124
413,complete,25,2965,24,10,10,2539
414,complete,12,762,18,9,9,1589
415,complete,23,3020,17,13,13,2660
416,complete,9,814,9,7,7,1238
417,complete,9,885,32,6,6,1128
418,complete,13,1093,26,9,9,2007
419,complete,30,3432,15,8,8,5566
420,complete,18,2075,13,8,8,1966
421,complete,16,1613,22,9,9,1767
422,complete,17,2089,19,10,10,1836
423,complete,9,751,20,9,9,1293
424,complete,13,777,20,10,10,1894
425,complete,9,554,35,13,13,1616
426,complete,16,1974,10,9,9,1615
427,complete,10,635,12,6,6,1334
428,complete,15,2127,20,9,9,1425
429,complete,19,1387,22,11,11,2287
430,complete,12,1486,10,5,5,1313
431,complete,12,503,41,14,14,1940
432,complete,7,486,21,6,6,945
433,complete,7,632,13,6,6,959
434,complete,10,1315,27,10,10,1212
435,complete,14,1737,10,7,7,2136
436,complete,16,1325,15,8,8,2490
437,complete,14,1006,11,7,7,2532
438,complete,11,938,20,10,10,1943
439,complete,13,1125,19,7,7,1635
440,complete,12,1303,35,12,12,1613
441,complete,21,1626,13,7,7,6006
442,complete,13,1374,20,10,10,1590
443,complete,14,1190,12,8,8,1627
444,complete,21,2010,23,7,7,2414
445,complete,16,1692,6,5,5,1481
446,complete,16,1942,21,11,11,2497
447,complete,14,2149,24,10,10,1480
448,complete,12,1092,17,11,11,1531
449,complete,8,693,19,9,9,1156
450,complete,15,1911,15,8,8,1578
451,complete,19,2522,16,7,7,1869
452,complete,8,999,27,9,9,1247
453,complete,10,455,19,10,10,1957
454,complete,15,2081,15,9,9,1782
455,complete,12,1145,20,7,7,2146
456,complete,13,1471,16,7,7,1562
457,complete,7,621,15,6,6,1046
458,complete,11,1437,34,10,10,1359
459,complete,14,1282,22,3,3,2481
460,complete,5,399,24,7,7,837
461,complete,13,1288,17,10,10,1744
462,complete,10,1016,13,9,9,1282
463,complete,13,1441,20,9,9,1522
464,complete,9,1131,12,3,3,945
465,complete,10,1121,18,11,11,1266
466,complete,11,1229,24,12,12,2106
467,complete,9,1061,31,9,9,1370
468,complete,9,859,18,8,8,1312
469,complete,9,620,21,6,6,1193
470,complete,15,1029,21,11,11,1851
471,complete,10,1041,27,15,15,1501
472,complete,12,857,31,8,8,1579
473,complete,16,1733,21,9,9,1751
474,complete,16,1559,23,11,11,1845
475,complete,10,649,15,8,8,1473
476,complete,15,1406,30,10,10,3057
477,complete,16,1656,22,8,8,2336
478,complete,9,795,22,9,9,1345
479,complete,20,2104,20,11,11,2415
480,complete,11,1575,32,8,8,1052
481,complete,14,1455,23,11,11,1623
482,complete,18,1557,22,11,11,2086
483,complete,7,430,21,9,9,1197
484,complete,15,1595,19,9,9,1682
485,complete,9,963,17,6,6,1055
486,complete,16,1215,17,8,8,2090
487,complete,17,1659,16,8,8,2719
488,complete,14,1651,19,9,9,1575
489,complete,10,972,16,5,5,1479
490,complete,11,1112,24,12,12,1491
491,complete,13,1523,10,5,5,1445
492,complete,10,750,12,8,8,1552
493,complete,13,1586,18,9,9,61252
494,complete,15,1336,22,9,9,1703
495,complete,12,593,26,10,10,1655
496,complete,12,1118,24,9,9,1457
497,complete,16,1445,18,9,9,1812
498,complete,15,1063,24,12,12,2098
499,complete,11,871,18,9,9,1366
500,complete,9,1212,30,11,11,1171
501,complete,9,754,22,11,11,1226
502,complete,11,1330,33,8,8,1273
503,complete,13,1039,18,9,9,1557
504,complete,11,1116,24,13,13,1511
505,complete,10,1249,16,8,8,1216
506,complete,16,1822,24,11,11,1958
507,complete,10,969,15,8,8,1218
508,complete,23,2699,33,10,10,3805
509,complete,15,1290,19,12,12,1858
510,complete,11,1285,32,9,9,1415
511,complete,19,1734,21,12,12,2202
512,complete,29,3624,17,9,9,2886
513,complete,7,632,34,8,8,1049
514,complete,14,1172,16,8,8,1697
515,complete,27,1970,25,10,10,3461
516,complete,18,1001,14,8,8,2304
517,complete,17,2369,18,7,7,1636
518,complete,14,865,25,8,8,1871
519,complete,15,1177,26,9,9,1773
520,complete,14,1259,12,7,7,1562
521,complete,19,1713,33,10,10,2274
522,complete,16,1512,16,10,10,1870
523,complete,12,688,17,8,8,1547
524,complete,20,2259,13,9,9,2059
525,complete,9,407,28,12,12,1770
526,complete,22,2794,17,7,7,2087
527,complete,13,1433,11,6,6,1452
528,complete,9,809,16,9,9,1237
529,complete,13,1167,18,10,10,5483
530,complete,21,2741,19,12,12,2234
531,complete,8,1077,39,7,7,978
532,complete,16,1898,10,6,6,2698
533,complete,5,336,22,6,6,1023
534,complete,21,2006,14,7,7,3019
535,complete,14,958,21,8,8,1922
536,complete,16,1914,28,12,12,1852
537,complete,9,687,21,7,7,1289
538,complete,9,905,31,12,12,1279
539,complete,16,905,23,8,8,1920
540,complete,16,1621,22,12,12,2920
541,complete,15,1256,24,11,11,2563
542,complete,6,515,18,8,8,1300
543,complete,13,1496,25,8,8,2262
544,complete,17,1609,10,5,5,2461
545,complete,21,1752,28,10,10,3162
546,complete,17,1603,12,6,6,1974
547,complete,18,1882,19,8,8,1777
548,complete,18,1682,15,8,8,2372
549,complete,9,695,32,12,12,2157
550,complete,11,944,25,10,10,2344
551,complete,14,645,25,8,8,2072
552,complete,27,2569,22,7,7,25589
553,complete,27,3643,21,7,7,2393
554,complete,9,595,16,8,8,1784
555,complete,18,2562,28,6,6,2808
556,complete,13,896,25,12,12,2504
557,complete,10,801,31,10,10,2164
558,complete,12,850,15,10,10,1740
559,complete,10,856,9,6,6,1292
560,complete,13,967,22,12,12,1706
561,complete,9,712,18,9,9,1257
562,complete,13,567,25,9,9,1895
563,complete,10,1113,23,10,10,1319
564,complete,17,2248,15,8,8,2667
565,complete,9,1022,16,7,7,1205
566,complete,9,640,14,6,6,1272
567,complete,15,1117,14,8,8,1817
568,complete,8,469,33,10,10,1304
569,complete,9,710,26,8,8,1297
570,complete,16,1068,15,7,7,1962
571,complete,13,1715,33,8,8,1552
572,complete,9,923,22,10,10,1207
573,complete,10,1429,13,5,5,982
574,complete,15,1730,30,7,7,1801
575,complete,11,911,23,9,9,1618
576,complete,18,1543,17,9,9,2309
577,complete,12,1493,23,10,10,1483
578,complete,9,439,21,8,8,1365
579,complete,14,1430,26,9,9,1670
580,complete,11,701,21,11,11,1492
581,complete,12,1399,19,10,10,1387
582,complete,16,1937,25,8,8,1516
583,complete,14,1602,14,7,7,1658
584,complete,5,353,30,7,7,1147
585,complete,8,1007,16,7,7,1242
586,complete,10,1109,18,9,9,1250
587,complete,21,1842,23,11,11,2649
588,complete,15,1814,22,13,13,2809
589,complete,14,637,25,13,13,3017
590,complete,8,836,42,9,9,1109
591,complete,21,2324,16,10,10,2251
592,complete,7,690,21,10,10,1192
593,complete,8,457,25,7,7,1081
594,complete,9,583,23,9,9,1288
595,complete,13,1876,5,4,4,1154
596,complete,17,1353,19,9,9,1983
597,complete,18,1930,28,8,8,2185
598,complete,11,946,32,12,12,1687
599,complete,14,1336,18,8,8,2498
600,complete,15,1832,13,5,5,2302
601,complete,16,1882,24,9,9,1706
602,complete,16,1503,18,10,10,1865
603,complete,14,1006,25,11,11,1888
604,complete,17,1948,36,7,7,2005
605,complete,10,982,29,13,13,1466
606,complete,14,1161,24,11,11,1882
607,complete,5,259,25,8,8,898
608,complete,12,1262,21,9,9,1498
609,complete,15,938,23,14,14,1899
610,complete,14,1350,15,8,8,1664
611,complete,12,1337,18,7,7,1467
612,complete,10,1062,22,12,12,1560
613,complete,8,551,22,10,10,1548
614,complete,12,1415,17,10,10,2315
615,complete,9,669,27,12,12,2254
616,complete,10,761,17,9,9,1346
617,complete,11,1223,23,9,9,1391
618,complete,16,1338,25,10,10,1825
619,complete,12,1077,19,7,7,1352
620,complete,7,491,20,5,5,1068
621,complete,11,948,22,4,4,1478
622,complete,17,942,17,11,11,386304
623,complete,13,1390,31,8,8,1590
624,complete,11,519,33,13,13,1706
625,complete,13,1007,22,13,13,1625
626,complete,15,1389,13,7,7,1809
627,complete,12,1760,16,7,7,968
628,complete,8,895,22,9,9,1127
629,complete,9,760,14,6,6,1078
630,complete,24,2664,8,5,5,2213
631,complete,8,955,17,7,7,929
632,complete,16,1441,12,7,7,1975
633,complete,14,1135,23,9,9,2234
634,complete,16,1795,19,6,6,2372
635,complete,12,1415,11,8,8,1932
636,complete,8,558,21,8,8,1584
637,complete,16,1389,7,4,4,1782
638,complete,8,615,26,11,11,1263
639,complete,23,3373,8,4,4,7415
640,complete,29,3297,26,12,12,3177
641,complete,8,907,30,6,6,1036
642,complete,17,2436,21,3,3,193305
643,complete,10,935,20,7,7,1229
644,complete,12,1627,21,6,6,1202
645,complete,17,1283,20,11,11,2138
646,complete,29,3494,16,5,5,2684
647,complete,28,3446,15,7,7,2634
648,complete,15,738,22,10,10,1906
649,complete,16,1092,24,7,7,1835
650,complete,7,416,21,9,9,1696
651,complete,8,644,24,12,12,1808
652,complete,12,1047,17,9,9,1817
653,complete,16,1438,24,12,12,2907
654,complete,10,1060,28,13,13,1312
655,complete,19,1518,10,5,5,2009
656,complete,11,1297,19,8,8,1283
657,complete,12,1499,17,7,7,1278
658,complete,19,2866,14,8,8,1910
659,complete,14,1317,15,11,11,1704
660,complete,13,1353,28,11,11,1822
661,complete,8,698,22,8,8,1353
662,complete,11,1052,16,10,10,2036
663,complete,17,1907,17,7,7,2663
664,complete,12,612,19,12,12,1801
665,complete,6,643,32,8,8,925
666,complete,18,1770,35,12,12,6432
667,complete,9,568,17,9,9,1383
668,complete,10,983,18,10,10,1491
669,complete,7,640,20,9,9,1062
670,complete,20,1873,21,8,8,2753
671,complete,13,1165,24,7,7,1539
672,complete,21,2663,18,9,9,2112
673,complete,11,1096,35,10,10,1472
674,complete,10,914,18,9,9,1479
675,complete,10,1186,33,12,12,1433
676,complete,12,1638,28,13,13,1292
677,complete,20,2830,33,8,8,4294
678,complete,8,568,22,11,11,1859
679,complete,13,1144,18,9,9,1571
680,complete,15,1480,20,9,9,2183
681,complete,15,1766,14,9,9,1638
682,complete,23,2670,22,9,9,2170
683,complete,13,1036,22,10,10,1703
684,complete,17,2032,18,8,8,1908
685,complete,8,719,16,8,8,1048
686,complete,11,937,15,6,6,1436
687,complete,14,1122,17,11,11,1829
688,complete,14,971,17,9,9,1687
689,complete,11,967,21,10,10,1413
690,complete,16,1481,23,12,12,1875
691,complete,17,2306,26,13,13,2796
692,complete,12,726,24,9,9,1654
693,complete,14,1330,11,6,6,2387
694,complete,12,1538,27,9,9,1957
695,complete,12,1347,27,12,12,2104
696,complete,18,2078,6,4,4,1729
697,complete,16,1793,18,6,6,1519
698,complete,10,926,19,7,7,1220
699,complete,20,2311,14,8,8,2651
700,complete,8,1073,40,7,7,986
701,complete,15,1663,12,6,6,1511
702,complete,14,1932,37,12,12,2271
703,complete,22,2927,23,11,11,3081
704,complete,16,1874,17,8,8,2273
705,complete,13,1490,19,9,9,2264
706,complete,9,622,24,12,12,1519
707,complete,11,840,12,7,7,1404
708,complete,15,2145,23,9,9,1552
709,complete,13,1249,17,9,9,1553
710,complete,9,592,28,8,8,1349
711,complete,13,504,14,8,8,1779
712,complete,13,1630,14,8,8,1497
713,complete,15,1737,13,7,7,1553
714,complete,13,1264,29,10,10,1677
715,complete,10,1070,26,11,11,1421
716,complete,9,768,26,10,10,2030
717,complete,10,928,21,11,11,1339
718,complete,19,1379,14,7,7,2310
719,complete,14,1300,17,10,10,1889
720,complete,18,1973,28,12,12,1996
721,complete,12,1099,23,11,11,1649
722,complete,18,2247,15,8,8,1613
723,complete,10,910,10,3,3,1164
724,complete,11,789,14,9,9,1431
725,complete,16,2088,21,8,8,1445
726,complete,11,946,16,8,8,1404
727,complete,18,1300,27,15,15,2243
728,complete,17,1748,22,9,9,1709
729,complete,21,2434,22,6,6,3962
730,complete,10,804,24,8,8,1372
731,complete,14,1600,14,8,8,1453
732,complete,15,2155,12,5,5,1472
733,complete,18,2493,16,6,6,2205
734,complete,15,1823,18,8,8,1742
735,complete,4,114,23,6,6,737
736,complete,8,739,32,8,8,1244
737,complete,21,2632,16,8,8,2409
738,complete,14,1782,15,7,7,2193
739,complete,13,1187,26,6,6,2811
740,complete,25,2451,20,12,12,2624
741,complete,16,1513,16,10,10,1845
742,complete,15,1910,12,7,7,1368
743,complete,11,965,28,12,12,4302
744,complete,19,2142,20,9,9,2284
745,complete,11,878,24,12,12,1680
746,complete,13,890,22,9,9,2471
747,complete,22,2999,25,15,15,3086
748,complete,18,1278,13,7,7,2991
749,complete,12,614,20,9,9,2018
750,complete,11,1476,29,9,9,1497
751,complete,15,1406,23,11,11,2423
752,complete,16,998,23,11,11,2793
753,complete,20,1636,18,8,8,3076
754,complete,13,1539,21,11,11,1451
755,complete,11,1082,20,8,8,1480
756,complete,11,1034,20,9,9,1513
757,complete,12,922,17,8,8,2539
758,complete,25,3413,9,5,5,18317
759,complete,18,1135,17,8,8,2868
760,complete,11,1471,30,5,5,1401
761,complete,10,610,28,8,8,2240
762,complete,14,1117,21,9,9,2052
763,complete,12,1427,21,11,11,1573
764,complete,11,935,11,8,8,1443
765,complete,10,895,17,11,11,1445
766,complete,10,1008,23,9,9,1702
767,complete,6,520,20,8,8,1288
768,complete,22,1999,15,8,8,3339
769,complete,15,1886,25,8,8,2197
770,complete,7,820,28,5,5,1075
771,complete,8,821,25,6,6,1159
772,complete,9,761,25,11,11,1347
773,complete,7,505,23,8,8,1069
774,complete,9,749,27,4,4,1119
775,complete,8,671,32,10,10,1234
776,complete,17,1839,29,11,11,2961
777,complete,20,2589,30,10,10,2160
778,complete,10,645,19,7,7,1408
779,complete,16,1735,18,9,9,1848
780,complete,17,1717,20,7,7,2488
781,complete,7,462,12,7,7,953
782,complete,13,1061,29,9,9,1596
783,complete,8,315,16,9,9,1245
784,complete,8,431,23,10,10,1572
785,complete,17,2016,16,10,10,1657
786,complete,10,580,19,9,9,1534
787,complete,12,713,20,8,8,1569
788,complete,16,1840,13,7,7,1629
789,complete,23,2976,28,12,12,2928
790,complete,19,2128,18,9,9,2985
791,complete,12,640,20,6,6,2292
792,complete,11,963,18,9,9,1523
793,complete,16,2144,22,9,9,1722
794,complete,19,2282,20,11,11,3343
795,complete,16,1112,18,12,12,2044
796,complete,22,1793,18,11,11,2785
797,complete,13,1405,20,9,9,1434
798,complete,14,1555,8,4,4,1570
799,complete,12,1305,21,8,8,1591
800,complete,15,1645,23,10,10,1824
801,complete,7,843,16,5,5,1361
802,complete,12,1123,24,11,11,1717
803,complete,17,1997,23,7,7,1822
804,complete,12,787,22,8,8,1467
805,complete,15,2166,12,7,7,2390
806,complete,14,1206,17,10,10,1889
807,complete,15,1980,26,9,9,1719
808,complete,14,978,23,8,8,1591
809,complete,16,1297,23,10,10,2078
810,complete,17,1508,20,9,9,1967
811,complete,13,1584,22,7,7,1404
812,complete,12,1529,24,10,10,1380
813,complete,12,1011,20,7,7,1462
814,complete,12,1650,31,9,9,2017
815,complete,13,1736,24,10,10,2183
816,complete,11,986,24,10,10,1482
817,complete,9,655,16,6,6,1230
818,complete,13,1164,10,6,6,1616
819,complete,10,916,20,9,9,1401
820,complete,15,1336,28,12,12,1742
821,complete,12,970,23,9,9,1572
822,complete,11,1479,14,8,8,1313
823,complete,7,560,22,8,8,1087
824,complete,17,2387,24,7,7,1381
825,complete,9,471,22,8,8,1265
826,complete,7,785,16,6,6,927
827,complete,9,768,29,10,10,1281
828,complete,5,300,28,9,9,989
829,complete,10,1020,27,8,8,1291
830,complete,17,1604,20,9,9,1953
831,complete,18,1388,20,9,9,5128
832,complete,11,1566,9,5,5,1739
833,complete,18,1070,19,9,9,3552
834,complete,17,2654,19,9,9,1801
835,complete,16,1437,20,8,8,2415
836,complete,17,2362,18,10,10,2272
837,complete,16,1567,12,7,7,2419
838,complete,9,542,15,7,7,1773
839,complete,15,1444,18,10,10,2015
840,complete,13,671,20,9,9,1736
841,complete,17,2096,16,6,6,1712
842,complete,19,1804,18,8,8,1932
843,complete,16,2346,19,8,8,72790
844,complete,15,1666,22,9,9,2458
845,complete,10,808,15,7,7,1830
846,complete,14,1232,20,10,10,2340
847,complete,17,1241,14,8,8,2096
848,complete,12,1030,16,8,8,1493
849,complete,14,1920,13,5,5,1513
850,complete,19,1890,28,9,9,48518
851,complete,26,2752,17,10,10,2674
852,complete,12,1341,11,8,8,1310
853,complete,13,1526,12,5,5,1275
854,complete,18,2259,12,8,8,1843
855,complete,15,2219,21,5,5,1719
856,complete,13,1181,17,9,9,2335
857,complete,18,1356,17,9,9,2810
858,complete,13,999,16,8,8,2113
859,complete,14,1318,11,6,6,2292
860,complete,16,1950,13,7,7,1706
861,complete,17,2259,29,5,5,2501
862,complete,8,955,17,5,5,992
863,complete,15,1047,17,8,8,1816
864,complete,17,2145,21,9,9,2180
865,complete,13,1144,34,13,13,1801
866,complete,17,961,17,8,8,2529
867,complete,5,561,27,6,6,761
868,complete,13,1502,21,7,7,1453
869,complete,9,647,20,8,8,1366
870,complete,9,848,27,8,8,1574
871,complete,19,2108,21,8,8,1992
872,complete,15,1574,18,8,8,1646
873,complete,18,2355,30,12,12,1695
874,complete,11,1527,17,6,6,1201
875,complete,17,1093,27,8,8,2055
876,complete,11,1068,16,7,7,1496
877,complete,22,2639,17,8,8,2970
878,complete,8,349,26,9,9,1226
879,complete,13,1061,17,9,9,1750
880,complete,14,1536,24,8,8,1589
881,complete,14,1480,13,6,6,1576
882,complete,9,771,22,11,11,1983
883,complete,8,610,15,5,5,1721
884,complete,19,1638,17,11,11,2339
885,complete,8,880,36,8,8,977
886,complete,15,1150,28,9,9,2200
887,complete,11,884,17,8,8,1795
888,complete,7,595,27,8,8,1122
889,complete,9,989,15,7,7,1223
890,complete,15,1482,17,12,12,1715
891,complete,24,2145,26,13,13,2734
892,complete,10,572,26,12,12,1465
893,complete,11,1491,26,10,10,1176
894,complete,20,1585,13,9,9,6780
895,complete,14,1649,18,8,8,1483
896,complete,15,2020,27,10,10,1459
897,complete,15,1608,15,9,9,1653
898,complete,16,948,21,12,12,2178
899,complete,23,2326,20,11,11,504567
900,complete,13,1121,26,11,11,1660
901,complete,16,1504,19,7,7,2055
902,complete,15,1441,18,11,11,1689
903,complete,20,1742,8,5,5,4488
904,complete,12,1069,14,6,6,2310
905,complete,12,593,26,11,11,2008
906,complete,31,3012,22,11,11,9852
907,complete,21,1665,23,10,10,2897
908,complete,12,1316,29,9,9,1892
909,complete,8,810,18,9,9,1550
910,complete,26,2514,29,12,12,4864
911,complete,15,2023,13,8,8,1636
912,complete,14,1122,15,8,8,215800
913,complete,15,1552,16,10,10,1956
914,complete,7,703,18,8,8,940
915,complete,11,1164,16,10,10,1495
916,complete,11,910,15,9,9,1396
917,complete,17,1352,25,10,10,2125
918,complete,14,1472,15,9,9,1662
919,complete,6,489,20,9,9,1004
920,complete,9,951,20,7,7,1167
921,complete,15,1246,21,8,8,1592
922,complete,21,2316,14,8,8,1940
923,complete,11,1247,22,8,8,1289
924,complete,23,2524,18,10,10,2193
925,complete,12,1090,19,12,12,1560
926,complete,18,2307,13,6,6,1637
927,complete,14,1220,20,8,8,1696
928,complete,11,699,30,15,15,1543
929,complete,17,1832,17,8,8,2182
930,complete,13,1795,26,8,8,1509
931,complete,12,697,19,8,8,2389
932,complete,12,605,18,8,8,1867
933,complete,10,1173,20,8,8,1223
934,complete,19,1447,27,9,9,3258
935,complete,7,685,33,11,11,1220
936,complete,12,1498,23,7,7,1313
937,complete,13,1721,35,6,6,1536
938,complete,10,614,20,7,7,1258
939,complete,7,338,28,9,9,1172
940,complete,12,1043,31,11,11,1750
941,complete,17,1538,18,8,8,1961
942,complete,15,1212,34,11,11,2777
943,complete,11,1435,26,4,4,1466
944,complete,14,1024,27,11,11,2071
945,complete,10,929,25,11,11,1263
946,complete,22,2678,9,5,5,3646
947,complete,12,1484,18,10,10,1399
948,complete,16,1932,18,8,8,1834
949,complete,15,1037,21,7,7,1745
950,complete,11,1059,19,8,8,1381
951,complete,9,877,11,4,4,992
952,complete,21,2038,17,8,8,2337
953,complete,11,1027,22,9,9,1443
954,complete,11,758,12,8,8,1429
955,complete,9,955,14,7,7,978
956,complete,10,925,27,8,8,1439
957,complete,12,1257,22,7,7,1366
958,complete,10,796,25,10,10,1382
959,complete,10,538,18,9,9,1459
960,complete,11,1013,23,7,7,1425
961,complete,8,907,18,6,6,991
962,complete,10,1302,21,7,7,1153
963,complete,15,2082,18,9,9,1403
964,complete,12,1587,22,8,8,1145
965,complete,7,536,32,8,8,1116
966,complete,10,1133,35,10,10,1290
967,complete,12,1315,23,10,10,1651
968,complete,18,1721,21,12,12,16095
969,complete,13,1718,14,7,7,1231
970,complete,14,1385,13,7,7,1513
971,complete,11,1488,15,4,4,1004
972,complete,16,929,21,9,9,1909
973,complete,9,906,27,9,9,1180
974,complete,16,1386,33,14,14,2281
975,complete,20,1983,14,8,8,2175
976,complete,7,602,20,8,8,1071
977,complete,12,1724,30,9,9,1289
978,complete,14,1277,14,6,6,1595
979,complete,19,2126,15,8,8,2518
980,complete,18,2302,12,4,4,2400
981,complete,11,1337,24,7,7,1183
982,complete,12,1028,19,8,8,1369
983,complete,16,1798,16,7,7,1618
984,complete,22,2047,8,6,6,2096
985,complete,19,1958,20,12,12,2217
986,complete,12,808,16,7,7,1509
987,complete,21,2648,24,10,10,2174
988,complete,9,981,22,9,9,1241
989,complete,12,735,29,11,11,1794
990,complete,20,2703,23,9,9,13499
991,complete,8,441,25,10,10,1256
992,complete,16,1535,25,10,10,1869
993,complete,19,2883,20,8,8,1601
994,complete,9,424,20,9,9,1649
995,complete,13,1433,18,8,8,2121
996,complete,8,511,18,7,7,1470
997,complete,15,1746,17,9,9,1722
998,complete,15,1149,27,12,12,1980
999,complete,12,717,21,10,10,1678
1000,complete,25,3392,26,6,6,2342
1001,complete,12,824,20,10,10,1563
1002,complete,13,1749,19,6,6,1735
1003,complete,12,1499,21,6,6,1848
1004,complete,11,1094,21,10,10,1908
1005,complete,16,1847,14,9,9,2543
1006,complete,11,1058,24,10,10,1665
1007,complete,16,1738,20,9,9,1799
1008,complete,10,1210,33,8,8,1880
1009,complete,8,508,26,10,10,1251
1010,complete,13,1524,24,13,13,1555
1011,complete,16,1339,29,12,12,1977
1012,complete,13,1636,18,8,8,1391
1013,complete,27,2625,23,11,11,19258
1014,complete,11,1332,12,7,7,1042
1015,complete,13,1091,20,7,7,1822
1016,complete,27,4019,23,7,7,2594
1017,complete,22,1990,14,8,8,2756
1018,complete,20,1876,14,7,7,2820
1019,complete,10,892,17,7,7,1656
1020,complete,10,734,10,5,5,1819
1021,complete,7,392,18,6,6,1101
1022,complete,20,1634,8,5,5,2135
1023,complete,8,843,17,6,6,1016
1024,complete,20,1620,20,8,8,2169
1025,complete,15,1466,30,8,8,1810
1026,complete,13,1578,20,4,4,1308
1027,complete,14,1928,27,7,7,1347
1028,complete,8,741,18,4,4,997
1029,complete,19,1427,29,16,16,2612
1030,complete,12,1113,15,7,7,1542
1031,complete,12,1112,23,9,9,1522
1032,complete,11,958,20,7,7,1836
1033,complete,11,997,12,8,8,1885
1034,complete,14,1151,16,6,6,2209
1035,complete,12,678,22,11,11,2349
1036,complete,17,2392,23,8,8,1898
1037,complete,10,1271,31,9,9,1282
1038,complete,12,1238,19,8,8,1372
1039,complete,24,1801,17,10,10,2870
1040,complete,11,1312,12,5,5,1206
1041,complete,12,1448,12,5,5,1234
1042,complete,15,1817,16,8,8,1653
1043,complete,15,856,30,12,12,2834
1044,complete,10,1204,29,10,10,1497
1045,complete,10,872,19,10,10,1276
1046,complete,10,1105,24,7,7,1299
1047,complete,29,2885,25,10,10,2894
1048,complete,15,1641,26,12,12,1795
1049,complete,15,1365,26,11,11,1885
1050,complete,10,936,25,11,11,1443
1051,complete,11,1042,13,6,6,1298
1052,complete,10,1260,27,4,4,1187
1053,complete,18,1711,15,8,8,1975
1054,complete,12,1405,30,10,10,1309
1055,complete,17,2497,23,9,9,1450
1056,complete,19,2082,18,5,5,2009
1057,complete,10,1252,10,5,5,1055
1058,complete,8,845,24,11,11,1155
1059,complete,14,1528,24,10,10,1561
1060,complete,11,737,16,9,9,1478
1061,complete,8,817,24,8,8,966
1062,complete,17,1725,23,12,12,1845
1063,complete,13,1020,12,6,6,1510
1064,complete,18,1552,22,10,10,2338
1065,complete,13,1634,29,9,9,1526
1066,complete,17,1249,11,6,6,2534
1067,complete,12,1100,21,11,11,2300
1068,complete,17,1248,15,7,7,1859
1069,complete,14,1129,12,5,5,1523
1070,complete,17,2195,25,8,8,1635
1071,complete,17,2136,29,10,10,1602
1072,complete,20,1911,9,5,5,2058
1073,complete,8,649,35,9,9,1176
1074,complete,8,873,30,10,10,1165
1075,complete,15,1188,25,8,8,2307
1076,complete,15,1726,15,9,9,8034
1077,complete,18,2042,16,7,7,1976
1078,complete,11,1171,19,3,3,1342
1079,complete,12,1759,32,9,9,1255
1080,complete,20,2130,16,9,9,1916
1081,complete,15,2010,28,9,9,1670
1082,complete,20,2741,19,8,8,1881
1083,complete,11,1037,14,7,7,1329
1084,complete,13,615,19,9,9,2814
1085,complete,10,757,19,9,9,2064
1086,complete,18,1783,19,10,10,1978
1087,complete,13,843,12,9,9,1638
1088,complete,8,600,32,12,12,1309
1089,complete,18,1947,18,10,10,2228
1090,complete,10,1439,15,8,8,1215
1091,complete,9,1053,21,7,7,889
1092,complete,19,1668,18,9,9,2197
1093,complete,10,707,32,9,9,1439
1094,complete,11,627,25,12,12,1591
1095,complete,14,1860,9,6,6,1239
1096,complete,18,1306,19,11,11,3127
1097,complete,15,1243,16,9,9,2594
1098,complete,9,1182,30,7,7,1084
1099,complete,14,1770,13,5,5,1465
1100,complete,12,1453,27,6,6,1711
1101,complete,11,1228,21,9,9,1426
1102,complete,10,516,17,9,9,1395
1103,complete,13,1070,17,6,6,2183
1104,complete,14,1087,9,6,6,2413
1105,complete,20,2508,11,7,7,2532
1106,complete,22,2300,24,11,11,2337
1107,complete,10,535,32,11,11,1535
1108,complete,14,1408,13,5,5,2239
1109,complete,21,2212,17,9,9,2299
1110,complete,18,1511,12,5,5,2109
1111,complete,11,1176,13,4,4,1165
1112,complete,12,818,9,3,3,1423
1113,complete,12,1363,18,6,6,1529
1114,complete,9,908,26,7,7,1154
1115,complete,8,609,11,7,7,1169
1116,complete,10,899,24,11,11,1396
1117,complete,13,1501,9,5,5,1282
1118,complete,8,706,25,6,6,1117
1119,complete,15,1515,25,12,12,1861
1120,complete,9,806,20,9,9,1167
1121,complete,8,908,21,7,7,1042
1122,complete,9,799,15,7,7,1241
1123,complete,12,704,20,8,8,1620
1124,complete,14,1474,11,6,6,1538
1125,complete,11,968,22,9,9,1427
1126,complete,12,1208,17,6,6,1323
1127,complete,23,1864,29,10,10,3241
1128,complete,10,518,27,13,13,2318
1129,complete,8,1153,33,6,6,1396
1130,complete,17,1529,20,11,11,2793
1131,complete,10,1038,16,7,7,1148
1132,complete,11,1404,14,4,4,1088
1133,complete,16,1779,20,10,10,1838
1134,complete,13,890,15,8,8,1710
1135,complete,10,1191,29,12,12,1320
1136,complete,12,902,16,9,9,1684
1137,complete,16,1113,24,9,9,1916
1138,complete,11,894,15,7,7,1377
1139,complete,11,1242,18,8,8,1535
1140,complete,11,1124,21,9,9,2280
1141,complete,15,1480,25,9,9,1982
1142,complete,11,674,13,8,8,1496
1143,complete,9,1128,14,7,7,1056
1144,complete,12,1474,12,7,7,1376
1145,complete,9,1115,20,9,9,1064
1146,complete,8,624,23,10,10,1260
1147,complete,19,2644,15,6,6,1951
1148,complete,14,1586,27,9,9,1478
1149,complete,11,1052,19,10,10,1347
1150,complete,17,2369,25,13,13,1678
1151,complete,7,776,24,5,5,869
1152,complete,23,2562,15,10,10,3723
1153,complete,10,1356,19,4,4,1169
1154,complete,18,1825,16,8,8,1917
1155,complete,12,1302,22,11,11,1554
1156,complete,13,1438,17,6,6,1602
1157,complete,16,951,26,12,12,2142
1158,complete,9,954,26,9,9,1317
1159,complete,16,1495,19,9,9,1801
1160,complete,11,978,30,8,8,1429
1161,complete,6,576,32,9,9,887
1162,complete,20,1746,13,8,8,2328
1163,complete,11,1326,21,7,7,1135
1164,complete,15,1859,38,10,10,1606
1165,complete,12,1220,26,8,8,1444
1166,complete,11,840,15,7,7,1383
1167,complete,16,1741,13,7,7,1610
1168,complete,18,1611,17,8,8,2052
1169,complete,19,2531,31,8,8,1861
1170,complete,13,1428,17,10,10,1532
1171,complete,11,898,13,8,8,1369
1172,complete,20,3221,25,9,9,1811
1173,complete,16,1353,23,10,10,1975
1174,complete,19,1743,14,6,6,1926
1175,complete,7,409,21,10,10,1331
1176,complete,10,865,28,12,12,1365
1177,complete,13,843,21,11,11,2884
1178,complete,9,964,20,11,11,1887
1179,complete,22,1994,9,7,7,2760
1180,complete,11,910,23,9,9,1417
1181,complete,11,1020,10,5,5,1267
1182,complete,9,786,33,8,8,1305
1183,complete,13,1004,18,9,9,1636
1184,complete,13,960,23,12,12,1845
1185,complete,10,1121,22,7,7,1169
1186,complete,10,1212,35,10,10,1337
1187,complete,19,2402,26,8,8,1650
1188,complete,13,781,21,10,10,1904
1189,complete,15,1568,19,8,8,1707
1190,complete,13,1492,13,6,6,1292
1191,complete,13,1107,12,6,6,1529
1192,complete,14,1194,21,9,9,1813
1193,complete,12,870,21,9,9,1586
1194,complete,19,1811,11,6,6,1888
1195,complete,14,1507,28,9,9,1692
1196,complete,11,1000,25,10,10,1412
1197,complete,17,2303,20,12,12,1665
1198,complete,11,1426,24,9,9,1231
1199,complete,15,1193,20,11,11,2776
1200,complete,9,767,20,7,7,1967
1201,complete,11,913,15,6,6,1838
1202,complete,20,2854,35,10,10,3812
1203,complete,12,1567,18,8,8,1408
1204,complete,10,875,19,8,8,1456
1205,complete,11,1415,39,11,11,1329
1206,complete,16,2006,22,9,9,1538
1207,complete,17,1910,23,7,7,1923
1208,complete,15,1136,26,12,12,1798
1209,complete,13,1103,25,11,11,1714
1210,complete,11,1671,25,7,7,1183
1211,complete,15,1694,24,8,8,1642
1212,complete,20,1634,21,10,10,3221
1213,complete,18,1144,25,9,9,4749
1214,complete,11,1187,17,6,6,1264
1215,complete,11,873,16,9,9,1666
1216,complete,15,1410,19,5,5,2330
1217,complete,9,875,16,6,6,1185
1218,complete,12,1565,28,9,9,1469
1219,complete,16,1289,28,7,7,4460
1220,complete,11,1245,28,11,11,1456
1221,complete,10,899,21,9,9,1474
1222,complete,26,3566,27,9,9,2574
1223,complete,14,1633,18,9,9,1788
1224,complete,15,984,26,11,11,2114
1225,complete,12,1242,14,10,10,1617
1226,complete,7,401,12,8,8,1155
1227,complete,12,1412,21,6,6,1372
1228,complete,15,1071,16,7,7,1733
1229,complete,21,2103,24,11,11,2327
1230,complete,7,603,14,7,7,1032
1231,complete,9,1300,23,7,7,1152
1232,complete,14,1701,18,8,8,1503
1233,complete,10,1135,20,7,7,1275
1234,complete,21,2149,25,10,10,2589
1235,complete,13,1877,21,7,7,1278
1236,complete,12,1414,11,7,7,1289
1237,complete,12,969,28,9,9,1461
1238,complete,13,1289,24,4,4,1574
1239,complete,10,954,21,5,5,1211
1240,complete,21,1699,19,15,15,2904
1241,complete,22,2492,20,12,12,3042
1242,complete,5,439,23,8,8,1118
1243,complete,10,1150,19,9,9,1747
1244,complete,12,1543,22,7,7,2050
1245,complete,12,808,15,7,7,1484
1246,complete,16,1306,15,7,7,2819
1247,complete,17,2108,19,7,7,1813
1248,complete,22,1727,19,10,10,2624
1249,complete,16,1721,13,7,7,1695
1250,complete,13,1042,20,9,9,1707
1251,complete,12,1971,53,6,6,1065
1252,complete,11,859,16,9,9,1431
1253,complete,17,1310,19,11,11,1956
1254,complete,11,668,11,7,7,1412
1255,complete,15,1459,16,10,10,1641
1256,complete,9,975,32,10,10,1207
1257,complete,23,2528,38,13,13,2531
1258,complete,9,1063,25,10,10,1140
1259,complete,12,1163,21,9,9,1361
1260,complete,15,1118,26,7,7,1740
1261,complete,11,857,46,9,9,1554
1262,complete,9,888,17,7,7,1111
1263,complete,14,1131,28,9,9,1631
1264,complete,9,590,21,12,12,1455
1265,complete,10,993,14,5,5,1739
1266,complete,15,996,24,12,12,2816
1267,complete,14,1576,34,10,10,1771
1268,complete,12,1684,32,10,10,1437
1269,complete,11,1027,35,11,11,2130
1270,complete,11,1345,8,5,5,1510
1271,complete,9,1196,24,7,7,1357
1272,complete,20,1571,14,7,7,2237
1273,complete,20,1622,26,11,11,2421
1274,complete,9,1069,29,10,10,1109
1275,complete,14,1545,23,8,8,1756
1276,complete,12,1598,21,7,7,1275
1277,complete,12,803,24,8,8,1487
1278,complete,10,1178,20,5,5,1163
1279,complete,10,962,17,8,8,1333
1280,complete,17,1691,19,10,10,1866
1281,complete,14,1099,14,7,7,2081
1282,complete,10,763,21,8,8,1907
1283,complete,16,1463,19,4,4,2214
1284,complete,11,1512,22,7,7,1484
1285,complete,13,933,20,13,13,1862
1286,complete,11,1115,11,6,6,1316
1287,complete,14,1295,14,7,7,1784
1288,complete,14,787,20,11,11,1985
1289,complete,9,751,21,9,9,1220
1290,complete,25,2957,30,9,9,6612
1291,complete,9,894,33,8,8,1254
1292,complete,13,791,21,7,7,1651
1293,complete,12,1006,28,13,13,1681
1294,complete,15,1603,20,10,10,1737
1295,complete,9,945,21,10,10,1283
1296,complete,15,1806,25,10,10,4592
1297,complete,16,2068,25,10,10,1692
1298,complete,16,1725,24,11,11,1674
1299,complete,10,1162,11,7,7,1161
1300,complete,21,2129,14,7,7,2269
1301,complete,12,1577,40,14,14,1389
1302,complete,22,2961,22,12,12,4839
1303,complete,10,921,30,8,8,1331
1304,complete,10,1103,13,9,9,1449
1305,complete,15,1110,18,7,7,1569
1306,complete,13,1326,19,6,6,1457
1307,complete,18,1866,19,9,9,2134
1308,complete,10,979,18,11,11,1395
1309,complete,10,783,20,6,6,1272
1310,complete,12,1456,14,8,8,4990
1311,complete,17,1381,19,10,10,2274
1312,complete,11,904,18,10,10,2138
1313,complete,12,1253,28,12,12,1902
1314,complete,11,1318,13,7,7,1362
1315,complete,18,1315,21,7,7,2042
1316,complete,15,1103,18,9,9,1829
1317,complete,19,2752,17,9,9,1576
1318,complete,14,655,11,8,8,2162
1319,complete,20,1887,23,9,9,2227
1320,complete,12,1845,39,8,8,1339
1321,complete,15,2248,12,6,6,20808
1322,complete,9,880,24,10,10,1167
1323,complete,9,602,42,9,9,1471
1324,complete,19,2043,20,10,10,1869
1325,complete,11,1166,38,11,11,1429
1326,complete,13,897,26,13,13,1916
1327,complete,5,304,27,9,9,989
1328,complete,13,1382,18,9,9,1404
1329,complete,16,2421,6,4,4,1276
1330,complete,15,1863,20,10,10,1630
1331,complete,16,1836,12,7,7,1607
1332,complete,17,2116,13,6,6,2115
1333,complete,20,1583,23,13,13,2989
1334,complete,11,1235,24,10,10,1275
1335,complete,18,1450,16,8,8,2919
1336,complete,21,1638,12,8,8,2512
1337,complete,10,939,24,7,7,1538
1338,complete,14,1529,5,3,3,1454
1339,complete,15,1404,26,10,10,1693
1340,complete,15,1771,17,7,7,1537
1341,complete,13,1630,19,11,11,1453
1342,complete,26,2995,18,9,9,2489
1343,complete,9,792,18,8,8,1213
1344,complete,21,1817,22,9,9,2097
1345,complete,8,755,31,7,7,1055
1346,complete,13,955,30,8,8,1697
1347,complete,15,1067,27,10,10,2550
1348,complete,25,2315,15,9,9,3969
1349,complete,12,1123,18,10,10,1597
1350,complete,14,1311,12,6,6,1589
1351,complete,22,2607,27,13,13,2469
1352,complete,10,848,17,9,9,1433
1353,complete,10,1047,23,6,6,1168
1354,complete,12,1561,34,12,12,1481
1355,complete,21,2399,17,8,8,2348
1356,complete,8,699,11,6,6,1143
1357,complete,10,1039,29,11,11,1224
1358,complete,6,618,34,4,4,751
1359,complete,13,1817,24,9,9,1471
1360,complete,10,957,30,9,9,1240
1361,complete,10,726,23,8,8,1393
1362,complete,15,900,17,10,10,1974
1363,complete,12,1725,21,10,10,7519
1364,complete,18,1933,30,9,9,2001
1365,complete,16,1111,22,11,11,2095
1366,complete,18,2502,17,3,3,1481
1367,complete,19,1689,23,11,11,4488
1368,complete,16,1827,15,7,7,1696
1369,complete,7,626,16,7,7,957
1370,complete,27,2288,20,9,9,4058
1371,complete,13,1595,24,9,9,2363
1372,complete,15,2080,24,7,7,1863
1373,complete,11,947,17,9,9,1455
1374,complete,10,901,15,8,8,1332
1375,complete,12,1794,28,7,7,1512
1376,complete,10,758,27,9,9,1310
1377,complete,17,1914,21,11,11,323012
1378,complete,18,1681,12,6,6,1859
1379,complete,13,910,24,8,8,1584
1380,complete,12,1677,20,8,8,1191
1381,complete,25,3120,15,7,7,2305
1382,complete,10,750,15,7,7,1307
1383,complete,11,1042,14,8,8,1210
1384,complete,13,930,23,11,11,1559
1385,complete,18,1390,17,10,10,2510
1386,complete,21,2372,30,10,10,2217
1387,complete,19,1975,40,8,8,1996
1388,complete,11,1158,13,7,7,1276
1389,complete,13,1635,15,8,8,1445
1390,complete,12,1203,26,10,10,1627
1391,complete,13,1144,21,12,12,1461
1392,complete,17,2476,26,13,13,1691
1393,complete,21,1319,19,10,10,2880
1394,complete,20,2020,37,7,7,2264
1395,complete,12,1423,21,7,7,1299
1396,complete,15,1466,12,7,7,1845
1397,complete,12,1327,21,8,8,1545
1398,complete,12,630,11,5,5,1559
1399,complete,8,357,22,10,10,1292
1400,complete,12,1238,18,5,5,1700
1401,complete,16,1354,9,7,7,2248
1402,complete,11,1533,23,4,4,1432
1403,complete,19,1144,20,10,10,3160
1404,complete,12,1225,19,10,10,2312
1405,complete,10,1081,22,7,7,1229
1406,complete,23,3563,26,11,11,2089
1407,complete,15,1455,25,10,10,2040
1408,complete,13,926,31,8,8,1746
1409,complete,12,1176,13,6,6,1299
1410,complete,12,958,31,7,7,1503
1411,complete,10,939,10,6,6,1161
1412,complete,15,1393,29,13,13,1900
1413,complete,14,1128,12,8,8,1645
1414,complete,13,1409,9,6,6,1375
1415,complete,10,943,19,8,8,1250
1416,complete,11,1064,19,11,11,2093
1417,complete,15,1207,17,9,9,2393
1418,complete,15,1933,29,9,9,2007
1419,complete,10,1010,14,6,6,1561
1420,complete,14,1340,16,8,8,1847
1421,complete,12,1432,23,7,7,1221
1422,complete,10,884,12,7,7,1318
1423,complete,18,1181,26,10,10,2258
1424,complete,18,2103,28,12,12,2129
1425,complete,18,1435,13,8,8,2020
1426,complete,14,1787,20,11,11,1802
1427,complete,14,1334,17,8,8,2317
1428,complete,11,1360,24,8,8,1333
1429,complete,10,986,20,8,8,1307
1430,complete,12,1105,18,10,10,1504
1431,complete,19,2445,14,8,8,1771
1432,complete,22,2915,34,11,11,6751
1433,complete,16,1832,16,9,9,1706
1434,complete,13,741,29,13,13,1837
1435,complete,15,1492,22,9,9,2306
1436,complete,14,1365,16,8,8,1623
1437,complete,11,430,26,10,10,1574
1438,complete,8,1097,29,4,4,966
1439,complete,9,721,22,10,10,1504
1440,complete,13,958,15,6,6,2361
1441,complete,12,1479,26,6,6,2033
1442,complete,15,1761,17,7,7,29803
1443,complete,12,1072,30,8,8,1480
1444,complete,13,1146,22,10,10,1606
1445,complete,13,1437,19,9,9,2138
1446,complete,14,1518,15,7,7,2222
1447,complete,12,612,14,9,9,1591
1448,complete,6,297,25,6,6,1007
1449,complete,16,1547,21,8,8,1643
1450,complete,23,2430,12,8,8,2561
1451,complete,11,1135,20,8,8,1231
1452,complete,9,732,26,10,10,1340
1453,complete,16,1480,20,11,11,1827
1454,complete,13,1676,18,6,6,1547
1455,complete,13,1292,17,9,9,1626
1456,complete,8,729,30,8,8,1040
1457,complete,7,591,24,10,10,1097
1458,complete,12,1632,23,7,7,1493
1459,complete,7,493,20,9,9,1193
1460,complete,15,1021,8,5,5,1768
1461,complete,10,586,21,10,10,1366
1462,complete,15,1127,22,13,13,2244
1463,complete,6,477,25,8,8,1024
1464,complete,19,1798,17,7,7,3076
1465,complete,8,714,17,8,8,1659
1466,complete,13,1474,9,4,4,1913
1467,complete,12,1414,29,10,10,1403
1468,complete,12,1062,12,5,5,1649
1469,complete,8,602,14,10,10,1236
1470,complete,18,2376,17,8,8,1645
1471,complete,20,1500,28,11,11,3544
1472,complete,11,1227,29,10,10,1922
1473,complete,9,900,19,7,7,1613
1474,complete,12,971,20,9,9,2198
1475,complete,20,2812,21,9,9,1827
1476,complete,7,341,24,9,9,1114
1477,complete,12,946,30,14,14,1714
1478,complete,11,1008,11,6,6,1745
1479,complete,17,1139,17,11,11,3503
1480,complete,17,2038,19,10,10,1791
1481,complete,25,3090,24,9,9,2640
1482,complete,14,1340,24,9,9,1673
1483,complete,9,769,16,6,6,1219
1484,complete,6,350,24,8,8,986
1485,complete,15,1840,24,9,9,1576
1486,complete,9,635,16,8,8,1251
1487,complete,12,997,30,12,12,1574
1488,complete,15,1079,22,10,10,1931
1489,complete,12,1523,20,9,9,1312
1490,complete,20,1783,20,11,11,2286
1491,complete,8,814,22,9,9,1252
1492,complete,7,600,23,8,8,1172
1493,complete,19,1343,12,6,6,2717
1494,complete,12,1178,16,9,9,1402
1495,complete,14,1496,23,9,9,4604
1496,complete,16,1913,30,12,12,6013
1497,complete,18,1887,13,5,5,1931
1498,complete,11,1223,10,6,6,1762
1499,complete,12,1643,21,8,8,1910
1500,complete,14,1301,21,12,12,2487
1501,complete,19,1849,21,13,13,2310
1502,complete,16,2052,13,8,8,1693
1503,complete,14,1786,28,12,12,494876
1504,complete,9,501,14,7,7,1663
1505,complete,9,1043,15,7,7,1233
1506,complete,10,1142,24,8,8,1266
1507,complete,18,1952,26,10,10,1914
1508,complete,12,1197,16,10,10,1576
1509,complete,13,1094,17,10,10,4172
1510,complete,22,2323,24,13,13,3102
1511,complete,27,3441,15,6,6,3975
1512,complete,7,658,21,8,8,1532
1513,complete,9,914,16,8,8,1646
1514,complete,12,1617,16,10,10,1583
1515,complete,7,515,21,6,6,1450
1516,complete,18,2237,19,9,9,2315
1517,complete,11,1102,24,8,8,1936
1518,complete,11,843,30,12,12,2194
1519,complete,16,1795,25,7,7,2298
1520,complete,17,787,19,9,9,3276
1521,complete,13,1531,18,9,9,1603
1522,complete,11,1362,16,7,7,1558
1523,complete,7,745,23,6,6,1072
1524,complete,18,1574,24,9,9,2933
1525,complete,10,605,15,7,7,1696
1526,complete,11,907,4,2,2,1461
1527,complete,9,878,29,9,9,1579
1528,complete,11,1349,22,12,12,1812
1529,complete,26,3603,18,7,7,3005
1530,complete,7,845,18,7,7,1201
1531,complete,13,1267,14,6,6,2050
1532,complete,8,358,37,11,11,2402
1533,complete,8,765,20,8,8,1560
1534,complete,11,764,25,11,11,1990
1535,complete,17,1809,13,8,8,2222
1536,complete,7,825,24,8,8,1226
1537,complete,12,1116,18,8,8,1955
1538,complete,13,1304,23,9,9,1939
1539,complete,24,2565,15,9,9,2692
1540,complete,14,1461,31,11,11,1866
1541,complete,15,1344,16,9,9,1786
1542,complete,8,495,27,11,11,1410
1543,complete,17,2470,15,7,7,45592
1544,complete,14,1369,14,9,9,2470
1545,complete,10,1254,20,7,7,1793
1546,complete,9,706,22,11,11,1992
1547,complete,27,2961,23,10,10,3196
1548,complete,12,1175,8,6,6,1793
1549,complete,11,1182,21,8,8,1526
1550,complete,10,1005,10,7,7,1318
1551,complete,10,948,25,8,8,1686
1552,complete,15,1254,25,9,9,2308
1553,complete,13,1332,41,13,13,134802
1554,complete,8,517,29,8,8,1820
1555,complete,13,1103,21,11,11,1608
1556,complete,18,1887,16,8,8,2559
1557,complete,9,697,21,9,9,1750
1558,complete,11,1340,34,12,12,1750
1559,complete,17,1952,16,10,10,2733
1560,complete,11,983,20,9,9,1953
1561,complete,16,1567,29,8,8,2360
1562,complete,15,882,22,9,9,2877
1563,complete,7,343,21,7,7,1509
1564,complete,12,1518,18,10,10,1358
1565,complete,17,1615,18,9,9,2252
1566,complete,8,710,19,6,6,1185
1567,complete,9,840,21,10,10,1227
1568,complete,10,806,23,10,10,1554
1569,complete,9,649,26,10,10,1224
1570,complete,7,742,18,8,8,1009
1571,complete,12,1213,17,9,9,1515
1572,complete,11,1007,23,11,11,1372
1573,complete,13,1478,15,8,8,1874
1574,complete,23,2157,25,10,10,2857
1575,complete,16,1721,33,12,12,2081
1576,complete,12,1152,19,9,9,1422
1577,complete,8,640,26,6,6,1032
1578,complete,13,1064,27,10,10,1704
1579,complete,8,683,23,10,10,1572
1580,complete,7,779,24,6,6,1274
1581,complete,9,917,9,5,5,1498
1582,complete,15,1797,26,10,10,1871
1583,complete,5,443,29,8,8,945
1584,complete,12,1545,13,5,5,1402
1585,complete,11,1195,18,7,7,1724
1586,complete,15,1283,34,12,12,2616
1587,complete,16,1455,15,6,6,1988
1588,complete,12,1303,26,9,9,44271
1589,complete,18,2503,17,8,8,2371
1590,complete,9,967,16,7,7,1620
1591,complete,16,2206,15,8,8,1428
1592,complete,16,1224,23,11,11,1933
1593,complete,12,748,29,12,12,1715
1594,complete,11,915,11,7,7,1357
1595,complete,15,1325,18,11,11,1752
1596,complete,11,1160,26,11,11,1390
1597,complete,14,1023,28,16,16,2175
1598,complete,7,682,34,11,11,1093
1599,complete,9,979,28,8,8,1119
1600,complete,14,1571,28,12,12,1792
1601,complete,12,1089,22,12,12,1628
1602,complete,12,1036,23,9,9,1533
1603,complete,21,2624,19,9,9,2164
1604,complete,16,677,30,13,13,2310
1605,complete,11,997,16,8,8,1439
1606,complete,26,3058,12,8,8,2942
1607,complete,19,2025,23,9,9,2978
1608,complete,16,960,15,9,9,2640
1609,complete,7,667,23,7,7,1094
1610,complete,14,1299,11,5,5,1768
1611,complete,12,1362,13,6,6,1458
1612,complete,10,1354,30,7,7,1441
1613,complete,8,684,23,10,10,1599
1614,complete,17,1211,14,6,6,2493
1615,complete,11,1010,20,10,10,1967
1616,complete,11,1480,6,4,4,1699
1617,complete,14,1648,12,5,5,1703
1618,complete,19,2251,22,10,10,2453
1619,complete,8,455,35,11,11,1884
1620,complete,13,1531,28,10,10,1608
1621,complete,12,619,21,9,9,1814
1622,complete,22,2324,19,9,9,3216
1623,complete,14,1331,23,11,11,2611
1624,complete,13,1033,17,8,8,2714
1625,complete,11,1241,11,10,10,2287
1626,complete,15,873,25,11,11,3376
1627,complete,8,508,19,6,6,1989
1628,complete,22,2598,19,7,7,4959
1629,complete,7,528,18,7,7,1494
1630,complete,13,1482,25,10,10,3044
1631,complete,13,1120,12,9,9,3645
1632,complete,13,1089,27,9,9,2597
1633,complete,21,2705,24,8,8,4696
1634,complete,9,794,25,8,8,1709
1635,complete,6,505,30,8,8,1800
1636,complete,12,1418,10,6,6,2882
1637,complete,11,1011,16,10,10,3214
1638,complete,12,1165,16,8,8,4720
1639,complete,10,411,28,11,11,2409
1640,complete,10,1279,11,7,7,2721
1641,complete,9,650,25,9,9,1940
1642,complete,21,1912,12,8,8,5521
1643,complete,14,1073,22,9,9,5180
1644,complete,20,1871,32,13,13,5074
1645,complete,10,804,14,9,9,3338
1646,complete,9,891,31,11,11,2059
1647,complete,10,967,21,9,9,3618
1648,complete,10,797,14,9,9,3578
1649,complete,16,2060,28,7,7,5274
1650,complete,20,2369,17,9,9,7768
1651,complete,7,623,27,9,9,3516
1652,complete,10,801,20,8,8,3553
1653,complete,19,1345,28,11,11,6514
1654,complete,10,1210,29,10,10,3264
1655,complete,13,1225,21,9,9,2675
1656,complete,12,952,25,11,11,2454
1657,complete,10,1000,21,10,10,2119
1658,complete,17,1564,19,9,9,4966
1659,complete,23,1950,15,8,8,6119
1660,complete,20,2226,19,8,8,3139
1661,complete,10,1184,20,8,8,1886
1662,complete,13,1690,28,8,8,2402
1663,complete,19,2212,25,9,9,4026
1664,complete,6,689,33,6,6,2112
1665,complete,10,1041,20,11,11,2848
1666,complete,16,1969,22,7,7,3125
1667,complete,12,1114,17,5,5,4159
1668,complete,19,1904,20,12,12,4530
1669,complete,10,686,23,12,12,3130
1670,complete,16,2163,19,10,10,10163
1671,complete,14,769,18,10,10,2755
1672,complete,7,779,31,7,7,1605
1673,complete,11,1208,25,10,10,2108
1674,complete,21,1995,19,10,10,4182
1675,complete,26,2982,19,8,8,3935
1676,complete,16,1709,26,6,6,2080
1677,complete,11,856,25,10,10,2092
1678,complete,12,1138,24,11,11,2225
1679,complete,10,577,21,10,10,1998
1680,complete,20,2493,16,11,11,2904
1681,complete,20,2297,23,14,14,3313
1682,complete,18,2102,19,10,10,1935
1683,complete,17,2335,17,8,8,2102
1684,complete,12,1542,24,11,11,1325
1685,complete,15,1580,11,6,6,1450
1686,complete,12,1242,21,12,12,1960
1687,complete,10,909,24,7,7,1823
1688,complete,24,3008,28,7,7,15949
1689,complete,15,1337,19,12,12,1784
1690,complete,10,1218,22,8,8,1193
1691,complete,13,1273,27,9,9,1559
1692,complete,14,1940,27,10,10,1583
1693,complete,8,1125,26,8,8,1045
1694,complete,12,1396,28,11,11,1485
1695,complete,11,1124,19,11,11,1420
1696,complete,21,2976,22,10,10,2302
1697,complete,9,746,20,5,5,1087
1698,complete,8,721,11,7,7,1094
1699,complete,12,1048,30,9,9,27433
1700,complete,12,1428,29,6,6,1997
1701,complete,12,1365,26,7,7,1366
1702,complete,17,2571,21,9,9,1600
1703,complete,7,511,29,9,9,1151
1704,complete,7,917,38,7,7,775
1705,complete,22,3320,22,9,9,2025
1706,complete,14,1266,18,10,10,1641
1707,complete,18,1739,21,10,10,2018
1708,complete,17,1819,16,9,9,1885
1709,complete,9,431,35,10,10,1305
1710,complete,18,2182,34,12,12,2128
1711,complete,11,1054,21,9,9,1368
1712,complete,8,810,12,5,5,974
1713,complete,14,1349,16,7,7,1487
1714,complete,15,1130,22,9,9,1851
1715,complete,12,918,15,9,9,1649
1716,complete,11,847,25,12,12,1492
1717,complete,15,789,11,6,6,142260
1718,complete,15,1178,28,15,15,2036
1719,complete,14,1152,29,9,9,1710
1720,complete,9,1124,23,5,5,1081
1721,complete,13,1982,32,6,6,1774
1722,complete,14,1078,9,7,7,1821
1723,complete,15,1505,19,11,11,2312
1724,complete,20,2353,23,8,8,2032
1725,complete,7,541,27,12,12,1169
1726,complete,11,837,16,6,6,1487
1727,complete,15,1726,11,6,6,2426
1728,complete,23,1912,21,11,11,2661
1729,complete,15,2157,25,5,5,1420
1730,complete,9,842,23,8,8,1655
1731,complete,11,1083,32,9,9,1687
1732,complete,18,2057,21,10,10,2339
1733,complete,18,2373,18,8,8,2323
1734,complete,9,750,22,8,8,1607
1735,complete,8,770,21,11,11,1533
1736,complete,14,1650,38,6,6,3821
1737,complete,10,535,30,8,8,1495
1738,complete,10,1008,26,14,14,1369
1739,complete,13,1321,24,7,7,1388
1740,complete,10,948,17,7,7,1466
1741,complete,17,1387,21,12,12,2210
1742,complete,25,3323,17,8,8,2150
1743,complete,10,1164,25,9,9,1348
1744,complete,23,2727,16,9,9,3331
1745,complete,23,2197,17,7,7,3089
1746,complete,22,2935,23,12,12,2533
1747,complete,10,847,18,8,8,1745
1748,complete,7,468,20,7,7,1248
1749,complete,8,814,29,10,10,1391
1750,complete,12,1311,31,10,10,1550
1751,complete,16,1611,27,6,6,1752
1752,complete,14,1529,5,3,3,1465
1753,complete,17,1683,14,10,10,1850
1754,complete,13,1197,21,8,8,1571
1755,complete,16,1283,26,12,12,3295
1756,complete,18,2451,33,10,10,1838
1757,complete,15,2095,22,8,8,1459
1758,complete,15,1357,14,9,9,1881
1759,complete,12,1110,23,11,11,1450
1760,complete,8,1017,25,7,7,1018
1761,complete,12,1093,12,9,9,1443
1762,complete,10,1356,14,3,3,923
1763,complete,16,1873,12,5,5,1793
1764,complete,13,1552,20,9,9,1672
1765,complete,9,606,17,7,7,1422
1766,complete,19,1836,21,10,10,2067
1767,complete,17,1831,21,10,10,1824
1768,complete,13,1052,19,9,9,1732
1769,complete,14,1204,32,7,7,1813
1770,complete,14,1591,27,9,9,1480
1771,complete,12,1307,17,8,8,1430
1772,complete,11,488,17,7,7,1549
1773,complete,11,1119,28,10,10,1467
1774,complete,8,730,21,10,10,1205
1775,complete,8,582,10,7,7,1104
1776,complete,12,1426,35,11,11,1579
1777,complete,13,1274,12,7,7,2120
1778,complete,10,962,15,8,8,1746
1779,complete,14,1312,16,8,8,2125
1780,complete,14,1551,15,11,11,2276
1781,complete,4,206,14,7,7,1080
1782,complete,11,1480,28,8,8,1574
1783,complete,13,646,19,9,9,2345
1784,complete,8,1070,32,9,9,1603
1785,complete,18,1337,13,7,7,3562
1786,complete,11,608,14,8,8,1519
1787,complete,8,650,27,11,11,1275
1788,complete,12,943,25,9,9,1636
1789,complete,11,1092,12,7,7,1480
1790,complete,15,1104,28,12,12,2026
1791,complete,8,783,33,8,8,1120
1792,complete,17,1839,10,5,5,1641
1793,complete,10,371,16,6,6,1802
1794,complete,11,1014,18,11,11,1413
1795,complete,14,1468,22,9,9,2236
1796,complete,8,643,13,8,8,1603
1797,complete,19,1386,11,7,7,3055
1798,complete,21,1331,19,9,9,3092
1799,complete,8,828,10,6,6,1001
1800,complete,17,1143,21,12,12,2229
1801,complete,14,1007,18,11,11,1866
1802,complete,15,1402,17,9,9,1759
1803,complete,15,1630,26,8,8,1535
1804,complete,15,857,28,9,9,1991
1805,complete,13,1238,18,9,9,1734
1806,complete,21,1979,16,9,9,3550
1807,complete,13,1074,17,10,10,1795
1808,complete,9,901,19,7,7,1237
1809,complete,19,1950,25,10,10,2098
1810,complete,19,2286,14,8,8,3977
1811,complete,9,1015,20,6,6,1022
1812,complete,9,1070,18,6,6,1101
1813,complete,16,1385,10,6,6,2878
1814,complete,8,804,19,7,7,1739
1815,complete,14,1257,10,6,6,2029
1816,complete,6,687,14,6,6,798
1817,complete,16,1709,26,9,9,1785
1818,complete,10,1080,10,6,6,1369
1819,complete,6,311,22,9,9,1083
1820,complete,12,1195,21,10,10,1493
1821,complete,9,1170,15,4,4,894
1822,complete,10,1494,26,7,7,1160
1823,complete,13,1480,24,6,6,1349
1824,complete,11,1007,25,7,7,1288
1825,complete,20,1791,18,11,11,2134
1826,complete,12,1298,15,6,6,1311
1827,complete,19,1082,21,7,7,2226
1828,complete,17,1905,16,8,8,1749
1829,complete,8,719,21,9,9,1186
1830,complete,28,3572,15,8,8,2572
1831,complete,10,1022,22,7,7,1202
1832,complete,17,2355,11,7,7,1783
1833,complete,17,1699,13,7,7,1581
1834,complete,11,1378,24,10,10,1147
1835,complete,15,1431,11,7,7,1600
1836,complete,13,1377,24,9,9,1544
1837,complete,6,445,27,9,9,1048
1838,complete,12,1329,15,7,7,1289
1839,complete,16,854,13,7,7,3133
1840,complete,8,449,19,8,8,1246
1841,complete,9,796,21,7,7,1265
1842,complete,11,1423,14,7,7,1227
1843,complete,19,1922,21,9,9,2296
1844,complete,14,1408,19,8,8,1575
1845,complete,17,1736,22,7,7,1816
1846,complete,13,1159,20,12,12,1996
1847,complete,15,2306,18,8,8,2379
1848,complete,12,1144,24,9,9,1519
1849,complete,14,1680,17,10,10,2581
1850,complete,15,1186,24,11,11,1819
1851,complete,14,1172,15,6,6,1556
1852,complete,20,2529,17,9,9,2007
1853,complete,10,927,25,7,7,1212
1854,complete,13,1906,21,7,7,1286
1855,complete,9,649,14,6,6,1307
1856,complete,13,1140,22,9,9,1559
1857,complete,15,1665,31,11,11,1608
1858,complete,5,508,29,6,6,795
1859,complete,15,2003,21,6,6,1485
1860,complete,10,801,20,8,8,1359
1861,complete,18,2090,13,8,8,1763
1862,complete,11,1394,25,6,6,1212
1863,complete,10,465,21,7,7,1436
1864,complete,9,727,26,8,8,1218
1865,complete,15,1814,23,9,9,1510
1866,complete,7,477,25,10,10,1345
1867,complete,7,521,22,10,10,1465
1868,complete,14,1776,12,8,8,2105
1869,complete,7,443,14,7,7,1180
1870,complete,8,547,26,11,11,1355
1871,complete,17,2025,22,8,8,1667
1872,complete,7,610,26,11,11,1232
1873,complete,8,817,19,6,6,969
1874,complete,17,1705,29,11,11,1917
1875,complete,12,847,18,5,5,1484
1876,complete,13,1204,13,7,7,1611
1877,complete,7,741,28,10,10,1030
1878,complete,8,623,28,10,10,1202
1879,complete,12,1036,18,6,6,1504
1880,complete,5,430,31,6,6,842
1881,complete,12,1058,25,9,9,1582
1882,complete,12,1458,14,7,7,1359
1883,complete,7,571,17,8,8,1012
1884,complete,15,1086,24,10,10,1889
1885,complete,11,721,37,10,10,1615
1886,complete,14,1411,21,6,6,1403
1887,complete,7,412,34,10,10,1199
1888,complete,14,1288,14,8,8,1608
1889,complete,14,1169,18,8,8,1900
1890,complete,8,698,18,9,9,1075
1891,complete,19,1745,16,8,8,2178
1892,complete,15,2057,32,11,11,4279
1893,complete,12,1482,15,5,5,1333
1894,complete,10,666,32,13,13,1419
1895,complete,10,1229,20,7,7,1378
1896,complete,12,925,19,9,9,1478
1897,complete,14,1904,25,9,9,1538
1898,complete,11,885,23,8,8,1485
1899,complete,13,1157,12,7,7,1683
1900,complete,16,1458,13,7,7,1802
1901,complete,15,1146,26,10,10,1898
1902,complete,10,686,13,6,6,1210
1903,complete,12,1745,25,8,8,1250
1904,complete,9,758,21,7,7,1136
1905,complete,9,961,40,9,9,1246
1906,complete,20,1735,20,10,10,2397
1907,complete,5,218,25,7,7,1167
1908,complete,11,1053,14,8,8,1683
1909,complete,27,3095,19,9,9,3729
1910,complete,9,768,17,11,11,1940
1911,complete,8,671,23,8,8,1099
1912,complete,12,853,19,7,7,1437
1913,complete,15,1552,27,9,9,12261
1914,complete,18,1636,17,10,10,2073
1915,complete,15,1573,22,8,8,1764
1916,complete,11,689,30,14,14,1648
1917,complete,15,1399,32,6,6,1647
1918,complete,9,542,14,8,8,1378
1919,complete,8,929,10,4,4,1321
1920,complete,15,1391,25,12,12,2824
1921,complete,10,436,26,12,12,1578
1922,complete,9,631,17,8,8,1379
1923,complete,10,720,24,9,9,1434
1924,complete,8,844,25,11,11,1881
1925,complete,22,2464,8,5,5,3669
1926,complete,24,3693,10,7,7,2127
1927,complete,13,1428,19,8,8,1636
1928,complete,12,886,27,12,12,1660
1929,complete,13,1189,18,10,10,1491
1930,complete,14,1227,22,9,9,1600
1931,complete,10,617,23,9,9,1422
1932,complete,10,924,26,12,12,1280
1933,complete,13,1555,23,9,9,1330
1934,complete,17,2092,16,10,10,1777
1935,complete,17,1833,25,10,10,1904
1936,complete,13,1732,16,10,10,1562
1937,complete,13,1275,15,10,10,1986
1938,complete,10,1009,25,9,9,1604
1939,complete,11,993,13,8,8,1386
1940,complete,12,1450,33,10,10,1443
1941,complete,6,399,25,7,7,990
1942,complete,9,540,20,7,7,1389
1943,complete,13,1700,18,8,8,1299
1944,complete,12,1547,30,10,10,1579
1945,complete,12,1519,19,10,10,1347
1946,complete,12,1831,44,5,5,1140
1947,complete,10,1000,26,10,10,1315
1948,complete,13,1083,17,8,8,1653
1949,complete,7,743,34,9,9,1582
1950,complete,12,1629,32,8,8,1784
1951,complete,8,929,23,8,8,1403
1952,complete,19,1942,13,7,7,2590
1953,complete,8,889,29,10,10,1407
1954,complete,9,627,13,8,8,1864
1955,complete,17,1192,19,7,7,2467
1956,complete,16,1463,22,12,12,2522
1957,complete,10,1040,10,5,5,1603
1958,complete,22,2525,12,8,8,3147
1959,complete,12,995,35,9,9,1749
1960,complete,12,1794,20,7,7,1119
1961,complete,16,1074,16,9,9,1776
1962,complete,8,775,15,7,7,1097
1963,complete,9,1119,15,7,7,1051
1964,complete,15,1901,28,10,10,1707
1965,complete,15,1576,23,12,12,2399
1966,complete,9,743,17,9,9,1841
1967,complete,16,2105,19,6,6,1516
1968,complete,19,2090,32,10,10,2301
1969,complete,8,957,31,8,8,1214
1970,complete,13,1442,22,9,9,1461
1971,complete,12,1450,20,8,8,1337
1972,complete,14,1132,26,8,8,2661
1973,complete,6,571,23,7,7,870
1974,complete,10,526,15,9,9,1449
1975,complete,13,1372,19,9,9,1488
1976,complete,11,995,17,12,12,1548
1977,complete,9,1125,35,7,7,1310
1978,complete,12,1536,12,7,7,1268
1979,complete,11,1488,31,8,8,1209
1980,complete,14,1542,17,10,10,1566
1981,complete,10,738,20,10,10,1636
1982,complete,13,920,21,12,12,1648
1983,complete,14,2218,18,7,7,1361
1984,complete,10,1104,14,7,7,1143
1985,complete,13,781,19,11,11,1812
1986,complete,11,1199,27,7,7,1242
1987,complete,14,951,12,8,8,1634
1988,complete,15,1216,24,10,10,2097
1989,complete,10,783,19,10,10,1525
1990,complete,9,1208,23,7,7,1184
1991,complete,12,1692,24,10,10,1229
1992,complete,10,1155,18,8,8,1128
1993,complete,12,764,18,8,8,1466
1994,complete,12,1590,21,8,8,1192
1995,complete,11,768,16,6,6,1462
1996,complete,7,522,24,10,10,996
1997,complete,13,1168,16,6,6,1373
1998,complete,13,1204,26,11,11,1712
1999,complete,13,1036,23,10,10,1538
2000,complete,8,1037,34,11,11,1719
2001,complete,9,962,23,9,9,1679
2002,complete,22,2866,14,6,6,2164
2003,complete,13,1433,18,7,7,1470
2004,complete,11,1249,25,9,9,1294
2005,complete,17,1576,17,9,9,5915
2006,complete,18,2529,13,5,5,1512
2007,complete,9,700,17,10,10,1168
2008,complete,12,728,25,11,11,1730
2009,complete,10,893,31,10,10,1451
2010,complete,14,1666,17,9,9,1764
2011,complete,9,867,9,5,5,1079
2012,complete,10,1121,21,10,10,1159
2013,complete,8,880,13,8,8,1172
2014,complete,12,1158,23,9,9,1564
2015,complete,9,956,22,8,8,1168
2016,complete,11,1304,34,9,9,1392
2017,complete,11,1552,26,7,7,1226
2018,complete,7,678,33,8,8,1022
2019,complete,26,2485,26,14,14,2787
2020,complete,18,1908,18,9,9,2385
2021,complete,10,530,23,10,10,1517
2022,complete,11,743,30,11,11,1370
2023,complete,14,1829,25,8,8,1413
2024,complete,13,1212,12,7,7,1451
2025,complete,8,554,29,12,12,1130
2026,complete,13,1167,31,12,12,1690
2027,complete,20,2833,30,7,7,1764
2028,complete,12,1148,13,8,8,1552
2029,complete,13,1492,19,11,11,2498
2030,complete,17,954,19,9,9,4686
2031,complete,19,1278,12,9,9,2883
2032,complete,8,873,32,11,11,1135
2033,complete,10,1079,18,10,10,1414
2034,complete,15,1601,8,4,4,1469
2035,complete,6,343,24,9,9,1042
2036,complete,11,756,14,9,9,1449
2037,complete,10,852,23,9,9,1243
2038,complete,16,2433,17,8,8,1477
2039,complete,8,877,24,9,9,1114
2040,complete,12,1095,29,7,7,1408
2041,complete,27,3761,28,7,7,10513
2042,complete,8,821,26,9,9,1120
2043,complete,15,1146,16,10,10,1918
2044,complete,11,1329,17,8,8,1317
2045,complete,14,1466,17,9,9,1480
2046,complete,8,783,20,8,8,1018
2047,complete,9,510,10,6,6,1179
2048,complete,13,633,22,12,12,1851
2049,complete,15,1694,10,5,5,1514
2050,complete,11,999,17,9,9,1416
2051,complete,10,904,24,9,9,1319
2052,complete,11,1156,29,9,9,1384
2053,complete,7,708,22,8,8,1012
2054,complete,9,838,44,7,7,1195
2055,complete,7,380,8,5,5,964
2056,complete,15,1156,15,8,8,1633
2057,complete,18,1959,15,9,9,1906
2058,complete,9,696,16,4,4,1057
2059,complete,22,2274,26,10,10,2275
2060,complete,13,1644,25,14,14,1484
2061,complete,8,671,17,9,9,1132
2062,complete,12,1266,17,8,8,1285
2063,complete,10,683,23,9,9,1437
2064,complete,17,1190,16,10,10,2040
2065,complete,9,1091,22,8,8,1183
2066,complete,14,1424,25,10,10,2248
2067,complete,12,1116,13,8,8,2469
2068,complete,15,1455,23,10,10,2247
2069,complete,14,1008,26,11,11,1877
2070,complete,13,1105,22,6,6,1481
2071,complete,13,1437,29,11,11,1586
2072,complete,10,792,21,10,10,1373
2073,complete,11,1246,17,7,7,1854
2074,complete,22,3001,20,10,10,2731
2075,complete,14,1014,19,7,7,2165
2076,complete,13,977,17,9,9,2108
2077,complete,21,1737,11,3,3,3068
2078,complete,16,1944,25,6,6,1961
2079,complete,12,1386,12,8,8,1345
2080,complete,15,1096,15,9,9,1784
2081,complete,22,1968,26,12,12,2864
2082,complete,18,2821,13,6,6,1740
2083,complete,14,1414,26,11,11,1731
2084,complete,8,702,29,10,10,1302
2085,complete,18,1583,9,5,5,2541
2086,complete,11,1147,25,9,9,1220
2087,complete,15,1732,15,9,9,1581
2088,complete,17,1727,8,6,6,1828
2089,complete,15,1243,10,7,7,1796
2090,complete,15,1110,22,8,8,1789
2091,complete,13,1206,6,4,4,1389
2092,complete,17,1057,20,11,11,2199
2093,complete,14,1759,25,10,10,1512
2094,complete,15,816,19,9,9,1926
2095,complete,13,895,10,7,7,1605
2096,complete,20,2424,18,6,6,2042
2097,complete,22,1840,15,7,7,2506
2098,complete,9,839,14,8,8,1265
2099,complete,13,1430,11,5,5,1386
2100,complete,12,820,19,8,8,1529
2101,complete,9,842,23,8,8,1162
2102,complete,9,760,15,7,7,1289
2103,complete,15,1696,22,9,9,1910
2104,complete,14,1241,37,11,11,1673
2105,complete,26,3693,9,5,5,4765
2106,complete,26,3414,16,7,7,2321
2107,complete,16,1731,6,5,5,1651
2108,complete,10,1321,24,7,7,1190
2109,complete,8,1086,26,6,6,1145
2110,complete,16,1263,25,11,11,2335
2111,complete,11,913,23,13,13,1884
2112,complete,17,1599,20,9,9,2502
2113,complete,15,1330,15,6,6,1637
2114,complete,14,1309,17,8,8,1584
2115,complete,9,865,18,8,8,1441
2116,complete,17,2201,16,8,8,2080
2117,complete,14,1150,7,4,4,1458
2118,complete,10,920,25,10,10,1366
2119,complete,13,1402,18,8,8,1463
2120,complete,18,3115,30,9,9,1485
2121,complete,15,893,15,10,10,1873
2122,complete,11,1021,15,7,7,1365
2123,complete,17,1568,8,5,5,1825
2124,complete,8,404,19,9,9,1272
2125,complete,16,1323,33,11,11,2035
2126,complete,15,1402,17,9,9,2074
2127,complete,15,1831,22,5,5,1480
2128,complete,16,1715,12,7,7,1608
2129,complete,10,1083,17,8,8,1206
2130,complete,9,1105,35,9,9,1122
2131,complete,20,1589,10,6,6,2297
2132,complete,9,928,25,7,7,1152
2133,complete,16,1923,10,4,4,1411
2134,complete,11,1462,17,5,5,1218
2135,complete,18,1717,17,9,9,2074
2136,complete,15,1732,23,7,7,1595
2137,complete,13,1519,12,7,7,1574
2138,complete,9,573,28,8,8,1234
2139,complete,19,2564,29,12,12,1877
2140,complete,14,1107,14,8,8,1774
2141,complete,14,1558,20,8,8,1571
2142,complete,18,1769,18,10,10,1908
2143,complete,7,634,27,9,9,1156
2144,complete,9,1082,26,8,8,1214
2145,complete,11,888,16,9,9,1356
2146,complete,13,1026,17,7,7,1451
2147,complete,16,1524,18,9,9,1908
2148,complete,15,2242,31,9,9,1465
2149,complete,9,574,25,8,8,2025
2150,complete,9,701,24,9,9,2066
2151,complete,16,1207,15,8,8,1750
2152,complete,22,3237,23,8,8,412669
2153,complete,18,2281,21,12,12,1909
2154,complete,7,586,22,6,6,983
2155,complete,10,1387,32,7,7,1321
2156,complete,21,2556,21,10,10,316697
2157,complete,13,1308,29,8,8,1587
2158,complete,9,882,24,10,10,1259
2159,complete,11,1018,19,9,9,1334
2160,complete,11,903,16,9,9,1396
2161,complete,11,925,21,8,8,1514
2162,complete,19,2627,16,7,7,2186
2163,complete,12,1084,14,8,8,1467
2164,complete,10,1154,27,10,10,1286
2165,complete,10,1098,29,9,9,1242
2166,complete,10,998,21,9,9,1302
2167,complete,10,784,17,9,9,1232
2168,complete,9,683,16,9,9,1217
2169,complete,23,1891,23,15,15,2809
2170,complete,18,1612,14,8,8,2714
2171,complete,17,2151,24,12,12,2625
2172,complete,17,1371,16,9,9,2496
2173,complete,12,1563,14,7,7,1193
2174,complete,13,1238,14,8,8,1589
2175,complete,14,1448,21,6,6,1732
2176,complete,21,2230,22,8,8,4180
2177,complete,15,1030,29,9,9,1880
2178,complete,11,814,18,10,10,1524
2179,complete,23,2463,34,12,12,2833
2180,complete,10,853,20,9,9,1319
2181,complete,8,725,11,7,7,1136
2182,complete,12,1054,18,10,10,1572
2183,complete,7,582,33,11,11,1169
2184,complete,20,2072,29,14,14,2144
2185,complete,10,1245,21,10,10,1243
2186,complete,6,341,14,7,7,846
2187,complete,11,1322,23,7,7,1172
2188,complete,11,845,21,11,11,1493
2189,complete,12,839,29,10,10,1819
2190,complete,12,1055,23,9,9,1382
2191,complete,17,1427,21,10,10,2040
2192,complete,7,623,21,9,9,955
2193,complete,5,364,24,9,9,900
2194,complete,22,2137,20,10,10,2249
2195,complete,13,1587,16,6,6,1358
2196,complete,10,676,24,13,13,1586
2197,complete,11,719,20,10,10,1554
2198,complete,14,1780,38,10,10,1547
2199,complete,22,1978,14,8,8,2481
2200,complete,9,641,18,7,7,1125
2201,complete,12,895,11,7,7,1526
2202,complete,19,1913,20,10,10,4733
2203,complete,8,723,18,8,8,1052
2204,complete,16,1205,17,9,9,1864
2205,complete,13,1482,15,7,7,1373
2206,complete,9,1070,19,8,8,1175
2207,complete,18,2350,19,9,9,1877
2208,complete,8,576,21,9,9,1269
2209,complete,16,1797,25,5,5,4318
2210,complete,13,1340,25,8,8,1482
2211,complete,9,714,22,7,7,1201
2212,complete,7,521,17,7,7,1124
2213,complete,15,1822,21,9,9,2578
2214,complete,25,2187,14,9,9,3485
2215,complete,16,1209,22,14,14,2205
2216,complete,8,860,37,5,5,1198
2217,complete,10,1087,19,8,8,1512
2218,complete,7,634,29,8,8,1481
2219,complete,6,354,31,11,11,1810
2220,complete,5,301,25,7,7,1240
2221,complete,11,721,35,11,11,2158
2222,complete,12,1557,22,10,10,1358
2223,complete,9,700,19,10,10,1388
2224,complete,13,1501,16,6,6,1340
2225,complete,18,841,34,12,12,2433
2226,complete,12,1299,16,7,7,1850
2227,complete,20,1388,17,9,9,2968
2228,complete,8,563,13,6,6,1683
2229,complete,15,1203,21,11,11,2582
2230,complete,14,1186,24,8,8,2421
2231,complete,11,734,19,11,11,2003
2232,complete,11,1233,28,9,9,1354
2233,complete,5,229,23,8,8,904
2234,complete,24,2044,24,8,8,3556
2235,complete,10,916,16,7,7,2000
2236,complete,15,1539,19,9,9,2300
2237,complete,8,633,27,9,9,1136
2238,complete,22,2219,17,8,8,157576
2239,complete,11,1171,24,8,8,1916
2240,complete,13,1759,20,6,6,1773
2241,complete,9,1165,25,6,6,1002
2242,complete,12,1280,17,8,8,1438
2243,complete,16,1715,26,9,9,1828
2244,complete,20,1713,15,8,8,2260
2245,complete,18,2227,16,8,8,1883
2246,complete,6,491,41,6,6,934
2247,complete,9,1242,39,7,7,1061
2248,complete,15,936,14,9,9,3037
2249,complete,17,2261,8,7,7,2792
2250,complete,18,2101,15,9,9,2773
2251,complete,18,1115,19,11,11,3375
2252,complete,12,1044,23,9,9,1461
2253,complete,15,1060,13,6,6,1936
2254,complete,11,1449,24,9,9,1381
2255,complete,9,603,15,8,8,1356
2256,complete,11,1095,15,11,11,1443
2257,complete,9,1180,27,8,8,1051
2258,complete,13,1061,21,7,7,1605
2259,complete,17,1847,22,10,10,1817
2260,complete,8,304,38,13,13,1273
2261,complete,18,2467,19,7,7,1927
2262,complete,7,811,27,6,6,1410
2263,complete,9,964,24,9,9,1837
2264,complete,14,679,22,11,11,2753
2265,complete,14,1591,23,9,9,1645
2266,complete,11,744,21,11,11,1429
2267,complete,12,1089,23,9,9,1418
2268,complete,12,931,20,10,10,1486
2269,complete,8,656,30,11,11,1226
2270,complete,11,594,17,10,10,1549
2271,complete,20,2394,21,11,11,2169
2272,complete,17,1861,21,10,10,1702
2273,complete,9,1277,31,6,6,894
2274,complete,15,1454,23,11,11,1525
2275,complete,19,1749,14,9,9,2342
2276,complete,12,1415,22,7,7,1349
2277,complete,20,2610,32,10,10,2123
2278,complete,16,1370,15,8,8,1715
2279,complete,7,617,22,8,8,1034
2280,complete,15,1401,18,8,8,1683
2281,complete,11,754,18,9,9,1508
2282,complete,8,611,27,9,9,1211
2283,complete,7,729,32,10,10,1045
2284,complete,9,665,22,8,8,1280
2285,complete,12,855,22,11,11,1790
2286,complete,12,1329,38,8,8,1415
2287,complete,12,1110,29,10,10,1511
2288,complete,22,1364,19,11,11,3652
2289,complete,10,1237,23,8,8,1613
2290,complete,12,1101,30,8,8,1896
2291,complete,13,1464,19,9,9,2032
2292,complete,14,1165,13,7,7,1726
2293,complete,16,1060,20,7,7,1935
2294,complete,24,2668,31,9,9,2494
2295,complete,14,1361,13,8,8,1677
2296,complete,11,610,22,11,11,1506
2297,complete,13,774,27,6,6,1625
2298,complete,22,3359,27,8,8,1802
2299,complete,13,1926,21,10,10,1313
2300,complete,11,682,36,12,12,1694
2301,complete,15,1495,21,12,12,1765
2302,complete,5,334,17,7,7,877
2303,complete,11,1164,21,7,7,1211
2304,complete,21,2333,25,11,11,2344
2305,complete,16,1536,6,4,4,4608
2306,complete,14,1135,28,9,9,1691
2307,complete,18,2205,19,6,6,1673
2308,complete,12,1240,16,8,8,1594
2309,complete,10,1057,18,6,6,1170
2310,complete,16,1104,20,12,12,1903
2311,complete,16,1424,19,8,8,2564
2312,complete,19,1978,16,7,7,2649
2313,complete,15,1242,8,5,5,2171
2314,complete,14,1207,15,8,8,2457
2315,complete,17,1399,18,9,9,1983
2316,complete,13,983,22,7,7,4016
2317,complete,16,1732,23,10,10,1802
2318,complete,13,1185,19,7,7,1495
2319,complete,12,1050,19,9,9,1552
2320,complete,18,2298,21,9,9,1605
2321,complete,12,994,27,9,9,1449
2322,complete,10,771,10,6,6,1275
2323,complete,11,1545,30,9,9,1228
2324,complete,21,2317,11,5,5,1940
2325,complete,19,2346,28,7,7,1701
2326,complete,8,619,29,9,9,1179
2327,complete,13,1431,21,11,11,1507
2328,complete,9,751,15,7,7,1263
2329,complete,19,1578,25,13,13,2195
2330,complete,8,695,17,7,7,1076
2331,complete,13,885,15,8,8,1592
2332,complete,21,2007,31,14,14,2716
2333,complete,10,878,17,10,10,1464
2334,complete,8,756,23,6,6,977
2335,complete,12,1612,23,10,10,1426
2336,complete,10,1392,19,6,6,1476
2337,complete,18,1624,13,8,8,2444
2338,complete,15,942,23,12,12,2772
2339,complete,14,1358,22,11,11,2573
2340,complete,13,1711,31,10,10,1514
2341,complete,15,1927,24,10,10,1708
2342,complete,12,1569,23,8,8,1413
2343,complete,18,1831,31,11,11,2213
2344,complete,18,2186,18,9,9,1712
2345,complete,21,2506,15,8,8,1967
2346,complete,16,2574,41,8,8,1357
2347,complete,6,371,28,8,8,940
2348,complete,14,1206,28,10,10,2703
2349,complete,7,776,38,9,9,1499
2350,complete,9,781,21,9,9,1572
2351,complete,16,2138,25,12,12,2145
2352,complete,9,555,21,10,10,1978
2353,complete,12,1381,18,7,7,1688
2354,complete,15,823,31,15,15,3037
2355,complete,19,1524,15,9,9,3648
2356,complete,7,251,15,7,7,1258
2357,complete,8,730,23,6,6,1140
2358,complete,18,1312,37,14,14,20027
2359,complete,13,1194,24,7,7,1788
2360,complete,21,1672,15,7,7,2988
2361,complete,20,2254,27,9,9,2135
2362,complete,16,1362,17,8,8,1844
2363,complete,24,3114,20,11,11,2178
2364,complete,11,714,17,9,9,1559
2365,complete,17,1987,20,11,11,1937
2366,complete,10,922,16,9,9,1373
2367,complete,21,2623,9,6,6,7957
2368,complete,14,721,16,7,7,1941
2369,complete,16,1420,17,9,9,2063
2370,complete,14,1076,13,7,7,1584
2371,complete,15,1590,24,10,10,1752
2372,complete,20,1476,25,12,12,2939
2373,complete,15,1465,19,7,7,2153
2374,complete,17,2079,23,11,11,2413
2375,complete,13,1232,21,9,9,1888
2376,complete,13,848,9,7,7,2098
2377,complete,12,1237,21,8,8,1424
2378,complete,16,784,18,8,8,2218
2379,complete,16,1584,21,7,7,1763
2380,complete,13,1269,21,9,9,1508
2381,complete,21,2859,13,8,8,2340
2382,complete,7,611,23,8,8,1614
2383,complete,13,773,32,13,13,2642
2384,complete,14,1803,17,7,7,1392
2385,complete,12,1066,12,5,5,6132
2386,complete,13,705,21,11,11,2696
2387,complete,18,2207,17,9,9,2076
2388,complete,16,1306,21,10,10,2163
2389,complete,16,1930,2,1,1,1467
2390,complete,16,1706,20,9,9,1788
2391,complete,9,819,28,10,10,1323
2392,complete,13,1585,17,6,6,1697
2393,complete,14,2275,33,9,9,2143
2394,complete,20,2164,33,11,11,2270
2395,complete,11,860,18,7,7,1495
2396,complete,14,1526,15,8,8,2618
2397,complete,11,766,22,8,8,1688
2398,complete,16,1249,22,10,10,4856
2399,complete,18,1256,15,9,9,2252
2400,complete,15,2005,26,10,10,1611
2401,complete,7,389,24,8,8,1194
2402,complete,11,723,30,10,10,1550
2403,complete,14,1167,13,7,7,1644
2404,complete,19,1800,11,6,6,2136
2405,complete,14,1090,15,7,7,1690
2406,complete,8,794,34,9,9,1510
2407,complete,19,2741,8,5,5,2042
2408,complete,9,801,25,10,10,1300
2409,complete,17,1764,15,8,8,1866
2410,complete,16,1935,23,11,11,2667
2411,complete,6,331,17,8,8,1600
2412,complete,14,1468,19,10,10,1593
2413,complete,17,2595,19,6,6,1364
2414,complete,8,496,20,10,10,1134
2415,complete,20,2183,21,11,11,2188
2416,complete,8,724,22,10,10,1142
2417,complete,17,1770,14,8,8,1699
2418,complete,12,855,37,11,11,1694
2419,complete,14,1171,18,7,7,1733
2420,complete,11,621,28,8,8,1496
2421,complete,8,872,21,7,7,1014
2422,complete,12,557,18,9,9,1815
2423,complete,19,2459,17,9,9,1870
2424,complete,18,2491,17,7,7,1691
2425,complete,6,296,23,8,8,983
2426,complete,21,2712,19,6,6,2054
2427,complete,15,1649,19,8,8,1622
2428,complete,6,605,22,7,7,988
2429,complete,14,843,21,10,10,2702
2430,complete,11,911,28,10,10,1508
2431,complete,9,870,22,7,7,1219
2432,complete,13,1638,16,7,7,1377
2433,complete,16,1838,24,10,10,1764
2434,complete,9,1017,18,8,8,1264
2435,complete,15,885,16,7,7,1893
2436,complete,15,1530,32,11,11,1834
2437,complete,14,1014,18,9,9,1663
2438,complete,7,549,34,7,7,1028
2439,complete,17,1871,16,8,8,1543
2440,complete,15,1820,17,7,7,1462
2441,complete,18,2079,10,6,6,1694
2442,complete,11,951,18,7,7,1344
2443,complete,19,2732,21,7,7,2756
2444,complete,12,1028,17,6,6,1494
2445,complete,20,1833,28,10,10,2270
2446,complete,15,1372,23,11,11,1727
2447,complete,8,870,15,4,4,1007
2448,complete,14,827,12,6,6,2462
2449,complete,21,1974,26,16,16,2668
2450,complete,12,1235,24,9,9,1367
2451,complete,19,2300,28,11,11,2408
2452,complete,14,888,17,10,10,1853
2453,complete,12,912,16,8,8,1556
2454,complete,15,1679,18,9,9,2298
2455,complete,10,684,23,12,12,1939
2456,complete,13,1624,18,13,13,2186
2457,complete,18,2484,19,10,10,7278
2458,complete,5,491,23,5,5,862
2459,complete,12,1105,22,11,11,1561
2460,complete,14,1457,21,10,10,1734
2461,complete,14,952,27,13,13,1974
2462,complete,12,1075,15,8,8,1443
2463,complete,16,1777,21,5,5,1628
2464,complete,16,1572,19,10,10,1777
2465,complete,11,1298,21,9,9,1237
2466,complete,12,1512,19,10,10,1365
2467,complete,18,2361,29,8,8,1936
2468,complete,8,470,13,8,8,1704
2469,complete,17,1318,17,9,9,3155
2470,complete,20,1828,15,10,10,2408
2471,complete,18,2058,25,7,7,1642
2472,complete,15,1689,22,10,10,1651
2473,complete,17,1073,27,11,11,2361
2474,complete,20,1309,21,11,11,2444
2475,complete,15,1737,38,11,11,1771
2476,complete,15,1241,10,6,6,1666
2477,complete,16,2446,15,6,6,2871
2478,complete,11,821,14,8,8,2069
2479,complete,9,844,11,4,4,1497
2480,complete,12,1443,19,11,11,1950
2481,complete,13,1183,21,11,11,1762
2482,complete,17,1859,17,9,9,2646
2483,complete,9,788,25,8,8,1249
2484,complete,15,1609,14,9,9,1858
2485,complete,6,570,18,6,6,990
2486,complete,12,1274,13,6,6,2004
2487,complete,13,1732,11,6,6,1281
2488,complete,11,1319,18,9,9,1335
2489,complete,12,729,15,9,9,1627
2490,complete,12,1480,25,9,9,1273
2491,complete,12,1324,26,9,9,1474
2492,complete,15,1055,14,6,6,1882
2493,complete,14,839,19,9,9,2210
2494,complete,9,1008,22,6,6,1145
2495,complete,11,1357,19,9,9,1162
2496,complete,16,1806,8,5,5,1644
2497,complete,8,787,26,7,7,1126
2498,complete,12,1216,29,9,9,1946
2499,complete,12,1178,9,7,7,2159
2500,complete,15,1263,18,7,7,2860
2501,complete,18,1721,26,11,11,2251
2502,complete,19,2223,20,9,9,2036
2503,complete,14,1438,19,9,9,1608
2504,complete,10,995,23,9,9,1213
2505,complete,10,352,26,11,11,1479
2506,complete,12,799,16,8,8,1466
2507,complete,7,273,42,8,8,1561
2508,complete,11,760,18,8,8,2361
2509,complete,8,866,19,7,7,1552
2510,complete,13,1306,9,6,6,1403
2511,complete,11,1058,13,6,6,1307
2512,complete,12,1670,27,8,8,1490
2513,complete,11,599,30,11,11,1601
2514,complete,13,1724,23,8,8,1226
2515,complete,17,1632,23,6,6,1813
2516,complete,10,792,24,9,9,1456
2517,complete,12,1349,14,7,7,1382
2518,complete,12,1504,23,7,7,1347
2519,complete,10,1026,19,7,7,1258
2520,complete,14,1479,33,10,10,1617
2521,complete,11,1535,19,3,3,1175
2522,complete,16,1840,17,9,9,1541
2523,complete,11,856,17,10,10,1530
2524,complete,10,831,17,9,9,1362
2525,complete,34,4182,24,11,11,4144
2526,complete,15,2011,22,11,11,1577
2527,complete,14,1532,21,7,7,1589
2528,complete,15,2052,20,7,7,1500
2529,complete,17,2309,16,5,5,2305
2530,complete,10,880,23,9,9,1353
2531,complete,14,936,8,4,4,1675
2532,complete,15,1555,21,9,9,1673
2533,complete,10,1126,32,10,10,1246
2534,complete,9,1152,24,6,6,1000
2535,complete,15,2145,12,7,7,1475
2536,complete,16,1658,10,7,7,1695
2537,complete,13,1171,14,9,9,1556
2538,complete,19,2043,24,7,7,1799
2539,complete,11,1168,20,8,8,1357
2540,complete,24,3003,21,10,10,2236
2541,complete,21,2402,19,8,8,2433
2542,complete,8,1009,22,6,6,1000
2543,complete,11,1101,27,12,12,1537
2544,complete,8,605,10,6,6,1125
2545,complete,11,1323,9,5,5,1172
2546,complete,10,1029,20,7,7,1298
2547,complete,15,2234,21,9,9,1573
2548,complete,14,898,23,9,9,1827
2549,complete,17,2426,14,6,6,1476
2550,complete,17,2035,13,7,7,1510
2551,complete,17,1881,28,10,10,1915
2552,complete,7,565,12,6,6,1141
2553,complete,12,1181,24,9,9,2065
2554,complete,12,1044,26,12,12,2185
2555,complete,13,973,26,12,12,2370
2556,complete,15,1110,24,8,8,1893
2557,complete,13,1143,20,11,11,1686
2558,complete,9,671,20,11,11,1322
2559,complete,16,1676,15,8,8,1819
2560,complete,12,1634,18,4,4,1692
2561,complete,16,2275,11,3,3,1886
2562,complete,11,603,22,10,10,2267
2563,complete,17,1721,17,9,9,1975
2564,complete,15,1084,17,10,10,2053
2565,complete,6,688,25,6,6,913
2566,complete,11,1144,20,8,8,1243
2567,complete,13,1137,21,13,13,1716
2568,complete,13,1581,21,8,8,1355
2569,complete,11,890,17,7,7,1350
2570,complete,12,758,23,10,10,1695
2571,complete,16,1520,16,7,7,1823
2572,complete,17,2481,10,6,6,1601
2573,complete,13,1737,22,9,9,1463
2574,complete,11,976,41,13,13,1485
2575,complete,16,1402,19,7,7,2021
2576,complete,11,382,22,11,11,1762
2577,complete,18,2745,29,4,4,1613
2578,complete,13,1582,15,8,8,1614
2579,complete,9,655,21,9,9,1171
2580,complete,10,1038,16,8,8,1313
2581,complete,7,328,21,11,11,1695
2582,complete,11,888,17,6,6,1382
2583,complete,18,2313,21,10,10,979790
2584,complete,19,2492,13,8,8,1988
2585,complete,18,1395,18,12,12,2270
2586,complete,18,2015,25,10,10,1721
2587,complete,10,668,14,8,8,1288
2588,complete,14,605,22,10,10,1835
2589,complete,18,1490,22,6,6,2101
2590,complete,14,955,19,8,8,1803
2591,complete,7,271,19,6,6,1092
2592,complete,13,1181,10,5,5,1942
2593,complete,15,1612,18,6,6,1576
2594,complete,11,1119,26,10,10,1321
2595,complete,10,1209,26,9,9,1297
2596,complete,14,1151,13,8,8,1626
2597,complete,11,677,22,10,10,1423
2598,complete,19,1814,14,5,5,2050
2599,complete,18,1421,23,12,12,3255
2600,complete,17,2054,34,8,8,1851
2601,complete,12,1535,14,6,6,1261
2602,complete,13,1433,26,11,11,3644
2603,complete,8,680,19,8,8,1146
2604,complete,15,1032,11,8,8,1879
2605,complete,12,601,28,11,11,1586
2606,complete,12,1559,12,4,4,1218
2607,complete,8,639,22,11,11,1746
2608,complete,13,788,17,9,9,2489
2609,complete,17,2057,39,13,13,3461
2610,complete,13,1435,24,9,9,1530
2611,complete,18,2189,15,10,10,1695
2612,complete,10,726,22,9,9,1465
2613,complete,20,2313,19,8,8,2038
2614,complete,11,857,30,6,6,1398
2615,complete,20,2181,9,7,7,2071
2616,complete,18,2247,23,9,9,2065
2617,complete,7,760,21,7,7,1022
2618,complete,11,646,28,13,13,2521
2619,complete,20,2023,16,8,8,3265
2620,complete,19,1753,26,11,11,3235
2621,complete,9,522,31,11,11,1439
2622,complete,24,2488,23,8,8,2466
2623,complete,9,1165,23,6,6,1048
2624,complete,15,2046,19,7,7,1423
2625,complete,13,1306,32,10,10,1531
2626,complete,21,1942,27,14,14,2597
2627,complete,13,1329,21,8,8,1466
2628,complete,15,1503,13,7,7,1836
2629,complete,16,1139,25,10,10,1857
2630,complete,21,1508,20,9,9,2691
2631,complete,13,1876,15,9,9,2127
2632,complete,19,2485,20,8,8,2918
2633,complete,9,691,12,6,6,1161
2634,complete,17,1563,19,5,5,1998
2635,complete,11,1334,21,6,6,1263
2636,complete,20,2808,27,9,9,1859
2637,complete,13,785,30,10,10,1818
2638,complete,14,1700,26,9,9,1626
2639,complete,20,2391,22,7,7,1959
2640,complete,10,806,18,10,10,1413
2641,complete,14,1360,28,11,11,1694
2642,complete,12,1049,21,7,7,1281
2643,complete,11,1377,32,11,11,1341
2644,complete,12,895,13,9,9,1548
2645,complete,14,1090,18,8,8,1827
2646,complete,9,829,18,10,10,1235
2647,complete,16,1400,21,8,8,2020
2648,complete,10,1141,20,7,7,1260
2649,complete,10,866,33,11,11,1543
2650,complete,11,716,17,9,9,1379
2651,complete,11,1091,20,9,9,1541
2652,complete,12,1294,12,7,7,1257
2653,complete,11,1442,15,6,6,1106
2654,complete,20,2519,13,7,7,1958
2655,complete,12,1539,17,8,8,29357
2656,complete,17,1890,17,6,6,1719
2657,complete,15,2332,33,9,9,1606
2658,complete,10,936,27,11,11,1259
2659,complete,11,1059,27,10,10,1355
2660,complete,20,1511,17,10,10,341835
2661,complete,17,1502,22,9,9,2171
2662,complete,18,2219,19,10,10,1909
2663,complete,10,550,27,11,11,1457
2664,complete,24,1878,21,12,12,3104
2665,complete,7,444,26,7,7,1193
2666,complete,17,2342,29,9,9,1987
2667,complete,12,1203,24,10,10,1510
2668,complete,18,1794,24,9,9,1968
2669,complete,17,1135,15,9,9,1894
2670,complete,12,1184,22,9,9,1482
2671,complete,17,1889,21,9,9,2539
2672,complete,12,1494,7,5,5,1459
2673,complete,15,775,13,8,8,2484
2674,complete,16,1710,28,12,12,3131
2675,complete,14,935,32,13,13,2038
2676,complete,19,2238,20,11,11,2092
2677,complete,18,1607,32,13,13,2478
2678,complete,21,3001,26,8,8,3164
2679,complete,11,1177,19,12,12,2065
2680,complete,18,1908,18,9,9,1969
2681,complete,8,571,28,10,10,1205
2682,complete,10,1283,25,7,7,1132
2683,complete,9,490,27,8,8,1405
2684,complete,12,979,13,7,7,1574
2685,complete,25,3106,22,9,9,2328
2686,complete,10,702,18,8,8,1383
2687,complete,10,1397,25,7,7,1121
2688,complete,13,998,26,11,11,1566
2689,complete,11,1167,14,7,7,1213
2690,complete,16,2053,11,5,5,44406
2691,complete,8,916,30,9,9,1095
2692,complete,16,1482,25,8,8,1766
2693,complete,16,2359,12,4,4,1946
2694,complete,16,1808,11,8,8,2540
2695,complete,11,1392,23,8,8,1301
2696,complete,22,2500,19,10,10,2644
2697,complete,17,2266,12,8,8,1770
2698,complete,22,3480,22,8,8,1979
2699,complete,16,1969,9,5,5,1566
2700,complete,17,2155,20,5,5,2510
2701,complete,14,1160,21,8,8,2265
2702,complete,15,1321,19,9,9,1797
2703,complete,19,2007,23,11,11,2093
2704,complete,18,1887,29,11,11,2806
2705,complete,24,3001,13,6,6,3453
2706,complete,16,1730,20,12,12,1915
2707,complete,14,1429,31,11,11,1548
2708,complete,15,1340,13,7,7,1672
2709,complete,23,1745,10,8,8,2967
2710,complete,9,1111,18,6,6,992
2711,complete,18,1654,10,6,6,1657
2712,complete,13,1152,20,8,8,1590
2713,complete,12,1528,27,8,8,1354
2714,complete,11,1671,18,6,6,1102
2715,complete,11,1193,13,8,8,1252
2716,complete,10,1036,16,9,9,1344
2717,complete,10,1183,26,11,11,1325
2718,complete,8,814,19,6,6,996
2719,complete,16,1444,29,7,7,1945
2720,complete,10,865,21,7,7,1245
2721,complete,22,2468,28,9,9,2386
2722,complete,12,1350,19,9,9,1523
2723,complete,17,2276,16,6,6,1622
2724,complete,7,906,32,6,6,855
2725,complete,16,1282,26,10,10,2400
2726,complete,13,907,31,11,11,2068
2727,complete,15,1735,18,8,8,1602
2728,complete,10,893,16,9,9,1323
2729,complete,13,1615,25,13,13,1991
2730,complete,10,916,19,10,10,1408
2731,complete,13,1188,22,11,11,1642
2732,complete,16,1399,25,8,8,1754
2733,complete,7,408,32,11,11,1207
2734,complete,13,1153,19,7,7,1556
2735,complete,9,1097,22,8,8,1157
2736,complete,10,895,24,7,7,1386
2737,complete,15,1286,11,8,8,1771
2738,complete,12,1275,16,7,7,1709
2739,complete,10,802,25,9,9,2190
2740,complete,15,1571,17,9,9,2624
2741,complete,16,2009,17,6,6,1689
2742,complete,12,1239,15,6,6,1241
2743,complete,11,1259,22,12,12,1742
2744,complete,22,1918,14,8,8,2509
2745,complete,12,1386,14,7,7,1325
2746,complete,17,1304,20,9,9,2083
2747,complete,15,2071,24,10,10,1605
2748,complete,11,924,25,11,11,1471
2749,complete,8,733,12,5,5,1018
2750,complete,10,1105,23,7,7,1314
2751,complete,14,1342,15,7,7,1511
2752,complete,14,1298,17,5,5,1448
2753,complete,12,816,27,10,10,1618
2754,complete,14,718,20,11,11,1996
2755,complete,12,1357,17,8,8,1335
2756,complete,13,1346,20,8,8,1475
2757,complete,9,810,19,9,9,1766
2758,complete,13,1177,21,6,6,1715
2759,complete,21,2582,9,6,6,2030
2760,complete,13,1534,8,6,6,1246
2761,complete,13,970,20,10,10,1735
2762,complete,6,333,27,8,8,1018
2763,complete,12,915,13,8,8,1453
2764,complete,12,1331,23,10,10,1260
2765,complete,12,1506,25,9,9,1310
2766,complete,12,653,33,12,12,1722
2767,complete,13,807,16,8,8,1617
2768,complete,15,1628,16,7,7,1599
2769,complete,13,1291,10,6,6,1323
2770,complete,8,637,19,10,10,1172
2771,complete,18,772,13,9,9,2367
2772,complete,8,1005,17,8,8,1019
2773,complete,18,2210,28,10,10,2016
2774,complete,13,1421,22,10,10,1429
2775,complete,13,978,13,6,6,1638
2776,complete,8,796,19,7,7,1037
2777,complete,20,2575,11,6,6,8761
2778,complete,13,1131,11,6,6,2001
2779,complete,9,919,20,8,8,1443
2780,complete,13,1293,27,10,10,1620
2781,complete,21,2333,18,9,9,2077
2782,complete,6,514,30,10,10,975
2783,complete,7,447,15,5,5,966
2784,complete,18,2077,18,8,8,1828
2785,complete,18,1620,21,13,13,2100
2786,complete,12,1556,21,12,12,1511
2787,complete,12,495,19,11,11,2001
2788,complete,10,802,27,10,10,2116
2789,complete,12,1293,24,11,11,1508
2790,complete,12,827,27,13,13,1797
2791,complete,9,897,21,7,7,1136
2792,complete,8,517,25,8,8,1184
2793,complete,14,1713,29,8,8,1522
2794,complete,12,1042,26,10,10,1696
2795,complete,12,1305,21,10,10,1432
2796,complete,10,884,19,6,6,1272
2797,complete,22,2397,26,14,14,2333
2798,complete,8,582,19,12,12,1253
2799,complete,14,1168,12,9,9,1571
2800,complete,16,1815,15,9,9,1780
2801,complete,12,1299,19,12,12,1270
2802,complete,10,459,39,10,10,1454
2803,complete,10,1075,13,8,8,1122
2804,complete,15,1705,25,8,8,1545
2805,complete,16,2241,12,9,9,4660
2806,complete,11,920,28,12,12,1510
2807,complete,22,3151,28,8,8,2013
2808,complete,15,1359,22,11,11,1882
2809,complete,7,442,20,8,8,990
2810,complete,7,280,15,6,6,1068
2811,complete,10,904,22,10,10,1369
2812,complete,18,1557,18,10,10,2090
2813,complete,9,831,19,11,11,1298
2814,complete,14,1325,23,11,11,1634
2815,complete,14,1523,24,7,7,1456
2816,complete,13,1539,22,10,10,1494
2817,complete,15,1257,19,10,10,1975
2818,complete,11,1180,15,7,7,1249
2819,complete,17,1215,21,13,13,2407
2820,complete,16,1554,29,10,10,1733
2821,complete,8,663,27,10,10,1175
2822,complete,23,3069,10,7,7,2332
2823,complete,14,1528,19,9,9,1530
2824,complete,13,1374,21,10,10,3665
2825,complete,10,679,19,9,9,1303
2826,complete,21,2237,21,12,12,6203
2827,complete,14,1195,24,10,10,1794
2828,complete,14,961,26,14,14,1987
2829,complete,16,1033,22,13,13,1932
2830,complete,20,1870,24,7,7,2251
2831,complete,8,964,26,5,5,3152
2832,complete,9,681,14,7,7,1863
2833,complete,13,812,27,11,11,1880
2834,complete,13,1507,15,8,8,1502
2835,complete,11,588,15,6,6,1413
2836,complete,22,2857,13,8,8,2009
2837,complete,12,1137,23,11,11,1843
2838,complete,12,1119,12,5,5,1325
2839,complete,10,1011,26,9,9,2159
2840,complete,12,518,25,8,8,1672
2841,complete,11,1425,16,7,7,1236
2842,complete,14,1287,27,10,10,1638
2843,complete,13,1068,26,10,10,1637
2844,complete,11,1313,26,6,6,1216
2845,complete,18,1420,11,6,6,1944
2846,complete,11,1457,18,5,5,5094
2847,complete,15,1946,17,5,5,1861
2848,complete,12,954,19,10,10,2270
2849,complete,12,1027,32,13,13,2416
2850,complete,16,1075,17,7,7,2297
2851,complete,18,2026,16,9,9,2429
2852,complete,8,570,20,10,10,1409
2853,complete,11,544,19,9,9,1460
2854,complete,23,2502,19,9,9,2291
2855,complete,10,1120,22,7,7,1086
2856,complete,11,1253,19,9,9,1212
2857,complete,19,1446,15,9,9,2364
2858,complete,8,726,26,5,5,4504
2859,complete,11,1046,25,8,8,2082
2860,complete,13,1633,23,8,8,2112
2861,complete,12,900,17,10,10,1546
2862,complete,12,869,27,12,12,1718
2863,complete,16,1924,19,10,10,1675
2864,complete,12,1573,20,8,8,1220
2865,complete,12,1564,13,4,4,1138
2866,complete,20,2079,27,10,10,2273
2867,complete,13,831,14,6,6,1565
2868,complete,20,1576,26,11,11,2503
2869,complete,17,1603,23,11,11,2300
2870,complete,11,1318,21,9,9,1870
2871,complete,14,603,24,14,14,2998
2872,complete,20,1696,21,9,9,2323
2873,complete,9,1006,22,7,7,1202
2874,complete,17,1298,14,7,7,1772
2875,complete,14,1584,15,7,7,1653
2876,complete,10,351,14,8,8,1319
2877,complete,13,1356,18,8,8,1507
2878,complete,12,1558,18,10,10,1346
2879,complete,11,1143,19,9,9,1358
2880,complete,10,710,23,12,12,1465
2881,complete,22,2536,29,15,15,2451
2882,complete,13,1041,37,13,13,1714
2883,complete,16,1360,19,7,7,2034
2884,complete,14,1409,9,6,6,1470
2885,complete,10,1028,15,9,9,1276
2886,complete,17,2275,28,10,10,1758
2887,complete,11,694,23,10,10,1610
2888,complete,11,885,17,6,6,1363
2889,complete,9,987,27,10,10,1112
2890,complete,4,301,17,7,7,738
2891,complete,12,1606,15,7,7,1227
2892,complete,14,1143,27,13,13,2214
2893,complete,11,570,15,10,10,2442
2894,complete,15,912,12,5,5,2834
2895,complete,11,1005,14,5,5,1622
2896,complete,20,1653,19,8,8,2905
2897,complete,13,1679,24,10,10,1431
2898,complete,7,686,24,7,7,998
2899,complete,11,1199,23,10,10,1320
2900,complete,18,2137,20,10,10,1892
2901,complete,18,1750,17,10,10,1874
2902,complete,16,1921,19,8,8,1769
2903,complete,9,921,38,10,10,1256
2904,complete,10,977,21,6,6,1171
2905,complete,17,2265,13,7,7,1551
2906,complete,9,610,19,8,8,1306
2907,complete,16,1405,16,9,9,1942
2908,complete,9,810,22,11,11,1291
2909,complete,11,784,22,7,7,1429
2910,complete,14,936,19,7,7,1585
2911,complete,10,1332,10,4,4,975
2912,complete,15,1690,22,6,6,2943
2913,complete,8,953,23,8,8,1036
2914,complete,22,2635,11,7,7,2373
2915,complete,20,3258,21,6,6,111125
2916,complete,11,1165,20,9,9,1519
2917,complete,19,1403,30,13,13,3348
2918,complete,13,1273,17,11,11,2268
2919,complete,17,1849,22,8,8,1929
2920,complete,11,1307,17,7,7,1235
2921,complete,18,2036,23,9,9,3881
2922,complete,7,550,17,5,5,1073
2923,complete,16,1444,21,8,8,1742
2924,complete,14,1941,30,8,8,1405
2925,complete,14,1004,15,8,8,1732
2926,complete,17,1692,16,8,8,12174
2927,complete,18,1369,24,11,11,2081
2928,complete,9,744,15,9,9,1568
2929,complete,14,1782,22,12,12,3515
2930,complete,12,913,19,12,12,1793
2931,complete,13,1341,23,11,11,1665
2932,complete,13,1658,13,9,9,1318
2933,complete,13,1679,39,10,10,1498
2934,complete,11,1317,13,8,8,1826
2935,complete,11,1303,16,5,5,1337
2936,complete,12,1214,27,11,11,1474
2937,complete,13,1471,13,5,5,1359
2938,complete,12,1203,19,9,9,1585
2939,complete,8,783,27,8,8,1155
2940,complete,11,1132,11,6,6,1344
2941,complete,20,2216,6,4,4,2779
2942,complete,16,1962,19,9,9,1771
2943,complete,14,1168,22,10,10,1807
2944,complete,13,1876,28,9,9,1238
2945,complete,7,619,29,8,8,1054
2946,complete,8,583,20,10,10,1175
2947,complete,15,1467,22,10,10,156886
2948,complete,18,2048,25,10,10,5254
2949,complete,19,1542,20,11,11,2350
2950,complete,14,731,20,9,9,2019
2951,complete,16,1295,15,8,8,1990
2952,complete,17,1801,27,11,11,1988
2953,complete,10,560,14,7,7,1315
2954,complete,7,807,25,8,8,1093
2955,complete,14,1232,19,9,9,1739
2956,complete,11,927,19,7,7,67469
2957,complete,13,1816,29,10,10,1928
2958,complete,16,1759,25,5,5,1509
2959,complete,8,637,30,7,7,1083
2960,complete,13,2173,39,8,8,1527
2961,complete,12,1425,12,7,7,1207
2962,complete,10,682,13,8,8,1341
2963,complete,13,1233,26,10,10,1582
2964,complete,11,1092,22,11,11,2084
2965,complete,13,861,18,7,7,20042
2966,complete,13,1295,18,10,10,1669
2967,complete,8,677,20,7,7,1198
2968,complete,11,1444,28,7,7,1843
2969,complete,7,458,23,9,9,1400
2970,complete,18,1071,17,9,9,1993
2971,complete,9,669,24,8,8,1200
2972,complete,12,1383,23,11,11,1355
2973,complete,10,811,18,5,5,1186
2974,complete,9,577,28,10,10,1333
2975,complete,12,864,15,11,11,1732
2976,complete,16,1146,19,10,10,1747
2977,complete,9,701,26,10,10,1244
2978,complete,18,1744,20,10,10,1846
2979,complete,13,1662,22,9,9,2784
2980,complete,14,867,19,9,9,2824
2981,complete,15,1317,16,9,9,1598
2982,complete,10,728,19,9,9,1353
2983,complete,12,911,15,6,6,1469
2984,complete,11,1585,25,9,9,1238
2985,complete,14,1205,24,9,9,1723
2986,complete,8,774,29,12,12,1246
2987,complete,9,873,22,11,11,1394
2988,complete,13,786,23,11,11,1638
2989,complete,10,1146,19,9,9,1208
2990,complete,11,880,25,10,10,1457
2991,complete,9,799,21,7,7,1139
2992,complete,10,1104,20,9,9,1160
2993,complete,14,1730,15,7,7,1448
2994,complete,12,1543,26,7,7,1428
2995,complete,15,1353,10,7,7,1741
2996,complete,14,1958,12,5,5,1604
2997,complete,14,1371,36,9,9,1552
2998,complete,10,986,29,8,8,1331
2999,complete,9,1259,39,9,9,1072
3000,complete,13,1342,21,9,9,1486
3001,complete,13,1058,16,10,10,1868
3002,complete,11,1165,26,13,13,1987
3003,complete,15,1609,29,8,8,2358
3004,complete,15,1637,23,10,10,2149
3005,complete,21,2301,21,10,10,2808
3006,complete,7,650,36,9,9,1134
3007,complete,16,1602,16,7,7,1835
3008,complete,14,1094,19,8,8,1645
3009,complete,14,1327,17,6,6,1595
3010,complete,19,2058,25,8,8,1965
3011,complete,24,3461,26,11,11,2254
3012,complete,7,683,13,4,4,934
3013,complete,17,2191,6,5,5,1536
3014,complete,19,1606,24,12,12,3165
3015,complete,7,496,20,9,9,1138
3016,complete,13,1197,19,11,11,1607
3017,complete,17,2092,11,7,7,3129
3018,complete,17,1535,21,7,7,1763
3019,complete,20,1668,18,12,12,2748
3020,complete,9,886,16,10,10,1404
3021,complete,19,1949,17,6,6,1955
3022,complete,24,2241,21,10,10,2757
3023,complete,9,759,26,11,11,1348
3024,complete,8,772,22,6,6,1116
3025,complete,15,1350,9,6,6,1653
3026,complete,13,1130,19,9,9,1627
3027,complete,17,1556,11,7,7,1815
3028,complete,18,1749,10,7,7,1990
3029,complete,20,2625,19,8,8,1861
3030,complete,14,1806,24,10,10,1638
3031,complete,23,3130,22,8,8,3542
3032,complete,7,266,21,9,9,1597
3033,complete,13,843,13,8,8,2122
3034,complete,8,843,23,7,7,1365
3035,complete,17,1173,20,7,7,2896
3036,complete,12,1225,18,8,8,1838
3037,complete,14,1048,10,5,5,2313
3038,complete,11,1372,19,5,5,1131
3039,complete,15,1399,19,12,12,1874
3040,complete,6,625,30,10,10,917
3041,complete,13,1290,16,6,6,1371
3042,complete,8,812,20,8,8,1119
3043,complete,9,728,15,9,9,1296
3044,complete,19,1109,22,9,9,2309
3045,complete,18,2346,19,8,8,1666
3046,complete,8,925,31,10,10,1153
3047,complete,11,1199,14,8,8,1381
3048,complete,15,1636,10,6,6,1633
3049,complete,18,2514,24,12,12,2931
3050,complete,14,1830,17,7,7,1971
3051,complete,10,955,37,8,8,2108
3052,complete,11,1665,19,6,6,1077
3053,complete,6,581,28,8,8,948
3054,complete,8,890,33,5,5,1092
3055,complete,9,752,16,8,8,1242
3056,complete,12,743,24,11,11,1600
3057,complete,11,877,21,12,12,1538
3058,complete,11,1420,19,7,7,1264
3059,complete,23,2044,17,10,10,2584
3060,complete,14,1464,17,9,9,1610
3061,complete,13,1346,20,12,12,1486
3062,complete,28,3239,17,8,8,4530
3063,complete,11,1158,18,8,8,1958
3064,complete,15,1873,20,12,12,2440
3065,complete,26,2049,20,10,10,3087
3066,complete,17,1445,17,11,11,2000
3067,complete,16,1515,9,5,5,2410
3068,complete,17,1906,22,10,10,1918
3069,complete,15,1786,29,11,11,1599
3070,complete,13,1484,14,9,9,1993
3071,complete,10,1321,23,7,7,1734
3072,complete,15,647,21,10,10,2101
3073,complete,10,920,19,7,7,1284
3074,complete,8,478,27,11,11,1439
3075,complete,10,904,28,10,10,1206
3076,complete,13,1648,18,8,8,1370
3077,complete,21,3232,17,8,8,3404
3078,complete,13,1063,22,8,8,1757
3079,complete,6,505,25,9,9,1013
3080,complete,10,1061,11,6,6,1483
3081,complete,17,2204,17,8,8,2213
3082,complete,17,1836,12,6,6,2253
3083,complete,15,2218,27,6,6,1727
3084,complete,15,1849,20,11,11,1864
3085,complete,7,600,17,8,8,1020
3086,complete,14,1412,18,8,8,1845
3087,complete,10,727,27,10,10,1395
3088,complete,11,713,26,12,12,1554
3089,complete,12,836,11,7,7,1376
3090,complete,16,2219,28,11,11,1627
3091,complete,10,1215,10,3,3,2016
3092,complete,13,1199,13,7,7,2001
3093,complete,16,1939,22,11,11,2573
3094,complete,9,1250,31,6,6,1062
3095,complete,8,443,25,12,12,1269
3096,complete,7,816,20,7,7,876
3097,complete,17,1953,17,10,10,1733
3098,complete,9,943,18,10,10,1138
3099,complete,14,1951,26,7,7,1487
3100,complete,24,2223,15,9,9,3126
3101,complete,16,1860,33,14,14,1918
3102,complete,20,1491,19,11,11,3214
3103,complete,16,1191,19,10,10,2310
3104,complete,16,1583,31,13,13,2394
3105,complete,8,522,19,5,5,1125
3106,complete,22,2653,24,11,11,9836
3107,complete,12,1454,14,7,7,1237
3108,complete,7,527,31,11,11,1468
3109,complete,8,759,15,6,6,980
3110,complete,13,1274,18,6,6,1803
3111,complete,9,712,23,9,9,1241
3112,complete,25,1640,15,9,9,3020
3113,complete,11,928,15,8,8,1772
3114,complete,17,2001,33,11,11,2420
3115,complete,11,1238,22,9,9,1612
3116,complete,19,2441,22,8,8,2374
3117,complete,11,1202,17,7,7,1852
3118,complete,11,696,21,9,9,1323
3119,complete,18,2576,18,7,7,2158
3120,complete,19,2012,20,9,9,6267
3121,complete,14,1632,20,7,7,1502
3122,complete,15,1958,24,12,12,2266
3123,complete,12,1270,10,6,6,2078
3124,complete,8,477,19,7,7,1274
3125,complete,15,1111,32,12,12,1922
3126,complete,10,759,22,9,9,1335
3127,complete,16,2066,20,9,9,1595
3128,complete,19,2002,17,8,8,1985
3129,complete,15,847,24,11,11,2077
3130,complete,13,1434,20,9,9,1550
3131,complete,23,3312,18,8,8,2019
3132,complete,11,929,18,8,8,1205
3133,complete,9,890,17,8,8,1122
3134,complete,10,1141,32,10,10,1359
3135,complete,9,704,20,6,6,1219
3136,complete,17,1811,27,12,12,1885
3137,complete,13,1511,32,9,9,1530
3138,complete,23,1993,17,6,6,2370
3139,complete,21,2969,13,7,7,1955
3140,complete,15,1391,27,13,13,1906
3141,complete,16,1701,11,6,6,1547
3142,complete,16,1436,14,8,8,1625
3143,complete,12,612,21,12,12,1645
3144,complete,12,1211,10,5,5,1640
3145,complete,12,880,12,7,7,1367
3146,complete,23,3060,16,6,6,1814
3147,complete,9,489,13,7,7,1263
3148,complete,8,813,26,8,8,1095
3149,complete,15,1251,17,10,10,1791
3150,complete,12,1132,12,6,6,1323
3151,complete,11,1251,17,7,7,1155
3152,complete,21,2854,18,11,11,1899
3153,complete,20,1995,27,13,13,2430
3154,complete,11,1488,25,7,7,1191
3155,complete,23,2592,22,11,11,2415
3156,complete,14,1903,22,8,8,1705
3157,complete,10,1195,26,11,11,1172
3158,complete,12,1476,17,6,6,1719
3159,complete,9,979,23,7,7,1067
3160,complete,8,745,28,7,7,61218
3161,complete,18,1852,14,6,6,1821
3162,complete,17,1468,21,12,12,2003
3163,complete,21,3024,15,7,7,3883
3164,complete,19,2331,28,11,11,29322
3165,complete,11,885,20,12,12,1538
3166,complete,11,1311,38,9,9,1237
3167,complete,17,1832,14,9,9,1645
3168,complete,7,706,19,8,8,1028
3169,complete,10,1056,31,9,9,1229
3170,complete,8,1068,33,5,5,1194
3171,complete,5,269,26,8,8,1416
3172,complete,11,1332,26,12,12,1393
3173,complete,9,795,25,7,7,1229
3174,complete,20,2106,25,10,10,2068
3175,complete,11,345,23,11,11,1557
3176,complete,14,1406,22,13,13,1860
3177,complete,14,1147,29,12,12,2559
3178,complete,20,1639,12,6,6,3409
3179,complete,8,429,27,13,13,2071
3180,complete,18,1312,16,8,8,2266
3181,complete,23,1672,18,10,10,4464
3182,complete,9,512,29,7,7,1221
3183,complete,11,652,21,8,8,1657
3184,complete,12,1358,18,6,6,1318
3185,complete,7,733,28,10,10,1026
3186,complete,6,651,38,6,6,840
3187,complete,18,2696,12,7,7,1486
3188,complete,19,2089,22,9,9,1759
3189,complete,14,1075,28,12,12,2115
3190,complete,12,1369,16,7,7,1992
3191,complete,11,635,16,10,10,2499
3192,complete,19,2146,21,7,7,1930
3193,complete,12,1322,22,7,7,1430
3194,complete,11,778,38,16,16,1567
3195,complete,15,1292,29,8,8,5307
3196,complete,14,757,18,10,10,2557
3197,complete,11,1238,18,8,8,1652
3198,complete,8,969,27,8,8,1422
3199,complete,13,1077,14,6,6,2020
3200,complete,9,870,21,8,8,1471
3201,complete,17,2064,29,11,11,1915
3202,complete,14,1048,16,8,8,1814
3203,complete,10,637,31,11,11,1471
3204,complete,11,628,26,13,13,1616
3205,complete,11,1249,10,7,7,1319
3206,complete,9,640,18,11,11,1271
3207,complete,19,2814,23,10,10,1879
3208,complete,21,2452,23,11,11,3266
3209,complete,9,936,27,10,10,1170
3210,complete,16,1235,19,8,8,1914
3211,complete,11,1340,20,7,7,1416
3212,complete,19,2460,24,9,9,1991
3213,complete,14,2119,32,7,7,15163
3214,complete,11,1042,19,10,10,1409
3215,complete,11,861,21,12,12,1547
3216,complete,8,766,14,7,7,1032
3217,complete,15,1411,25,10,10,1808
3218,complete,11,1068,18,10,10,1335
3219,complete,12,1284,17,8,8,1418
3220,complete,26,3300,16,10,10,4916
3221,complete,15,1553,18,7,7,1754
3222,complete,8,842,22,6,6,995
3223,complete,21,2118,9,7,7,2268
3224,complete,16,1259,9,7,7,2076
3225,complete,17,2027,15,8,8,1715
3226,complete,13,1341,14,6,6,1470
3227,complete,13,1414,23,10,10,1525
3228,complete,11,989,28,9,9,1378
3229,complete,14,1732,15,8,8,1294
3230,complete,16,1958,16,6,6,2655
3231,complete,12,748,21,7,7,1626
3232,complete,20,2346,12,8,8,1890
3233,complete,11,1458,27,6,6,1986
3234,complete,12,1350,16,8,8,1358
3235,complete,11,840,18,10,10,1425
3236,complete,11,1216,19,9,9,1491
3237,complete,10,611,23,12,12,1485
3238,complete,5,436,32,6,6,769
3239,complete,18,1002,14,9,9,3673
3240,complete,14,1991,20,9,9,2140
3241,complete,13,1597,20,9,9,1432
3242,complete,13,1709,15,8,8,1458
3243,complete,9,950,13,6,6,1093
3244,complete,17,1376,13,7,7,2074
3245,complete,15,1032,29,14,14,1919
3246,complete,14,1417,22,8,8,1759
3247,complete,14,1128,9,5,5,1676
3248,complete,16,2247,31,9,9,1757
3249,complete,12,1059,21,11,11,1560
3250,complete,10,1129,24,8,8,1522
3251,complete,7,435,22,7,7,1709
3252,complete,10,1012,19,8,8,2074
3253,complete,17,2021,28,10,10,1849
3254,complete,9,1008,32,9,9,2911
3255,complete,16,1806,21,9,9,3105
3256,complete,13,826,15,9,9,2288
3257,complete,12,887,13,9,9,1557
3258,complete,18,1609,20,9,9,2609
3259,complete,14,1721,16,5,5,2038
3260,complete,9,843,20,8,8,1642
3261,complete,14,1736,23,8,8,2052
3262,complete,8,938,23,5,5,1397
3263,complete,9,1116,18,10,10,1116
3264,complete,8,476,20,8,8,1228
3265,complete,15,1473,25,10,10,2545
3266,complete,20,2048,19,10,10,4319
3267,complete,17,1391,22,7,7,4265
3268,complete,8,984,29,8,8,1127
3269,complete,18,1759,14,7,7,1927
3270,complete,19,2671,19,10,10,6846
3271,complete,17,2241,21,10,10,1593
3272,complete,17,1208,19,9,9,1962
3273,complete,14,1485,22,9,9,1721
3274,complete,14,1200,15,8,8,1831
3275,complete,7,692,30,8,8,1064
3276,complete,7,726,28,9,9,1206
3277,complete,11,1300,21,9,9,1531
3278,complete,14,1348,21,7,7,1618
3279,complete,16,1065,13,8,8,1893
3280,complete,8,457,26,9,9,1288
3281,complete,6,592,29,7,7,944
3282,complete,15,1747,14,7,7,1420
3283,complete,10,846,18,9,9,1387
3284,complete,19,1646,16,8,8,2288
3285,complete,14,1334,19,8,8,1845
3286,complete,11,1437,35,8,8,1259
3287,complete,14,1104,25,9,9,2508
3288,complete,16,2284,8,5,5,1309
3289,complete,12,854,22,12,12,1598
3290,complete,16,2155,26,9,9,1933
3291,complete,22,2882,32,11,11,2509
3292,complete,19,1745,27,13,13,2180
3293,complete,15,1527,20,9,9,1989
3294,complete,11,1314,19,10,10,1777
3295,complete,21,2710,27,10,10,2891
3296,complete,10,1203,23,6,6,1622
3297,complete,9,767,13,8,8,1219
3298,complete,15,1121,30,12,12,1969
3299,complete,16,1461,27,12,12,2100
3300,complete,8,749,30,12,12,1409
3301,complete,12,1402,20,5,5,1386
3302,complete,12,972,19,5,5,11147
3303,complete,20,1498,24,12,12,2503
3304,complete,12,1539,25,8,8,1280
3305,complete,8,416,25,9,9,1207
3306,complete,11,1176,9,6,6,1100
3307,complete,14,1184,27,8,8,1829
3308,complete,12,1433,19,8,8,1513
3309,complete,18,1295,20,10,10,2013
3310,complete,21,1462,7,4,4,3180
3311,complete,18,1019,11,6,6,2169
3312,complete,9,763,17,8,8,1233
3313,complete,25,2178,25,12,12,4845
3314,complete,8,458,17,8,8,1353
3315,complete,13,785,5,3,3,1534
3316,complete,12,843,20,8,8,1529
3317,complete,10,731,18,7,7,1366
3318,complete,17,1575,25,11,11,1983
3319,complete,5,406,26,8,8,918
3320,complete,16,1792,23,7,7,1599
3321,complete,14,1810,29,11,11,1463
3322,complete,15,1471,15,11,11,1715
3323,complete,12,1278,20,11,11,1401
3324,complete,15,1310,24,10,10,3075
3325,complete,15,1431,15,8,8,1757
3326,complete,21,1856,14,9,9,2848
3327,complete,12,1574,23,8,8,1340
3328,complete,16,2292,19,8,8,1530
3329,complete,19,1694,17,11,11,3923
3330,complete,11,1253,14,6,6,1363
3331,complete,9,881,11,7,7,1187
3332,complete,13,1141,25,10,10,1714
3333,complete,16,1653,14,8,8,1834
3334,complete,11,815,23,9,9,1498
3335,complete,14,846,20,9,9,1726
3336,complete,11,1077,25,8,8,1830
3337,complete,10,379,14,9,9,2189
3338,complete,19,2685,23,7,7,2379
3339,complete,11,1190,17,8,8,1348
3340,complete,21,1384,19,8,8,2412
3341,complete,8,702,22,7,7,1135
3342,complete,11,714,22,6,6,1389
3343,complete,18,2007,24,12,12,2106
3344,complete,11,1318,33,11,11,1324
3345,complete,9,902,16,8,8,1225
3346,complete,10,1275,29,9,9,1169
3347,complete,10,988,21,8,8,1335
3348,complete,12,1138,15,7,7,1334
3349,complete,16,1635,26,11,11,1748
3350,complete,9,856,26,7,7,1314
3351,complete,14,1592,22,9,9,1480
3352,complete,18,1909,14,7,7,1942
3353,complete,11,952,10,8,8,1441
3354,complete,8,817,29,10,10,1136
3355,complete,20,2547,18,9,9,2005
3356,complete,10,848,11,6,6,1177
3357,complete,12,1068,34,11,11,1664
3358,complete,17,2152,27,12,12,51110
3359,complete,16,1140,22,11,11,2116
3360,complete,16,1875,16,6,6,1541
3361,complete,16,1349,25,14,14,2145
3362,complete,10,550,12,6,6,1320
3363,complete,12,634,16,7,7,1561
3364,complete,9,961,9,3,3,1051
3365,complete,8,651,29,11,11,1191
3366,complete,11,1211,17,6,6,1274
3367,complete,18,1979,14,8,8,2215
3368,complete,11,1244,10,4,4,1235
3369,complete,22,1725,17,9,9,2385
3370,complete,10,751,25,11,11,1417
3371,complete,20,2507,28,13,13,2163
3372,complete,13,1024,17,7,7,1568
3373,complete,11,863,24,7,7,1500
3374,complete,15,1545,25,7,7,1755
3375,complete,8,1040,33,8,8,1032
3376,complete,12,1446,18,6,6,1249
3377,complete,10,1151,23,9,9,1234
3378,complete,11,1317,12,5,5,1115
3379,complete,15,1257,24,16,16,2005
3380,complete,25,2760,16,10,10,2390
3381,complete,14,1128,24,13,13,2448
3382,complete,13,1330,21,9,9,1524
3383,complete,22,2659,27,13,13,2551
3384,complete,10,724,4,4,4,1317
3385,complete,17,1444,19,10,10,2084
3386,complete,16,1858,16,11,11,1816
3387,complete,9,959,26,10,10,1479
3388,complete,22,1738,22,11,11,2783
3389,complete,13,1811,18,5,5,1324
3390,complete,20,1615,27,10,10,2495
3391,complete,5,296,29,10,10,955
3392,complete,22,2869,17,9,9,2088
3393,complete,16,1725,19,10,10,1772
3394,complete,18,1571,10,3,3,2203
3395,complete,12,1275,20,8,8,1285
3396,complete,7,584,21,10,10,1176
3397,complete,17,1677,27,13,13,2103
3398,complete,20,2499,28,13,13,2008
3399,complete,9,1065,30,10,10,1292
3400,complete,9,908,10,7,7,1179
3401,complete,10,885,22,7,7,1262
3402,complete,20,2938,11,7,7,1660
3403,complete,22,2768,21,9,9,870725
3404,complete,12,674,19,8,8,1584
3405,complete,12,984,27,13,13,1664
3406,complete,14,1879,19,8,8,1381
3407,complete,13,1578,25,9,9,1435
3408,complete,12,1396,20,9,9,1451
3409,complete,17,1083,20,8,8,2799
3410,complete,14,1256,20,11,11,2792
3411,complete,14,1163,23,7,7,3587
3412,complete,12,1244,20,7,7,1809
3413,complete,15,1101,21,8,8,2150
3414,complete,15,1260,20,10,10,21415
3415,complete,14,2001,22,8,8,1307
3416,complete,9,974,26,8,8,1227
3417,complete,15,1610,27,10,10,1664
3418,complete,10,1302,25,9,9,1163
3419,complete,14,1147,7,6,6,1668
3420,complete,14,761,24,11,11,2083
3421,complete,13,1225,16,8,8,1470
3422,complete,14,2052,32,9,9,1366
3423,complete,13,957,33,9,9,1827
3424,complete,21,2624,12,7,7,1850
3425,complete,20,2728,20,8,8,2008
3426,complete,19,2296,16,7,7,172582
3427,complete,22,2386,20,11,11,2728
3428,complete,14,1128,16,9,9,2529
3429,complete,24,3391,32,11,11,3895
3430,complete,15,1899,21,8,8,1501
3431,complete,20,2148,16,10,10,2343
3432,complete,9,1181,24,8,8,1053
3433,complete,21,3396,15,7,7,14477
3434,complete,10,900,28,9,9,1392
3435,complete,13,1137,24,9,9,1736
3436,complete,9,654,25,8,8,1630
3437,complete,11,1003,15,9,9,1979
3438,complete,10,1210,20,6,6,1269
3439,complete,23,2696,26,8,8,2260
3440,complete,12,1218,24,10,10,1591
3441,complete,12,1506,27,13,13,1374
3442,complete,13,1758,22,9,9,1376
3443,complete,28,3198,21,13,13,2802
3444,complete,9,625,26,9,9,1216
3445,complete,11,1195,12,6,6,1243
3446,complete,14,1000,22,11,11,1724
3447,complete,13,1346,17,8,8,1465
3448,complete,16,2164,27,11,11,1504
3449,complete,11,862,32,10,10,1489
3450,complete,13,735,32,14,14,1874
3451,complete,13,1511,9,6,6,1374
3452,complete,14,1909,18,6,6,1333
3453,complete,21,2939,12,7,7,1753
3454,complete,14,591,21,9,9,1865
3455,complete,11,1139,25,12,12,1377
3456,complete,16,1611,21,10,10,1736
3457,complete,8,552,23,8,8,1254
3458,complete,21,2707,23,10,10,3371
3459,complete,15,2182,14,4,4,1972
3460,complete,14,1314,16,8,8,1741
3461,complete,17,2236,16,8,8,2058
3462,complete,9,1157,26,8,8,1519
3463,complete,6,445,35,10,10,1371
3464,complete,8,1114,38,8,8,1318
3465,complete,10,531,23,11,11,3798
3466,complete,9,478,11,7,7,2038
3467,complete,17,2294,15,4,4,2194
3468,complete,19,2152,21,8,8,2550
3469,complete,15,1953,18,6,6,1445
3470,complete,19,1002,16,9,9,3617
3471,complete,19,1385,21,9,9,3155
3472,complete,19,1770,17,10,10,2466
3473,complete,12,1411,13,5,5,1219
3474,complete,9,622,20,9,9,1216
3475,complete,10,1188,26,11,11,1240
3476,complete,12,1216,15,7,7,1484
3477,complete,16,2086,21,8,8,1554
3478,complete,14,1498,17,7,7,2270
3479,complete,11,1194,17,6,6,1463
3480,complete,15,1357,12,7,7,1579
3481,complete,15,1442,19,10,10,1707
3482,complete,13,1156,13,7,7,1484
3483,complete,8,906,31,8,8,1088
3484,complete,25,2869,21,7,7,2894
3485,complete,11,1637,28,8,8,1295
3486,complete,16,1189,22,9,9,2127
3487,complete,12,1111,21,9,9,1577
3488,complete,13,944,16,8,8,1635
3489,complete,15,1168,19,11,11,1847
3490,complete,16,992,22,10,10,2022
3491,complete,20,2397,21,11,11,2031
3492,complete,10,848,14,5,5,1288
3493,complete,20,1889,17,11,11,2343
3494,complete,20,2087,20,10,10,2421
3495,complete,15,959,11,6,6,1768
3496,complete,16,1248,19,11,11,2871
3497,complete,10,504,30,14,14,2067
3498,complete,8,656,12,8,8,1472
3499,complete,12,1613,22,9,9,6004
3500,complete,14,1540,18,8,8,1467
3501,complete,18,1984,18,7,7,1920
3502,complete,11,1150,27,10,10,1333
3503,complete,9,791,16,10,10,1993
3504,complete,13,1150,16,9,9,1707
3505,complete,13,1500,14,8,8,1631
3506,complete,9,833,19,8,8,1299
3507,complete,22,3133,6,4,4,1866
3508,complete,17,1353,14,9,9,1958
3509,complete,9,740,19,7,7,1207
3510,complete,11,647,15,10,10,1560
3511,complete,12,1079,10,6,6,1480
3512,complete,13,705,25,9,9,1856
3513,complete,11,1080,27,11,11,1421
3514,complete,12,1207,19,7,7,1491
3515,complete,15,1659,26,11,11,728093
3516,complete,10,904,26,14,14,1969
3517,complete,8,1119,34,7,7,1396
3518,complete,12,737,17,9,9,2325
3519,complete,16,1312,18,4,4,1794
3520,complete,21,2658,19,8,8,2154
3521,complete,14,1521,13,9,9,1628
3522,complete,20,2476,18,8,8,2058
3523,complete,11,648,16,8,8,1525
3524,complete,10,899,21,8,8,1314
3525,complete,9,508,25,12,12,1559
3526,complete,10,643,27,9,9,1983
3527,complete,15,1312,16,10,10,2507
3528,complete,9,705,22,5,5,1686
3529,complete,12,1376,16,6,6,1267
3530,complete,14,1063,23,11,11,1650
3531,complete,22,2100,13,7,7,2400
3532,complete,21,2499,26,8,8,3261
3533,complete,10,1119,17,10,10,1234
3534,complete,8,763,28,10,10,1264
3535,complete,13,1007,22,9,9,1663
3536,complete,11,692,32,12,12,1696
3537,complete,17,1623,22,11,11,2289
3538,complete,11,1151,11,7,7,1312
3539,complete,12,673,21,10,10,1512
3540,complete,20,3398,30,10,10,1807
3541,complete,17,1829,26,8,8,1697
3542,complete,12,1086,23,10,10,1552
3543,complete,14,905,14,7,7,1878
3544,complete,11,952,23,9,9,1625
3545,complete,14,1812,17,7,7,2094
3546,complete,14,846,23,11,11,2859
3547,complete,20,3503,29,9,9,1770
3548,complete,21,2107,15,10,10,2474
3549,complete,10,893,34,13,13,1472
3550,complete,6,451,25,7,7,1064
3551,complete,8,754,20,8,8,1079
3552,complete,19,2722,23,11,11,1811
3553,complete,13,1688,14,8,8,1373
3554,complete,14,1009,16,9,9,1728
3555,complete,11,1157,21,9,9,1338
3556,complete,13,1882,24,4,4,1131
3557,complete,13,1590,16,6,6,1283
3558,complete,9,1204,30,8,8,1016
3559,complete,14,1636,22,7,7,1315
3560,complete,12,978,17,5,5,1393
3561,complete,18,2363,17,6,6,1696
3562,complete,17,1377,14,8,8,2264
3563,complete,31,3679,17,6,6,5766
3564,complete,9,901,24,11,11,1761
3565,complete,13,1382,15,8,8,1500
3566,complete,18,1726,21,7,7,6674
3567,complete,13,1799,21,9,9,1432
3568,complete,11,1492,15,7,7,1100
3569,complete,17,1827,13,4,4,1547
3570,complete,8,522,25,9,9,1225
3571,complete,6,611,36,8,8,1462
3572,complete,10,1004,21,7,7,1791
3573,complete,9,901,20,8,8,1759
3574,complete,10,639,24,7,7,1465
3575,complete,15,1588,20,6,6,1573
3576,complete,11,912,25,11,11,1406
3577,complete,15,1149,4,3,3,1466
3578,complete,18,1452,14,9,9,1987
3579,complete,6,613,40,8,8,901
3580,complete,9,1012,16,7,7,1458
3581,complete,12,1057,26,12,12,2168
3582,complete,10,550,22,7,7,1997
3583,complete,13,1716,13,7,7,1705
3584,complete,14,1560,13,5,5,1440
3585,complete,20,2065,23,11,11,2227
3586,complete,17,1456,19,9,9,1944
3587,complete,7,810,20,5,5,958
3588,complete,16,1900,25,14,14,1772
3589,complete,12,1384,28,9,9,1423
3590,complete,12,938,22,10,10,1657
3591,complete,17,1022,6,4,4,1888
3592,complete,10,1000,27,11,11,1244
3593,complete,7,594,26,8,8,958
3594,complete,16,1647,21,10,10,1804
3595,complete,9,1228,31,10,10,1131
3596,complete,16,2031,22,8,8,1826
3597,complete,14,1699,22,9,9,1437
3598,complete,16,1880,24,13,13,1629
3599,complete,13,1407,12,6,6,1424
3600,complete,18,1530,17,8,8,2031
3601,complete,18,1555,11,6,6,1820
3602,complete,9,627,18,10,10,1338
3603,complete,11,1400,19,8,8,1192
3604,complete,9,945,19,6,6,1121
3605,complete,10,797,20,9,9,1380
3606,complete,20,2505,30,14,14,12163
3607,complete,10,857,20,10,10,1380
3608,complete,9,770,19,10,10,1491
3609,complete,12,698,11,6,6,1571
3610,complete,12,1129,22,11,11,1719
3611,complete,10,932,29,7,7,1204
3612,complete,21,2616,15,6,6,2039
3613,complete,18,2000,17,12,12,2231
3614,complete,13,1619,16,4,4,2774
3615,complete,15,1155,27,11,11,1786
3616,complete,13,919,23,9,9,1504
3617,complete,7,628,24,9,9,1017
3618,complete,13,1448,6,4,4,1353
3619,complete,12,1122,23,9,9,1441
3620,complete,14,1439,23,12,12,2098
3621,complete,13,1058,16,9,9,2518
3622,complete,19,2519,13,5,5,2691
3623,complete,18,2375,29,9,9,1752
3624,complete,13,1807,13,6,6,1320
3625,complete,9,804,19,10,10,1390
3626,complete,7,725,19,8,8,1064
3627,complete,10,1042,14,6,6,977
3628,complete,9,738,17,7,7,1115
3629,complete,15,813,25,9,9,1955
3630,complete,12,805,16,10,10,1550
3631,complete,19,2010,22,10,10,1958
3632,complete,16,1286,30,14,14,2157
3633,complete,6,407,26,10,10,1408
3634,complete,14,1202,14,8,8,1929
3635,complete,12,1084,24,11,11,1676
3636,complete,14,1694,25,6,6,577462
3637,complete,19,1615,33,12,12,3227
3638,complete,15,1434,9,6,6,1550
3639,complete,11,1041,19,11,11,1332
3640,complete,13,1069,15,9,9,1698
3641,complete,11,748,14,8,8,1435
3642,complete,11,1002,31,14,14,1553
3643,complete,8,588,13,6,6,1095
3644,complete,15,995,9,6,6,2879
3645,complete,13,1059,14,7,7,1489
3646,complete,16,1775,19,11,11,1720
3647,complete,16,2155,28,9,9,1501
3648,complete,12,1525,26,8,8,1185
3649,complete,12,1123,20,12,12,169063
3650,complete,10,977,12,6,6,1155
3651,complete,6,511,16,6,6,902
3652,complete,9,961,24,7,7,1491
3653,complete,7,507,34,10,10,1117
3654,complete,7,556,23,9,9,1080
3655,complete,8,815,22,7,7,1120
3656,complete,14,1131,17,5,5,2172
3657,complete,14,1571,14,6,6,1997
3658,complete,12,1119,16,9,9,3110
3659,complete,11,1563,19,7,7,1186
3660,complete,13,1923,39,8,8,1532
3661,complete,15,1442,20,7,7,1838
3662,complete,11,1202,18,9,9,1456
3663,complete,11,810,30,11,11,1579
3664,complete,15,835,23,14,14,2761
3665,complete,9,1207,24,7,7,1096
3666,complete,9,538,28,9,9,1284
3667,complete,16,2422,20,9,9,1644
3668,complete,19,1235,28,11,11,5878
3669,complete,11,944,9,6,6,1353
3670,complete,19,1907,16,9,9,2070
3671,complete,15,1348,18,9,9,1895
3672,complete,7,501,27,9,9,1099
3673,complete,14,1734,16,6,6,1349
3674,complete,6,286,25,9,9,1026
3675,complete,14,1554,11,6,6,1433
3676,complete,12,1116,25,11,11,1628
3677,complete,10,907,17,6,6,1428
3678,complete,9,1144,30,9,9,2274
3679,complete,15,1185,19,11,11,2556
3680,complete,22,2556,26,9,9,2091
3681,complete,8,686,21,10,10,1206
3682,complete,15,2179,19,7,7,1408
3683,complete,14,1167,26,11,11,1759
3684,complete,12,1071,25,9,9,1483
3685,complete,7,650,19,7,7,990
3686,complete,15,2216,16,6,6,1772
3687,complete,7,727,31,10,10,986
3688,complete,10,953,19,8,8,1274
3689,complete,10,697,16,8,8,1324
3690,complete,15,1237,22,10,10,1723
3691,complete,18,1235,22,10,10,2238
3692,complete,11,1261,13,7,7,1250
3693,complete,15,1266,17,8,8,1778
3694,complete,8,619,23,9,9,1155
3695,complete,8,772,27,7,7,994
3696,complete,15,1221,19,9,9,1752
3697,complete,15,1111,18,9,9,1771
3698,complete,10,818,11,7,7,1216
3699,complete,19,1502,21,10,10,2303
3700,complete,13,1522,25,7,7,1483
3701,complete,16,1440,22,9,9,1861
3702,complete,10,1102,26,6,6,1159
3703,complete,13,1646,18,5,5,1404
3704,complete,18,1334,18,11,11,2290
3705,complete,17,1078,12,8,8,2184
3706,complete,12,1139,24,11,11,2077
3707,complete,13,1235,19,11,11,2201
3708,complete,7,600,22,11,11,1433
3709,complete,15,1314,26,10,10,2419
3710,complete,10,576,21,8,8,1426
3711,complete,13,1749,30,11,11,1382
3712,complete,12,1523,25,8,8,1286
3713,complete,8,376,32,9,9,1275
3714,complete,7,675,28,10,10,1189
3715,complete,21,2412,28,10,10,2370
3716,complete,15,1692,19,10,10,2097
3717,complete,10,1302,33,4,4,1449
3718,complete,11,1298,20,8,8,1235
3719,complete,8,894,32,10,10,1579
3720,complete,16,1970,19,4,4,1444
3721,complete,8,589,14,6,6,1067
3722,complete,13,484,32,12,12,1954
3723,complete,12,1419,20,7,7,1302
3724,complete,7,487,20,7,7,1060
3725,complete,14,1509,17,8,8,1641
3726,complete,13,1841,18,6,6,1247
3727,complete,19,2868,28,10,10,2567
3728,complete,11,806,16,10,10,1590
3729,complete,19,2220,21,8,8,1803
3730,complete,16,1803,10,7,7,1661
3731,complete,10,521,23,7,7,1318
3732,complete,20,1237,26,14,14,2480
3733,complete,17,1170,22,10,10,2257
3734,complete,14,2168,21,8,8,1436
3735,complete,9,621,13,8,8,1259
3736,complete,10,848,12,8,8,1284
3737,complete,13,841,8,6,6,1638
3738,complete,18,2389,10,3,3,1713
3739,complete,21,2718,12,5,5,716526
3740,complete,7,640,24,11,11,1126
3741,complete,19,1578,26,11,11,2434
3742,complete,18,1628,22,10,10,2206
3743,complete,15,1328,25,10,10,1685
3744,complete,11,779,14,8,8,1286
3745,complete,14,1750,37,4,4,1535
3746,complete,11,1334,25,10,10,1238
3747,complete,7,736,24,8,8,1054
3748,complete,14,1231,25,12,12,1850
3749,complete,10,1114,13,6,6,1215
3750,complete,21,2228,18,10,10,3579
3751,complete,14,1692,10,6,6,2341
3752,complete,11,903,15,7,7,1459
3753,complete,9,1122,33,11,11,1192
3754,complete,7,841,24,6,6,914
3755,complete,21,2724,16,7,7,2132
3756,complete,16,1557,23,9,9,1882
3757,complete,12,1403,29,8,8,1427
3758,complete,11,888,23,8,8,1430
3759,complete,16,1240,23,9,9,1937
3760,complete,14,1512,22,7,7,1534
3761,complete,12,1132,20,9,9,1479
3762,complete,12,781,28,7,7,1416
3763,complete,9,531,26,10,10,1316
3764,complete,18,1829,15,8,8,1926
3765,complete,17,1211,16,7,7,1957
3766,complete,14,2114,14,6,6,1247
3767,complete,29,2740,22,11,11,3417
3768,complete,11,1462,16,5,5,1109
3769,complete,11,748,6,5,5,1305
3770,complete,9,1186,38,8,8,1655
3771,complete,19,2214,20,10,10,2059
3772,complete,10,1295,21,6,6,14689
3773,complete,11,652,20,8,8,1438
3774,complete,27,3590,24,11,11,2636
3775,complete,15,1073,15,8,8,2416
3776,complete,22,2713,16,6,6,1994
3777,complete,20,2380,16,7,7,14666
3778,complete,12,1044,13,9,9,1634
3779,complete,10,1097,19,9,9,1095
3780,complete,16,795,16,7,7,1889
3781,complete,11,1121,13,7,7,1282
3782,complete,9,1034,32,10,10,1224
3783,complete,17,2440,11,6,6,2055
3784,complete,16,1385,12,6,6,1883
3785,complete,10,1215,17,5,5,1425
3786,complete,21,2839,33,11,11,2718
3787,complete,10,900,23,8,8,1948
3788,complete,14,1585,18,8,8,2069
3789,complete,21,3012,16,5,5,1926
3790,complete,21,2804,6,2,2,1666
3791,complete,13,787,27,10,10,2067
3792,complete,10,783,34,6,6,1289
3793,complete,8,648,28,12,12,1170
3794,complete,11,1037,16,8,8,1379
3795,complete,13,1081,23,12,12,1722
3796,complete,13,1051,27,10,10,1720
3797,complete,14,1909,25,9,9,1338
3798,complete,8,883,25,8,8,1545
3799,complete,12,1196,26,11,11,1363
3800,complete,11,603,18,7,7,1485
3801,complete,21,2724,16,9,9,2045
3802,complete,11,974,17,9,9,1329
3803,complete,14,1235,21,7,7,1682
3804,complete,11,1111,14,5,5,1241
3805,complete,10,968,21,8,8,1341
3806,complete,7,717,23,7,7,979
3807,complete,19,1711,15,7,7,2180
3808,complete,13,980,19,10,10,1634
3809,complete,16,2074,15,7,7,1813
3810,complete,13,1459,19,7,7,1437
3811,complete,11,1320,34,8,8,1286
3812,complete,12,704,21,8,8,1611
3813,complete,16,1740,13,7,7,1588
3814,complete,12,1576,16,10,10,1382
3815,complete,16,1566,10,6,6,1653
3816,complete,25,2821,17,8,8,2603
3817,complete,5,424,27,8,8,902
3818,complete,9,911,33,9,9,1195
3819,complete,11,1376,43,14,14,1617
3820,complete,20,1698,21,9,9,2387
3821,complete,17,1704,38,13,13,2103
3822,complete,16,1467,15,8,8,10688
3823,complete,20,2243,21,8,8,2914
3824,complete,16,1000,24,9,9,1928
3825,complete,11,1389,13,5,5,1428
3826,complete,10,670,13,7,7,1714
3827,complete,15,1451,13,7,7,2152
3828,complete,13,801,27,10,10,2336
3829,complete,16,2015,28,10,10,966296
3830,complete,22,2292,14,5,5,17950
3831,complete,13,1683,26,5,5,1368
3832,complete,12,964,28,9,9,1687
3833,complete,10,1097,19,8,8,1188
3834,complete,8,673,32,8,8,1141
3835,complete,19,1559,21,11,11,2189
3836,complete,10,1111,18,7,7,1331
3837,complete,13,1027,22,9,9,1677
3838,complete,18,2179,16,10,10,1948
3839,complete,8,860,24,7,7,1062
3840,complete,8,636,14,6,6,1199
3841,complete,13,1077,16,10,10,1520
3842,complete,12,1618,24,9,9,1265
3843,complete,8,953,14,7,7,970
3844,complete,12,746,22,11,11,1749
3845,complete,13,875,15,10,10,1662
3846,complete,6,323,23,8,8,1029
3847,complete,10,1294,15,8,8,1178
3848,complete,19,1707,24,10,10,2190
3849,complete,14,1588,29,8,8,2464
3850,complete,13,1332,36,8,8,2493
3851,complete,16,1432,24,13,13,108324
3852,complete,15,737,15,10,10,1994
3853,complete,11,1318,26,9,9,4082
3854,complete,14,1346,27,9,9,1561
3855,complete,13,1488,30,10,10,113613
3856,complete,14,1181,13,7,7,1780
3857,complete,9,1048,26,6,6,1133
3858,complete,15,1842,23,9,9,1656
3859,complete,19,1656,13,7,7,2128
3860,complete,16,1546,23,10,10,2877
3861,complete,14,1581,24,11,11,2614
3862,complete,10,826,25,12,12,1461
3863,complete,29,2845,20,11,11,3888
3864,complete,7,649,21,6,6,1030
3865,complete,15,1194,15,7,7,2016
3866,complete,13,950,19,10,10,1589
3867,complete,10,940,28,9,9,1428
3868,complete,16,1814,25,7,7,1548
3869,complete,13,1239,24,9,9,2493
3870,complete,20,1881,14,6,6,2117
3871,complete,12,1136,31,10,10,1668
3872,complete,17,1310,19,9,9,2065
3873,complete,18,2081,39,12,12,1986
3874,complete,12,860,25,11,11,1517
3875,complete,14,761,18,10,10,1816
3876,complete,19,2062,17,5,5,1820
3877,complete,9,968,13,6,6,997
3878,complete,17,1809,17,10,10,2460
3879,complete,10,964,24,13,13,1960
3880,complete,12,1236,17,9,9,1991
3881,complete,16,1229,16,6,6,2632
3882,complete,10,1409,15,5,5,1198
3883,complete,15,1515,16,11,11,1693
3884,complete,17,1561,17,7,7,1947
3885,complete,11,902,13,8,8,1342
3886,complete,22,2232,8,5,5,2052
3887,complete,11,1282,22,9,9,1140
3888,complete,13,1136,29,10,10,1683
3889,complete,15,1093,18,9,9,1738
3890,complete,16,1474,14,8,8,1800
3891,complete,8,575,21,10,10,1215
3892,complete,22,1962,28,8,8,2576
3893,complete,8,463,16,6,6,1119
3894,complete,12,761,11,8,8,1525
3895,complete,16,1071,15,11,11,2198
3896,complete,8,621,21,12,12,1106
3897,complete,15,1336,26,10,10,1904
3898,complete,15,1341,24,5,5,2015
3899,complete,13,1739,26,7,7,1399
3900,complete,8,786,14,6,6,1060
3901,complete,24,2119,16,9,9,3555
3902,complete,15,1485,11,4,4,2140
3903,complete,20,2084,22,14,14,3106
3904,complete,12,904,28,11,11,3043
3905,complete,20,2063,14,7,7,91717
3906,complete,13,1394,24,7,7,1322
3907,complete,14,848,20,11,11,2050
3908,complete,10,1406,25,6,6,1027
3909,complete,14,1698,21,7,7,1448
3910,complete,9,1310,28,7,7,1093
3911,complete,12,1116,21,11,11,1335
3912,complete,18,1704,32,8,8,2206
3913,complete,10,867,20,13,13,1353
3914,complete,17,2123,10,4,4,1508
3915,complete,10,905,17,8,8,1161
3916,complete,12,1087,29,12,12,1628
3917,complete,10,1066,24,10,10,1291
3918,complete,14,879,21,10,10,1725
3919,complete,15,2056,23,6,6,63537
3920,complete,9,1002,31,6,6,1079
3921,complete,10,1077,12,6,6,1134
3922,complete,16,2140,20,9,9,1676
3923,complete,11,954,32,12,12,1784
3924,complete,8,382,17,8,8,1632
3925,complete,13,589,20,10,10,2453
3926,complete,7,468,20,7,7,1327
3927,complete,16,1947,15,8,8,1615
3928,complete,14,1207,19,9,9,1758
3929,complete,27,3599,30,8,8,2569
3930,complete,12,925,16,9,9,1481
3931,complete,14,1609,13,8,8,1589
3932,complete,6,392,15,8,8,997
3933,complete,22,1848,24,12,12,3863
3934,complete,20,1684,18,7,7,2511
3935,complete,16,1619,23,11,11,2010
3936,complete,15,1992,17,6,6,1263
3937,complete,11,875,10,7,7,1563
3938,complete,13,1316,22,9,9,1563
3939,complete,12,1185,18,8,8,1507
3940,complete,13,1522,16,9,9,1388
3941,complete,11,1276,12,7,7,1225
3942,complete,8,703,21,9,9,1162
3943,complete,17,1874,17,7,7,5370
3944,complete,16,1289,30,11,11,2829
3945,complete,13,957,21,9,9,1862
3946,complete,5,277,23,8,8,849
3947,complete,23,3321,22,10,10,2220
3948,complete,8,1023,29,5,5,942
3949,complete,10,1256,27,9,9,1128
3950,complete,8,844,37,9,9,1085
3951,complete,8,677,16,8,8,1114
3952,complete,13,975,12,8,8,2800
3953,complete,11,1674,37,8,8,1067
3954,complete,18,2461,16,7,7,11134
3955,complete,15,1034,16,9,9,2513
3956,complete,10,589,25,7,7,1321
3957,complete,10,967,19,10,10,1496
3958,complete,24,1410,19,12,12,2790
3959,complete,14,1013,17,7,7,1760
3960,complete,18,1639,16,8,8,2015
3961,complete,7,415,28,11,11,1278
3962,complete,16,986,29,11,11,2064
3963,complete,12,1496,24,11,11,1316
3964,complete,20,1807,13,5,5,2662
3965,complete,14,1003,15,6,6,1750
3966,complete,13,921,20,11,11,1631
3967,complete,11,1078,21,8,8,1336
3968,complete,15,2064,14,8,8,1525
3969,complete,10,767,20,11,11,1605
3970,complete,13,1723,17,8,8,1222
3971,complete,18,2448,18,10,10,1671
3972,complete,12,1685,17,9,9,1261
3973,complete,15,2116,11,5,5,1244
3974,complete,13,1565,22,10,10,1461
3975,complete,9,597,13,7,7,1192
3976,complete,15,1659,20,7,7,1620
3977,complete,12,979,22,10,10,1643
3978,complete,16,1393,14,7,7,3326
3979,complete,6,457,29,8,8,964
3980,complete,12,811,22,10,10,1686
3981,complete,13,1245,15,9,9,1522
3982,complete,12,531,19,9,9,1614
3983,complete,14,1267,11,8,8,1612
3984,complete,13,1268,20,7,7,1426
3985,complete,10,1109,9,3,3,1303
3986,complete,11,1204,28,9,9,1245
3987,complete,21,1855,26,12,12,2584
3988,complete,12,1183,15,10,10,1588
3989,complete,17,2550,19,6,6,1482
3990,complete,13,1362,18,9,9,1515
3991,complete,17,1710,12,7,7,2384
3992,complete,14,909,12,7,7,2206
3993,complete,18,2236,23,12,12,2087
3994,complete,17,1544,14,6,6,1969
3995,complete,9,680,27,10,10,1231
3996,complete,10,784,18,7,7,1248
3997,complete,19,1858,12,6,6,1849
3998,complete,16,1719,26,7,7,1711
3999,complete,12,907,19,8,8,1560
4000,complete,12,1108,18,11,11,1616
4001,complete,22,1291,23,7,7,2843
4002,complete,19,1640,14,6,6,2578
4003,complete,6,324,32,10,10,1340
4004,complete,17,1999,17,9,9,3147
4005,complete,15,1250,20,9,9,2281
4006,complete,9,655,28,13,13,2200
4007,complete,7,323,24,10,10,1204
4008,complete,18,1527,18,10,10,2324
4009,complete,11,1514,16,6,6,1132
4010,complete,12,835,31,8,8,1356
4011,complete,11,1477,26,8,8,1114
4012,complete,34,4640,18,8,8,3479
4013,complete,16,1683,22,8,8,1885
4014,complete,15,1554,18,10,10,1701
4015,complete,20,1638,21,9,9,2344
4016,complete,11,1181,17,9,9,1448
4017,complete,13,1312,16,7,7,1366
4018,complete,12,1476,19,8,8,1251
4019,complete,14,962,15,12,12,2028
4020,complete,18,2797,17,7,7,1494
4021,complete,4,330,28,6,6,697
4022,complete,21,2211,19,10,10,3313
4023,complete,16,2130,20,12,12,1560
4024,complete,18,1876,16,9,9,1838
4025,complete,10,1094,17,7,7,1604
4026,complete,21,1766,9,6,6,3293
4027,complete,16,1854,40,7,7,42017
4028,complete,9,1010,26,10,10,1237
4029,complete,18,2085,27,8,8,1847
4030,complete,10,621,27,9,9,1280
4031,complete,19,2455,7,5,5,2582
4032,complete,11,1174,17,7,7,1202
4033,complete,14,998,27,14,14,1718
4034,complete,13,1063,14,5,5,1975
4035,complete,9,1305,37,9,9,2308
4036,complete,16,1445,27,6,6,20900
4037,complete,18,2437,19,11,11,1799
4038,complete,21,2507,15,8,8,1891
4039,complete,14,1208,18,9,9,1672
4040,complete,11,1296,14,3,3,1604
4041,complete,18,1435,11,5,5,2545
4042,complete,13,1585,26,6,6,2131
4043,complete,13,1781,32,11,11,1435
4044,complete,14,896,18,8,8,1719
4045,complete,10,989,19,10,10,1363
4046,complete,12,1176,17,9,9,1470
4047,complete,12,1046,18,7,7,2107
4048,complete,13,1682,20,6,6,1462
4049,complete,13,1417,25,10,10,1472
4050,complete,24,3302,19,9,9,1092413
4051,complete,16,1653,18,11,11,1886
4052,complete,17,1899,13,8,8,1854
4053,complete,20,2213,8,4,4,1868
4054,complete,12,1086,14,8,8,1411
4055,complete,9,739,16,8,8,1293
4056,complete,7,378,18,7,7,1057
4057,complete,15,1098,28,12,12,1912
4058,complete,6,619,40,8,8,1001
4059,complete,16,1901,17,9,9,1656
4060,complete,23,2862,13,8,8,2251
4061,complete,14,1543,22,7,7,1510
4062,complete,16,2149,20,10,10,1661
4063,complete,15,1924,18,9,9,1613
4064,complete,15,1743,27,12,12,1728
4065,complete,9,683,22,12,12,1253
4066,complete,18,2367,14,8,8,4644
4067,complete,13,1146,18,9,9,1622
4068,complete,12,626,24,12,12,1661
4069,complete,13,959,12,6,6,1692
4070,complete,14,942,20,8,8,1723
4071,complete,12,977,21,8,8,1429
4072,complete,21,2305,18,12,12,2282
4073,complete,10,1124,17,9,9,1196
4074,complete,12,1506,16,7,7,1319
4075,complete,16,729,34,12,12,2156
4076,complete,15,1489,11,6,6,2196
4077,complete,20,1919,16,7,7,2215
4078,complete,27,3505,24,11,11,2664
4079,complete,13,1072,18,10,10,1597
4080,complete,16,1227,31,10,10,1938
4081,complete,14,1320,16,7,7,5699
4082,complete,7,735,16,7,7,1425
4083,complete,16,2093,19,7,7,2220
4084,complete,9,566,12,9,9,1344
4085,complete,15,923,21,8,8,1929
4086,complete,21,2394,26,12,12,10215
4087,complete,12,504,22,8,8,1875
4088,complete,10,833,17,8,8,1187
4089,complete,21,2721,24,9,9,1937
4090,complete,12,812,20,10,10,1630
4091,complete,13,1167,18,7,7,1441
4092,complete,14,1412,18,8,8,2343
4093,complete,12,748,23,12,12,1759
4094,complete,14,1273,16,5,5,1557
4095,complete,15,1030,26,13,13,2034
4096,complete,10,1162,31,12,12,1381
4097,complete,10,954,13,5,5,1215
4098,complete,11,1301,12,5,5,1156
4099,complete,12,1468,18,10,10,1392
4100,complete,17,1833,11,5,5,1708
4101,complete,16,1657,25,10,10,1879
4102,complete,22,2732,15,9,9,2014
4103,complete,11,996,19,8,8,1339
4104,complete,11,934,13,7,7,1452
4105,complete,12,1390,13,6,6,2209
4106,complete,10,934,17,9,9,1935
4107,complete,14,2213,28,6,6,1845
4108,complete,9,1030,19,8,8,1613
4109,complete,12,1051,12,6,6,1457
4110,complete,14,1307,28,9,9,1684
4111,complete,8,469,22,9,9,1159
4112,complete,14,993,24,13,13,1851
4113,complete,13,1760,24,9,9,1313
4114,complete,10,664,18,9,9,1382
4115,complete,16,1177,22,11,11,1780
4116,complete,10,984,27,10,10,1223
4117,complete,10,1167,25,11,11,1197
4118,complete,11,1063,31,12,12,1497
4119,complete,18,2318,17,8,8,1536
4120,complete,12,1075,15,8,8,1495
4121,complete,14,1827,18,6,6,1342
4122,complete,15,1917,25,5,5,1356
4123,complete,12,1003,22,9,9,1484
4124,complete,6,468,17,8,8,895
4125,complete,17,2122,22,9,9,10855
4126,complete,10,853,17,7,7,1449
4127,complete,13,725,18,13,13,2076
4128,complete,11,1024,30,12,12,1378
4129,complete,20,1543,17,10,10,6843
4130,complete,10,936,29,10,10,1569
4131,complete,22,1850,29,15,15,2840
4132,complete,17,1762,18,10,10,1749
4133,complete,11,1008,21,9,9,1361
4134,complete,11,1203,29,11,11,1428
4135,complete,25,2796,19,10,10,2591
4136,complete,11,1277,15,8,8,1176
4137,complete,12,808,20,6,6,1591
4138,complete,9,1022,23,10,10,1254
4139,complete,9,963,22,8,8,1249
4140,complete,13,1209,25,9,9,1603
4141,complete,11,970,15,5,5,1382
4142,complete,15,1423,17,9,9,1742
4143,complete,12,1698,35,8,8,1187
4144,complete,11,1012,11,5,5,1255
4145,complete,21,2657,28,7,7,2019
4146,complete,22,1850,11,8,8,2453
4147,complete,30,3917,22,9,9,2679
4148,complete,9,789,20,10,10,1236
4149,complete,8,763,23,9,9,1206
4150,complete,9,658,21,8,8,1248
4151,complete,6,645,29,6,6,832
4152,complete,13,1311,24,11,11,1577
4153,complete,6,733,31,7,7,925
4154,complete,13,1532,8,5,5,1297
4155,complete,12,1366,22,11,11,1449
4156,complete,21,1791,15,8,8,2533
4157,complete,13,1319,15,8,8,1438
4158,complete,14,1093,15,6,6,1571
4159,complete,16,1762,23,10,10,1750
4160,complete,16,1865,13,6,6,1567
4161,complete,22,1540,17,10,10,2549
4162,complete,13,1549,27,8,8,3411
4163,complete,17,2655,19,9,9,1583
4164,complete,15,996,20,8,8,1865
4165,complete,15,1449,17,7,7,1618
4166,complete,24,3290,26,12,12,2699
4167,complete,10,428,29,8,8,1472
4168,complete,14,945,29,13,13,2019
4169,complete,7,834,27,8,8,1049
4170,complete,15,1647,17,8,8,3954
4171,complete,12,1061,17,10,10,1568
4172,complete,12,1282,13,7,7,1411
4173,complete,12,898,24,7,7,1639
4174,complete,11,1189,19,7,7,1668
4175,complete,17,1552,26,10,10,2135
4176,complete,11,631,17,8,8,1402
4177,complete,10,940,16,7,7,1321
4178,complete,9,1014,16,8,8,1428
4179,complete,16,1580,15,8,8,2027
4180,complete,21,1488,18,8,8,3111
4181,complete,16,1645,11,7,7,2440
4182,complete,9,906,26,8,8,1500
4183,complete,12,1002,22,10,10,1420
4184,complete,14,1284,24,13,13,1872
4185,complete,13,1072,13,6,6,1585
4186,complete,10,1178,17,7,7,1264
4187,complete,17,1615,10,5,5,2192
4188,complete,13,1134,14,8,8,2353
4189,complete,16,737,27,14,14,12158
4190,complete,10,898,31,8,8,1314
4191,complete,12,1073,21,10,10,1785
4192,complete,13,1725,17,8,8,1326
4193,complete,10,1083,26,9,9,1317
4194,complete,16,1435,16,10,10,2000
4195,complete,15,663,16,9,9,2002
4196,complete,12,997,12,6,6,1381
4197,complete,23,2311,23,13,13,2601
4198,complete,8,459,22,10,10,1183
4199,complete,9,705,21,7,7,1444
4200,complete,14,1313,27,9,9,2541
4201,complete,10,1311,37,13,13,1884
4202,complete,6,590,35,8,8,960
4203,complete,5,305,28,6,6,1063
4204,complete,15,1879,29,9,9,1764
4205,complete,8,697,23,9,9,1055
4206,complete,20,2703,21,8,8,2157
4207,complete,15,1763,18,5,5,1342
4208,complete,9,447,20,12,12,1424
4209,complete,16,1891,26,11,11,1731
4210,complete,13,1052,18,10,10,1621
4211,complete,11,801,13,8,8,1443
4212,complete,8,823,24,9,9,1066
4213,complete,6,387,32,12,12,1108
4214,complete,20,2138,24,6,6,2018
4215,complete,22,1521,24,8,8,6965
4216,complete,12,1201,23,10,10,1556
4217,complete,17,2188,18,9,9,1939
4218,complete,16,1543,14,8,8,1737
4219,complete,11,1185,44,9,9,1464
4220,complete,16,1777,12,7,7,1710
4221,complete,12,1511,25,12,12,1398
4222,complete,9,918,8,5,5,1024
4223,complete,10,1202,26,8,8,1129
4224,complete,9,976,24,6,6,1116
4225,complete,11,926,27,12,12,1449
4226,complete,9,1116,18,8,8,1255
4227,complete,11,1181,20,7,7,1258
4228,complete,10,635,29,12,12,2015
4229,complete,14,1334,20,9,9,2174
4230,complete,15,1085,18,10,10,1839
4231,complete,21,2758,18,6,6,2331
4232,complete,11,1354,26,8,8,1820
4233,complete,9,707,7,7,7,1678
4234,complete,14,1437,14,8,8,1879
4235,complete,13,1419,17,7,7,2530
4236,complete,10,1176,16,8,8,1375
4237,complete,17,1607,20,11,11,2552
4238,complete,6,656,29,6,6,1105
4239,complete,15,1972,15,7,7,2017
4240,complete,8,632,16,9,9,1692
4241,complete,9,979,23,10,10,1763
4242,complete,17,1072,28,9,9,2194
4243,complete,12,1614,23,9,9,1616
4244,complete,10,644,13,6,6,1418
4245,complete,13,1513,8,6,6,1439
4246,complete,14,1686,19,12,12,1800
4247,complete,10,851,11,7,7,1298
4248,complete,8,860,14,5,5,891
4249,complete,15,998,12,5,5,2099
4250,complete,14,1684,15,7,7,1695
4251,complete,11,1316,28,8,8,1343
4252,complete,18,1196,14,9,9,2252
4253,complete,18,1442,15,7,7,1814
4254,complete,12,1482,13,5,5,1296
4255,complete,12,810,17,6,6,1595
4256,complete,8,553,22,10,10,1131
4257,complete,17,2602,30,8,8,1689
4258,complete,8,775,20,6,6,1102
4259,complete,16,2312,20,11,11,1498
4260,complete,14,1215,28,11,11,1775
4261,complete,12,975,16,12,12,1692
4262,complete,9,1263,11,6,6,1125
4263,complete,18,1982,21,9,9,1909
4264,complete,13,991,21,9,9,1563
4265,complete,17,1595,23,13,13,3605
4266,complete,9,608,21,6,6,1371
4267,complete,13,1242,32,14,14,1586
4268,complete,15,1270,23,10,10,1742
4269,complete,12,1156,26,11,11,1523
4270,complete,16,1170,21,9,9,2067
4271,complete,10,1229,16,7,7,1038
4272,complete,14,1759,22,8,8,1633
4273,complete,9,927,22,8,8,1269
4274,complete,9,1001,31,12,12,1208
4275,complete,10,881,22,9,9,1288
4276,complete,13,843,20,7,7,2174
4277,complete,10,1020,18,6,6,1937
4278,complete,7,825,25,6,6,1620
4279,complete,23,2751,22,12,12,2293
4280,complete,7,904,20,7,7,915
4281,complete,15,1323,16,8,8,1623
4282,complete,14,1561,16,10,10,1538
4283,complete,15,1101,15,6,6,1827
4284,complete,15,1717,11,5,5,1449
4285,complete,8,811,11,5,5,978
4286,complete,12,1688,24,11,11,1313
4287,complete,13,959,21,8,8,2693
4288,complete,17,1625,34,12,12,2301
4289,complete,9,503,26,9,9,1385
4290,complete,16,1637,13,8,8,4396
4291,complete,13,1366,36,9,9,1537
4292,complete,8,506,24,12,12,1224
4293,complete,13,1195,17,9,9,1443
4294,complete,21,2477,17,8,8,2003
4295,complete,24,3255,16,10,10,2058
4296,complete,8,727,30,7,7,1104
4297,complete,13,1288,29,11,11,1550
4298,complete,8,634,12,6,6,1196
4299,complete,14,1444,19,9,9,6545
4300,complete,22,2675,8,5,5,2091
4301,complete,10,1381,27,9,9,1257
4302,complete,12,799,22,9,9,1836
4303,complete,12,1570,31,9,9,1879
4304,complete,11,561,21,10,10,2211
4305,complete,12,1408,20,7,7,1881
4306,complete,16,1719,16,7,7,2398
4307,complete,13,1614,28,7,7,1398
4308,complete,12,1341,14,5,5,1402
4309,complete,15,1637,16,6,6,1605
4310,complete,16,1422,14,11,11,1862
4311,complete,16,1949,24,10,10,1638
4312,complete,17,1367,15,10,10,2125
4313,complete,18,1954,22,8,8,2725
4314,complete,4,213,26,7,7,1162
4315,complete,11,856,21,11,11,2154
4316,complete,14,1894,37,12,12,1599
4317,complete,18,1710,14,7,7,2018
4318,complete,15,1405,22,11,11,2065
4319,complete,13,1044,23,10,10,1620
4320,complete,16,2112,32,11,11,1766
4321,complete,16,1976,15,9,9,1616
4322,complete,18,1756,17,6,6,1946
4323,complete,7,835,20,4,4,965
4324,complete,11,1454,33,9,9,1639
4325,complete,20,1478,23,12,12,4878
4326,complete,8,565,25,10,10,1667
4327,complete,19,2136,32,17,17,3975
4328,complete,17,1880,23,10,10,2558
4329,complete,10,968,18,9,9,2340
4330,complete,17,1615,9,5,5,2385
4331,complete,10,1124,28,11,11,1889
4332,complete,17,1418,16,9,9,2542
4333,complete,16,1210,30,13,13,2773
4334,complete,17,1902,27,11,11,2687
4335,complete,11,1572,17,6,6,1610
4336,complete,9,809,23,10,10,1651
4337,complete,11,1050,24,13,13,1955
4338,complete,11,1035,23,10,10,1935
4339,complete,13,1723,22,4,4,1709
4340,complete,18,1880,18,7,7,2559
4341,complete,17,2185,17,9,9,2262
4342,complete,7,480,21,9,9,1363
4343,complete,20,1773,24,14,14,2946
4344,complete,6,516,20,7,7,1224
4345,complete,14,1725,20,7,7,45180
4346,complete,16,822,22,10,10,2042
4347,complete,20,2650,11,6,6,1716
4348,complete,11,1402,38,7,7,1191
4349,complete,15,1763,28,15,15,1706
4350,complete,11,777,17,9,9,1406
4351,complete,6,415,15,9,9,1319
4352,complete,11,1060,16,7,7,1704
4353,complete,17,1134,30,11,11,2859
4354,complete,15,1668,18,7,7,330898
4355,complete,8,835,21,8,8,1055
4356,complete,14,1528,21,9,9,1376
4357,complete,11,1251,15,7,7,1261
4358,complete,7,653,10,6,6,940
4359,complete,11,1054,19,9,9,1275
4360,complete,10,691,19,9,9,1297
4361,complete,15,1584,13,9,9,1636
4362,complete,13,1005,18,10,10,1740
4363,complete,14,750,19,11,11,2243
4364,complete,12,1659,14,6,6,1107
4365,complete,11,1279,11,8,8,1230
4366,complete,6,615,30,8,8,937
4367,complete,11,863,25,12,12,1469
4368,complete,10,1098,20,9,9,1163
4369,complete,10,1036,25,8,8,1167
4370,complete,16,1652,16,9,9,1594
4371,complete,15,1122,27,10,10,1758
4372,complete,15,1079,23,9,9,2726
4373,complete,12,1555,12,6,6,1145
4374,complete,12,1140,21,12,12,1579
4375,complete,10,921,9,5,5,1163
4376,complete,10,1089,23,12,12,1272
4377,complete,13,1815,24,10,10,1341
4378,complete,10,932,16,9,9,1176
4379,complete,24,2736,15,10,10,2345
4380,complete,11,1098,13,8,8,1227
4381,complete,16,943,17,6,6,1734
4382,complete,9,803,21,9,9,1167
4383,complete,14,1341,14,7,7,1552
4384,complete,30,3728,37,10,10,4833
4385,complete,9,974,33,13,13,1307
4386,complete,12,1235,17,8,8,1298
4387,complete,12,1489,15,7,7,1283
4388,complete,23,2632,11,5,5,2942
4389,complete,13,1730,15,8,8,1495
4390,complete,9,507,35,9,9,1350
4391,complete,16,2215,22,6,6,1779
4392,complete,13,1822,25,10,10,1252
4393,complete,19,2918,27,7,7,6857
4394,complete,9,1171,20,8,8,1056
4395,complete,12,683,30,14,14,1742
4396,complete,14,1900,19,9,9,2467
4397,complete,11,1146,19,9,9,1930
4398,complete,11,1256,15,10,10,1994
4399,complete,7,762,25,7,7,1036
4400,complete,8,407,30,10,10,1237
4401,complete,7,617,25,6,6,933
4402,complete,14,1339,17,11,11,2083
4403,complete,13,1078,28,7,7,1954
4404,complete,10,755,14,7,7,1852
4405,complete,23,3240,24,11,11,2846
4406,complete,8,832,27,8,8,1435
4407,complete,11,907,20,7,7,1975
4408,complete,10,793,19,11,11,1800
4409,complete,22,2018,28,12,12,4209
4410,complete,11,975,19,12,12,1410
4411,complete,14,1207,22,9,9,2263
4412,complete,13,1768,20,10,10,2034
4413,complete,13,1175,21,8,8,7392
4414,complete,17,1561,12,8,8,2496
4415,complete,15,2114,34,9,9,1998
4416,complete,18,2280,11,5,5,46221
4417,complete,10,896,18,8,8,1525
4418,complete,18,1812,21,8,8,1902
4419,complete,9,531,13,2,2,1113
4420,complete,8,690,26,8,8,1175
4421,complete,20,1836,18,11,11,2652
4422,complete,9,831,13,7,7,1202
4423,complete,9,559,20,8,8,1432
4424,complete,10,1322,16,7,7,1137
4425,complete,7,425,24,10,10,1175
4426,complete,7,473,21,10,10,1025
4427,complete,13,941,20,9,9,1431
4428,complete,24,2877,6,4,4,2092
4429,complete,10,605,17,10,10,1467
4430,complete,8,644,18,11,11,1177
4431,complete,12,1548,29,7,7,1362
4432,complete,21,2094,16,11,11,2047
4433,complete,15,1568,11,5,5,1535
4434,complete,16,1776,24,12,12,3813
4435,complete,16,1655,29,11,11,1728
4436,complete,12,923,29,12,12,1554
4437,complete,16,2023,12,8,8,1613
4438,complete,9,1018,18,6,6,1363
4439,complete,10,617,35,11,11,2099
4440,complete,14,859,19,10,10,2207
4441,complete,15,1403,18,10,10,2509
4442,complete,12,761,24,9,9,2180
4443,complete,28,4206,15,9,9,3782
4444,complete,9,715,7,5,5,1158
4445,complete,16,2250,28,9,9,2574
4446,complete,14,1283,37,14,14,4312
4447,complete,19,2608,19,9,9,1819
4448,complete,14,1705,8,6,6,1442
4449,complete,18,1418,15,6,6,2671
4450,complete,15,1268,22,6,6,2623
4451,complete,12,1509,21,4,4,1769
4452,complete,6,723,27,8,8,1203
4453,complete,7,443,10,6,6,1362
4454,complete,8,630,19,9,9,1613
4455,complete,10,1176,19,9,9,1459
4456,complete,8,617,25,9,9,1578
4457,complete,26,2426,17,7,7,3942
4458,complete,12,1373,17,6,6,1825
4459,complete,6,644,25,7,7,1200
4460,complete,20,2467,23,11,11,210774
4461,complete,16,2437,31,9,9,2337
4462,complete,16,1988,23,7,7,2179
4463,complete,10,733,30,9,9,2018
4464,complete,12,1501,20,8,8,1660
4465,complete,16,2169,23,10,10,6761
4466,complete,8,927,32,8,8,987
4467,complete,10,1125,14,7,7,1210
4468,complete,13,814,30,13,13,1767
4469,complete,10,1361,19,6,6,1239
4470,complete,16,2025,22,9,9,9972
4471,complete,19,2192,25,9,9,2529
4472,complete,5,407,18,5,5,791
4473,complete,10,1438,18,9,9,1487
4474,complete,16,2183,12,6,6,2002
4475,complete,13,1182,16,9,9,1969
4476,complete,10,1043,27,7,7,1772
4477,complete,8,724,27,8,8,1575
4478,complete,13,696,9,5,5,2102
4479,complete,10,813,11,7,7,1787
4480,complete,18,1908,22,11,11,2612
4481,complete,18,1168,20,10,10,2903
4482,complete,14,1279,14,7,7,2126
4483,complete,23,2085,12,7,7,3310
4484,complete,17,1991,25,14,14,2458
4485,complete,16,2396,25,12,12,2365
4486,complete,9,855,15,7,7,1440
4487,complete,12,1352,29,8,8,1919
4488,complete,11,1143,30,10,10,1887
4489,complete,10,1274,32,6,6,1062
4490,complete,10,1158,25,8,8,1650
4491,complete,13,801,12,8,8,2495
4492,complete,17,1983,32,11,11,2057
4493,complete,7,619,32,10,10,1095
4494,complete,11,848,21,8,8,1554
4495,complete,11,1168,30,9,9,1942
4496,complete,12,950,16,6,6,1854
4497,complete,8,850,29,10,10,3104
4498,complete,17,1284,15,8,8,2903
4499,complete,11,828,18,7,7,1915
4500,complete,19,1855,20,9,9,2807
4501,complete,14,1985,12,9,9,2064
4502,complete,8,676,29,8,8,1489
4503,complete,10,928,19,7,7,1901
4504,complete,13,1226,33,13,13,2449
4505,complete,14,1420,15,7,7,1981
4506,complete,11,544,25,11,11,2087
4507,complete,10,622,22,7,7,1830
4508,complete,8,509,19,10,10,1739
4509,complete,15,2037,16,8,8,17762
4510,complete,11,585,23,7,7,1611
4511,complete,11,1148,19,9,9,1653
4512,complete,12,1312,16,9,9,2235
4513,complete,17,1809,14,8,8,1923
4514,complete,23,2481,33,13,13,2342
4515,complete,15,2342,24,8,8,2101
4516,complete,8,1020,21,7,7,1550
4517,complete,9,1068,22,6,6,1501
4518,complete,12,1347,20,9,9,1959
4519,complete,22,2691,32,8,8,3505
4520,complete,11,1333,20,9,9,1808
4521,complete,13,1591,21,8,8,2165
4522,complete,11,1464,19,8,8,1706
4523,complete,15,1630,11,6,6,2119
4524,complete,16,1672,25,10,10,2186
4525,complete,8,593,19,10,10,1173
4526,complete,14,1807,15,9,9,1452
4527,complete,19,1839,27,10,10,2342
4528,complete,6,425,27,8,8,938
4529,complete,11,835,18,7,7,1424
4530,complete,13,1337,25,11,11,1530
4531,complete,15,2054,26,9,9,1542
4532,complete,13,1075,21,12,12,2527
4533,complete,14,1340,16,9,9,2122
4534,complete,11,905,15,9,9,1805
4535,complete,14,1328,18,10,10,1743
4536,complete,12,1643,20,8,8,1275
4537,complete,10,1193,29,12,12,1284
4538,complete,17,2339,20,11,11,1648
4539,complete,10,768,13,8,8,1378
4540,complete,17,1786,26,12,12,2457
4541,complete,18,2417,17,6,6,1592
4542,complete,16,1952,14,9,9,2428
4543,complete,14,1107,16,5,5,1603
4544,complete,14,1187,19,7,7,1530
4545,complete,14,1264,16,7,7,2232
4546,complete,9,910,29,6,6,1165
4547,complete,10,1082,28,8,8,1253
4548,complete,19,1272,17,10,10,2304
4549,complete,13,1325,18,11,11,1415
4550,complete,13,1259,18,10,10,1711
4551,complete,12,1480,12,7,7,2102
4552,complete,10,921,25,9,9,1902
4553,complete,8,273,29,8,8,1591
4554,complete,10,802,22,8,8,1787
4555,complete,18,2555,21,8,8,2456
4556,complete,16,969,14,8,8,2867
4557,complete,13,1528,22,8,8,1739
4558,complete,8,1104,15,9,9,1184
4559,complete,10,835,31,11,11,1828
4560,complete,6,571,24,7,7,1293
4561,complete,9,1150,29,10,10,1513
4562,complete,10,724,16,9,9,1885
4563,complete,17,2217,30,7,7,2244
4564,complete,9,942,18,10,10,1589
4565,complete,14,1603,24,7,7,2306
4566,complete,13,1714,18,5,5,1743
4567,complete,18,2585,31,6,6,2129
4568,complete,10,850,31,10,10,1872
4569,complete,22,2240,22,10,10,3412
4570,complete,12,1703,26,8,8,1806
4571,complete,12,1207,13,5,5,1706
4572,complete,11,763,20,10,10,2148
4573,complete,13,1458,18,9,9,2064
4574,complete,12,1047,26,12,12,2164
4575,complete,13,948,19,12,12,2452
4576,complete,12,1212,20,8,8,2034
4577,complete,24,2127,20,13,13,3740
4578,complete,11,1199,21,8,8,1799
4579,complete,11,713,21,13,13,2013
4580,complete,18,2254,32,9,9,5290
4581,complete,22,1687,18,7,7,3065
4582,complete,10,1278,28,9,9,1762
4583,complete,12,1360,23,11,11,1901
4584,complete,16,1768,20,11,11,2511
4585,complete,7,558,27,11,11,1711
4586,complete,20,2849,34,9,9,2955
4587,complete,16,1246,16,7,7,2289
4588,complete,22,2495,14,6,6,2987
4589,complete,7,821,34,6,6,1161
4590,complete,16,1588,20,12,12,2413
4591,complete,15,1443,17,10,10,2382
4592,complete,14,1341,19,9,9,2446
4593,complete,10,936,32,12,12,2062
4594,complete,19,2815,18,5,5,5216
4595,complete,13,1636,15,10,10,2160
4596,complete,11,1617,37,3,3,1457
4597,complete,15,1109,12,8,8,4314
4598,complete,14,632,18,8,8,2460
4599,complete,12,1629,10,5,5,1459
4600,complete,16,1799,12,5,5,1947
4601,complete,14,1449,23,12,12,1744
4602,complete,13,1180,31,11,11,1756
4603,complete,10,1075,21,6,6,1465
4604,complete,7,498,29,10,10,1491
4605,complete,11,747,20,11,11,1622
4606,complete,11,916,15,7,7,1336
4607,complete,12,1275,16,7,7,1328
4608,complete,14,681,20,11,11,1932
4609,complete,10,947,22,8,8,1245
4610,complete,5,359,42,7,7,1235
4611,complete,12,1350,30,11,11,2000
4612,complete,6,639,25,6,6,1237
4613,complete,15,1621,27,10,10,2036
4614,complete,8,692,29,10,10,1492
4615,complete,7,565,27,8,8,1388
4616,complete,13,1417,16,7,7,2204
4617,complete,26,2751,25,9,9,3184
4618,complete,18,2072,16,5,5,1822
4619,complete,10,770,20,9,9,1432
4620,complete,12,1380,22,8,8,1554
4621,complete,17,1573,20,13,13,2099
4622,complete,14,1321,17,12,12,1708
4623,complete,10,1251,29,5,5,1151
4624,complete,15,949,23,8,8,1761
4625,complete,13,1031,21,10,10,1568
4626,complete,17,1818,32,11,11,1914
4627,complete,17,1183,18,8,8,2114
4628,complete,12,1543,19,6,6,1288
4629,complete,32,3655,29,13,13,39064
4630,complete,20,2175,16,10,10,1930
4631,complete,24,2153,24,12,12,2977
4632,complete,11,1171,22,6,6,1261
4633,complete,16,2105,17,5,5,1323
4634,complete,13,830,26,12,12,2445
4635,complete,14,1774,15,6,6,1820
4636,complete,13,1706,19,6,6,1638
4637,complete,7,667,27,6,6,1372
4638,complete,18,1400,25,12,12,376644
4639,complete,17,1564,20,9,9,1963
4640,complete,12,1295,14,7,7,1520
4641,complete,19,2387,10,4,4,1824
4642,complete,15,1428,15,8,8,1700
4643,complete,11,948,23,7,7,1331
4644,complete,9,884,18,8,8,1217
4645,complete,14,971,21,8,8,2077
4646,complete,17,1791,14,10,10,2704
4647,complete,12,1702,15,7,7,1693
4648,complete,12,1088,13,6,6,1709
4649,complete,28,2846,30,13,13,4261
4650,complete,8,815,28,7,7,1087
4651,complete,11,1041,13,6,6,1130
4652,complete,15,1473,27,11,11,1842
4653,complete,9,590,25,11,11,1381
4654,complete,12,1439,24,8,8,1283
4655,complete,20,2404,16,9,9,3316
4656,complete,9,1124,25,8,8,1310
4657,complete,15,1019,12,6,6,1747
4658,complete,10,593,25,10,10,2268
4659,complete,13,841,21,8,8,1624
4660,complete,12,1317,30,9,9,1917
4661,complete,17,1619,20,8,8,2932
4662,complete,10,950,9,5,5,1686
4663,complete,17,933,25,10,10,5614
4664,complete,21,2524,19,8,8,2122
4665,complete,10,1117,32,8,8,1284
4666,complete,6,350,29,7,7,1010
4667,complete,7,455,19,8,8,1201
4668,complete,11,1075,35,9,9,1384
4669,complete,16,1420,20,8,8,1842
4670,complete,17,2152,10,6,6,1637
4671,complete,12,1200,16,9,9,1349
4672,complete,19,2275,14,7,7,1726
4673,complete,13,1368,25,8,8,1429
4674,complete,15,1612,21,10,10,1522
4675,complete,16,2071,20,10,10,14036
4676,complete,11,1258,17,9,9,1640
4677,complete,10,899,22,11,11,1395
4678,complete,13,1282,32,10,10,2120
4679,complete,18,1289,33,12,12,2226
4680,complete,13,1488,9,7,7,1448
4681,complete,11,870,21,11,11,1473
4682,complete,14,1312,22,13,13,2461
4683,complete,10,1058,13,7,7,1909
4684,complete,23,3415,32,8,8,2271
4685,complete,21,2859,19,12,12,3550
4686,complete,13,1722,20,10,10,1368
4687,complete,10,1163,24,8,8,1314
4688,complete,16,1114,16,11,11,2252
4689,complete,11,697,29,9,9,1367
4690,complete,15,1492,27,11,11,1824
4691,complete,12,1119,17,10,10,1745
4692,complete,17,1529,17,11,11,2715
4693,complete,12,1229,18,11,11,2040
4694,complete,15,1656,27,7,7,3673
4695,complete,14,1259,22,12,12,1633
4696,complete,13,1391,8,5,5,1389
4697,complete,11,1175,16,8,8,2393
4698,complete,14,850,14,7,7,1651
4699,complete,10,542,17,7,7,1243
4700,complete,15,1987,21,11,11,1757
4701,complete,12,1403,17,9,9,2065
4702,complete,12,1194,10,6,6,2054
4703,complete,14,1750,12,6,6,1796
4704,complete,11,893,34,11,11,3790
4705,complete,6,377,41,12,12,1101
4706,complete,10,830,17,9,9,1334
4707,complete,19,1530,17,8,8,2782
4708,complete,13,1504,23,10,10,1892
4709,complete,14,1371,11,5,5,2241
4710,complete,8,689,21,8,8,1404
4711,complete,14,1810,17,9,9,1501
4712,complete,17,1555,22,8,8,1997
4713,complete,13,1723,19,11,11,1426
4714,complete,13,1861,23,9,9,1256
4715,complete,17,2120,23,9,9,1736
4716,complete,12,1194,16,10,10,1600
4717,complete,17,1590,24,10,10,1989
4718,complete,15,1094,21,8,8,1920
4719,complete,20,2140,20,12,12,2159
4720,complete,19,2633,26,10,10,1772
4721,complete,17,1701,17,7,7,1839
4722,complete,12,1227,21,8,8,1350
4723,complete,11,935,21,9,9,1347
4724,complete,11,1439,27,10,10,1152
4725,complete,11,1296,27,10,10,1235
4726,complete,17,1322,22,9,9,1984
4727,complete,12,1324,17,8,8,1305
4728,complete,8,361,23,8,8,1297
4729,complete,8,599,19,8,8,1115
4730,complete,8,788,16,7,7,1158
4731,complete,11,1398,40,11,11,1272
4732,complete,23,2601,17,9,9,2415
4733,complete,12,1287,17,5,5,1272
4734,complete,24,2074,22,12,12,6692
4735,complete,18,2418,26,9,9,2998
4736,complete,23,3343,15,8,8,1895
4737,complete,14,816,14,8,8,2186
4738,complete,16,2049,23,13,13,2163
4739,complete,17,1945,18,9,9,2188
4740,complete,8,987,28,7,7,1053
4741,complete,10,1088,21,8,8,1233
4742,complete,20,2034,27,10,10,2156
4743,complete,16,2128,20,9,9,1729
4744,complete,17,1529,20,9,9,1973
4745,complete,15,2443,26,7,7,55552
4746,complete,19,2770,17,7,7,1657
4747,complete,4,200,26,8,8,816
4748,complete,11,1216,14,5,5,13544
4749,complete,4,315,22,6,6,733
4750,complete,17,1141,15,7,7,2415
4751,complete,5,286,29,9,9,1396
4752,complete,9,1050,26,10,10,1504
4753,complete,16,1217,15,9,9,2587
4754,complete,7,625,17,7,7,1486
4755,complete,22,2652,35,11,11,2413
4756,complete,15,2160,11,7,7,1401
4757,complete,13,1927,23,7,7,1329
4758,complete,11,1128,11,7,7,1200
4759,complete,16,2027,30,11,11,1711
4760,complete,14,1670,22,8,8,3453
4761,complete,17,1747,25,7,7,2136
4762,complete,25,2451,19,9,9,3984
4763,complete,7,630,13,5,5,1289
4764,complete,10,1392,40,11,11,1241
4765,complete,14,1397,26,6,6,1622
4766,complete,13,842,26,12,12,1996
4767,complete,24,3351,26,11,11,2936
4768,complete,6,699,27,6,6,831
4769,complete,10,597,15,9,9,1442
4770,complete,8,570,26,7,7,1054
4771,complete,14,1133,19,6,6,1609
4772,complete,10,764,21,8,8,1150
4773,complete,11,1484,25,10,10,2496
4774,complete,13,1122,22,11,11,1591
4775,complete,18,2179,20,10,10,4311
4776,complete,12,1740,14,7,7,1279
4777,complete,14,972,18,9,9,1675
4778,complete,10,1024,18,7,7,1273
4779,complete,9,1002,30,9,9,1216
4780,complete,9,734,32,12,12,1230
4781,complete,18,1933,14,7,7,2238
4782,complete,8,408,22,12,12,1296
4783,complete,13,1733,23,9,9,1514
4784,complete,20,1410,17,11,11,2728
4785,complete,14,1340,11,8,8,2109
4786,complete,12,845,32,14,14,1708
4787,complete,15,1523,15,7,7,1660
4788,complete,13,1098,11,8,8,1513
4789,complete,20,1410,19,10,10,2299
4790,complete,14,1566,13,8,8,1563
4791,complete,29,3631,22,13,13,3152
4792,complete,10,1113,18,10,10,1735
4793,complete,15,1840,25,10,10,2317
4794,complete,13,1489,22,11,11,2291
4795,complete,9,1049,27,8,8,1150
4796,complete,11,1043,13,7,7,1391
4797,complete,15,1661,16,8,8,1546
4798,complete,17,916,33,15,15,2528
4799,complete,13,1552,26,5,5,1341
4800,complete,9,447,12,6,6,1339
4801,complete,16,986,21,10,10,1883
4802,complete,13,1406,13,6,6,1332
4803,complete,8,793,18,6,6,1019
4804,complete,5,225,25,8,8,889
4805,complete,9,1017,28,7,7,1203
4806,complete,22,2647,20,9,9,3027
4807,complete,9,508,21,8,8,1641
4808,complete,15,2249,25,7,7,6026
4809,complete,16,1238,15,6,6,1764
4810,complete,15,1101,19,12,12,2495
4811,complete,11,1294,25,7,7,1873
4812,complete,19,1509,10,6,6,3019
4813,complete,19,2281,18,9,9,1923
4814,complete,13,1614,23,9,9,1536
4815,complete,8,661,55,10,10,1347
4816,complete,13,1025,22,11,11,1740
4817,complete,18,2376,21,4,4,2459
4818,complete,15,1969,27,9,9,9129
4819,complete,13,1033,25,11,11,1801
4820,complete,12,1525,26,8,8,1552
4821,complete,11,916,26,10,10,1430
4822,complete,13,1432,30,14,14,1800
4823,complete,12,1645,14,7,7,1179
4824,complete,11,1112,16,7,7,2167
4825,complete,13,751,25,12,12,1808
4826,complete,18,1465,24,9,9,2056
4827,complete,14,1586,25,11,11,2395
4828,complete,15,1478,11,7,7,1833
4829,complete,20,2795,23,6,6,1833
4830,complete,18,2318,31,7,7,1648
4831,complete,12,1070,16,9,9,1433
4832,complete,9,1063,27,8,8,1174
4833,complete,14,1318,13,4,4,1800
4834,complete,21,1864,11,8,8,2424
4835,complete,10,1075,15,6,6,1105
4836,complete,10,680,27,11,11,1540
4837,complete,6,338,14,6,6,1385
4838,complete,13,1422,20,5,5,1936
4839,complete,20,1879,25,10,10,2785
4840,complete,16,1395,32,11,11,3051
4841,complete,16,1001,23,11,11,2167
4842,complete,8,580,14,7,7,1092
4843,complete,5,277,27,9,9,959
4844,complete,15,950,13,3,3,1880
4845,complete,17,1355,13,8,8,2001
4846,complete,6,332,29,10,10,998
4847,complete,13,1682,24,10,10,1567
4848,complete,11,1265,19,7,7,1279
4849,complete,13,1043,24,13,13,1747
4850,complete,13,945,20,12,12,1692
4851,complete,14,1605,20,10,10,1719
4852,complete,12,781,19,10,10,1654
4853,complete,17,1634,24,9,9,2087
4854,complete,10,598,29,12,12,1481
4855,complete,22,2328,23,13,13,5785
4856,complete,9,846,15,6,6,1309
4857,complete,22,2592,18,7,7,2208
4858,complete,10,1107,16,7,7,1316
4859,complete,9,567,28,10,10,1386
4860,complete,9,801,22,8,8,1145
4861,complete,18,1376,18,9,9,5417
4862,complete,10,877,14,8,8,1703
4863,complete,7,418,19,8,8,1458
4864,complete,15,1646,34,11,11,2497
4865,complete,7,465,27,11,11,1157
4866,complete,12,1555,20,6,6,1399
4867,complete,10,706,16,10,10,1343
4868,complete,10,999,14,8,8,1201
4869,complete,7,879,31,8,8,818
4870,complete,12,1270,14,7,7,1564
4871,complete,14,1815,12,8,8,1256
4872,complete,6,653,29,6,6,904
4873,complete,10,1174,21,8,8,1202
4874,complete,13,1119,27,13,13,1717
4875,complete,10,1013,22,10,10,1621
4876,complete,17,1457,17,7,7,1951
4877,complete,20,2826,14,10,10,2976
4878,complete,17,2565,19,7,7,2100
4879,complete,24,2569,17,8,8,73371
4880,complete,8,854,35,10,10,1915
4881,complete,14,1238,26,13,13,2233
4882,complete,12,1238,38,12,12,2073
4883,complete,9,961,18,5,5,979
4884,complete,9,754,29,11,11,1660
4885,complete,16,1438,17,7,7,1673
4886,complete,20,1970,28,11,11,2256
4887,complete,12,1806,28,9,9,2071
4888,complete,18,2198,15,8,8,2776
4889,complete,8,701,26,8,8,1013
4890,complete,11,1335,21,8,8,1339
4891,complete,10,714,22,9,9,1346
4892,complete,11,1475,16,6,6,994
4893,complete,13,1139,35,14,14,1732
4894,complete,12,779,20,9,9,1568
4895,complete,18,2034,12,9,9,1817
4896,complete,7,616,21,9,9,1257
4897,complete,13,1505,22,10,10,1509
4898,complete,8,657,28,10,10,1160
4899,complete,19,2271,18,11,11,1905
4900,complete,7,527,20,9,9,1184
4901,complete,5,470,21,6,6,738
4902,complete,17,1218,24,12,12,2091
4903,complete,10,1011,23,10,10,1292
4904,complete,13,1308,12,8,8,1486
4905,complete,12,987,20,10,10,1457
4906,complete,17,1656,17,9,9,1777
4907,complete,21,1494,29,10,10,2829
4908,complete,25,2337,19,9,9,3019
4909,complete,13,1508,19,7,7,1375
4910,complete,15,2422,14,6,6,1326
4911,complete,15,2040,23,9,9,1878
4912,complete,11,1438,31,7,7,1203
4913,complete,11,680,23,7,7,1520
4914,complete,9,1058,22,7,7,1752
4915,complete,9,693,16,8,8,1967
4916,complete,9,1107,22,5,5,1567
4917,complete,18,1807,9,6,6,1853
4918,complete,15,1021,29,12,12,2518
4919,complete,20,2419,15,7,7,2406
4920,complete,17,2273,7,4,4,2036
4921,complete,10,823,19,9,9,1870
4922,complete,13,1604,20,8,8,12404
4923,complete,13,889,20,9,9,2101
4924,complete,12,1304,25,9,9,2114
4925,complete,12,1279,23,8,8,2003
4926,complete,15,1696,31,11,11,1780
4927,complete,15,1690,11,5,5,1983
4928,complete,8,725,19,9,9,988
4929,complete,10,851,18,8,8,1179
4930,complete,12,960,25,10,10,1425
4931,complete,8,956,26,9,9,1091
4932,complete,14,1724,34,12,12,1710
4933,complete,15,1065,23,10,10,1823
4934,complete,11,1077,15,7,7,1354
4935,complete,16,1948,28,8,8,1996
4936,complete,12,1451,20,8,8,2029
4937,complete,15,1133,26,6,6,2793
4938,complete,10,581,15,9,9,1811
4939,complete,26,2378,13,7,7,3016
4940,complete,17,1274,25,12,12,13108
4941,complete,8,1024,25,8,8,878
4942,complete,13,1594,23,7,7,1469
4943,complete,7,783,35,10,10,1084
4944,complete,18,2923,25,7,7,1672
4945,complete,15,1998,6,5,5,2159
4946,complete,23,2209,27,10,10,40852
4947,complete,7,432,21,11,11,1080
4948,complete,9,1083,22,6,6,1087
4949,complete,9,824,14,7,7,1229
4950,complete,18,1821,20,7,7,1823
4951,complete,14,1572,15,8,8,1423
4952,complete,13,1632,17,11,11,1427
4953,complete,10,982,21,13,13,1350
4954,complete,17,1546,16,8,8,3624
4955,complete,17,1935,34,13,13,1994
4956,complete,13,1240,25,7,7,2509
4957,complete,13,1509,18,8,8,1375
4958,complete,12,927,20,9,9,1390
4959,complete,10,1232,24,11,11,1264
4960,complete,9,842,10,4,4,1017
4961,complete,12,1080,8,3,3,1278
4962,complete,9,1140,19,7,7,1009
4963,complete,16,2156,30,12,12,1841
4964,complete,6,497,27,8,8,1039
4965,complete,22,2139,30,13,13,2412
4966,complete,17,1985,27,9,9,1867
4967,complete,10,1239,38,12,12,1361
4968,complete,10,893,17,8,8,1290
4969,complete,12,905,34,10,10,2437
4970,complete,14,755,27,10,10,2838
4971,complete,9,974,14,5,5,1183
4972,complete,8,580,21,10,10,1205
4973,complete,12,937,28,9,9,1500
4974,complete,18,2118,10,7,7,1838
4975,complete,16,1352,11,6,6,1920
4976,complete,13,799,33,10,10,1847
4977,complete,13,1620,23,13,13,1780
4978,complete,18,2768,20,7,7,1594
4979,complete,8,386,11,6,6,1207
4980,complete,9,714,15,6,6,1229
4981,complete,13,1651,11,4,4,1263
4982,complete,11,661,13,8,8,1716
4983,complete,12,964,14,8,8,2305
4984,complete,15,1547,14,8,8,2438
4985,complete,10,919,24,9,9,1467
4986,complete,8,1080,33,7,7,1151
4987,complete,14,1899,22,9,9,2119
4988,complete,19,2181,22,11,11,2534
4989,complete,9,524,31,9,9,1363
4990,complete,12,1252,20,7,7,1403
4991,complete,17,1245,26,13,13,2088
4992,complete,9,661,22,11,11,1310
4993,complete,16,1679,17,9,9,1600
4994,complete,11,941,21,9,9,1341
4995,complete,16,2102,19,8,8,1613
4996,complete,30,3550,17,9,9,2947
4997,complete,15,1635,16,9,9,2096
4998,complete,14,1287,24,10,10,14475
4999,complete,15,2025,16,4,4,7647
5000,complete,12,1697,15,5,5,1129
5001,complete,10,1211,29,7,7,1227
5002,complete,17,1703,18,8,8,1693
5003,complete,8,487,30,10,10,1397
5004,complete,8,1046,32,10,10,1053
5005,complete,11,678,13,6,6,1849
5006,complete,14,1687,28,11,11,2060
5007,complete,13,1113,15,9,9,1683
5008,complete,14,971,17,10,10,1753
5009,complete,10,924,13,6,6,1316
5010,complete,8,983,7,5,5,1361
5011,complete,22,2209,29,10,10,3432
5012,complete,8,448,23,13,13,1735
5013,complete,14,1067,12,6,6,2302
5014,complete,19,1678,18,12,12,3001
5015,complete,12,910,25,12,12,1540
5016,complete,16,1711,11,7,7,1611
5017,complete,21,2601,29,10,10,16467
5018,complete,23,3019,19,12,12,2208
5019,complete,22,3264,38,9,9,1898
5020,complete,17,1407,12,7,7,1981
5021,complete,17,1822,8,3,3,1676
5022,complete,18,1714,22,13,13,2112
5023,complete,13,900,27,12,12,1765
5024,complete,14,1159,13,6,6,1683
5025,complete,19,2105,20,9,9,2037
5026,complete,11,1051,32,8,8,1370
5027,complete,8,438,22,10,10,1386
5028,complete,13,1428,16,6,6,1807
5029,complete,12,511,16,8,8,2365
5030,complete,19,2230,26,6,6,3277
5031,complete,12,894,20,7,7,1434
5032,complete,22,3438,22,10,10,2410
5033,complete,14,1102,19,11,11,1809
5034,complete,11,1188,15,8,8,1319
5035,complete,11,1122,32,12,12,1432
5036,complete,13,1184,19,9,9,1602
5037,complete,19,2340,22,10,10,2048
5038,complete,11,1133,19,8,8,1280
5039,complete,14,1140,21,7,7,1773
5040,complete,18,2300,18,9,9,1580
5041,complete,12,970,8,4,4,1844
5042,complete,22,2424,34,13,13,2501
5043,complete,11,542,24,10,10,2008
5044,complete,13,1169,12,6,6,2355
5045,complete,22,1932,23,10,10,2604
5046,complete,11,653,20,10,10,1426
5047,complete,14,1351,29,12,12,2499
5048,complete,16,1569,23,9,9,2037
5049,complete,10,1220,23,9,9,1182
5050,complete,19,2416,20,8,8,1838
5051,complete,11,727,24,10,10,1618
5052,complete,16,1513,17,10,10,1848
5053,complete,13,1084,16,7,7,1653
5054,complete,11,724,26,10,10,1654
5055,complete,19,2421,12,8,8,1810
5056,complete,25,2817,13,8,8,2496
5057,complete,11,822,26,9,9,1484
5058,complete,17,1985,31,10,10,94112
5059,complete,8,397,25,6,6,1129
5060,complete,10,1227,26,12,12,1247
5061,complete,17,1630,19,11,11,2461
5062,complete,14,1284,19,10,10,1754
5063,complete,11,991,22,12,12,1481
5064,complete,9,809,30,10,10,1179
5065,complete,9,939,21,9,9,1215
5066,complete,13,1505,16,10,10,1525
5067,complete,13,1323,21,7,7,1904
5068,complete,18,1899,15,7,7,2474
5069,complete,10,1079,19,10,10,1574
5070,complete,15,1483,26,14,14,2068
5071,complete,7,770,27,8,8,1112
5072,complete,13,1768,29,8,8,1337
5073,complete,16,1221,13,6,6,1864
5074,complete,9,952,13,6,6,1112
5075,complete,14,1398,12,7,7,1780
5076,complete,13,1416,23,8,8,2030
5077,complete,24,3241,22,9,9,2611
5078,complete,17,1985,31,11,11,3358
5079,complete,23,2133,16,9,9,2661
5080,complete,11,687,20,7,7,1492
5081,complete,13,1818,27,5,5,1126
5082,complete,33,3906,25,13,13,3326
5083,complete,14,1356,24,9,9,1642
5084,complete,17,2048,23,9,9,1694
5085,complete,16,1957,26,9,9,1792
5086,complete,13,958,24,9,9,2377
5087,complete,15,1363,8,6,6,2586
5088,complete,13,1596,11,5,5,1521
5089,complete,17,2253,19,5,5,1476
5090,complete,14,1699,18,8,8,1589
5091,complete,11,498,15,8,8,1511
5092,complete,14,650,26,10,10,2011
5093,complete,19,2237,34,13,13,2188
5094,complete,18,2455,25,4,4,1654
5095,complete,17,1915,13,6,6,1644
5096,complete,8,642,23,10,10,1149
5097,complete,10,1088,33,10,10,1314
5098,complete,5,284,30,9,9,924
5099,complete,10,1329,34,7,7,1194
5100,complete,21,1997,17,9,9,2366
5101,complete,12,1025,13,7,7,1412
5102,complete,7,821,32,9,9,938
5103,complete,16,1345,27,8,8,1970
5104,complete,8,713,24,7,7,1094
5105,complete,13,1301,22,8,8,1670
5106,complete,11,1391,27,5,5,1048
5107,complete,10,1120,15,6,6,1271
5108,complete,5,445,30,7,7,1020
5109,complete,13,1489,17,10,10,1502
5110,complete,11,599,11,7,7,1373
5111,complete,7,779,29,10,10,1076
5112,complete,9,849,26,7,7,1121
5113,complete,13,1559,24,6,6,1299
5114,complete,12,1138,23,13,13,1551
5115,complete,12,1350,14,8,8,1333
5116,complete,21,2464,14,9,9,2087
5117,complete,13,1705,18,9,9,1370
5118,complete,13,881,22,8,8,1817
5119,complete,15,2295,28,13,13,1515
5120,complete,13,1226,16,7,7,1469
5121,complete,14,1504,10,6,6,1436
5122,complete,10,972,20,9,9,1213
5123,complete,21,2698,16,8,8,2309
5124,complete,16,1756,12,4,4,1848
5125,complete,16,1648,22,12,12,1840
5126,complete,17,1273,22,9,9,2049
5127,complete,8,618,23,9,9,1216
5128,complete,7,431,29,11,11,1185
5129,complete,9,786,26,5,5,1158
5130,complete,10,1190,30,10,10,1239
5131,complete,10,926,10,7,7,1267
5132,complete,13,1098,10,6,6,1544
5133,complete,11,1604,28,9,9,1235
5134,complete,22,2899,15,9,9,2478
5135,complete,12,1443,24,12,12,2008
5136,complete,17,1730,15,7,7,1710
5137,complete,16,2180,32,8,8,1607
5138,complete,15,941,22,11,11,2585
5139,complete,6,343,37,6,6,909
5140,complete,8,798,24,6,6,1012
5141,complete,11,875,20,8,8,1469
5142,complete,11,1032,19,9,9,1465
5143,complete,12,1265,20,9,9,1359
5144,complete,8,783,26,11,11,1095
5145,complete,11,927,36,11,11,1680
5146,complete,21,3103,19,9,9,1761
5147,complete,9,811,25,8,8,1185
5148,complete,15,1565,24,11,11,1726
5149,complete,11,776,31,12,12,1646
5150,complete,14,1642,20,10,10,1527
5151,complete,13,1710,30,11,11,1383
5152,complete,9,702,27,9,9,1308
5153,complete,12,1670,38,8,8,1508
5154,complete,11,1029,36,7,7,2197
5155,complete,10,603,28,13,13,1955
5156,complete,12,772,23,8,8,1543
5157,complete,24,2227,26,9,9,2425
5158,complete,13,1174,11,6,6,1939
5159,complete,17,2014,11,7,7,2597
5160,complete,11,709,25,9,9,1843
5161,complete,8,658,25,8,8,1185
5162,complete,13,1257,17,10,10,1901
5163,complete,16,1760,12,7,7,1613
5164,complete,11,1303,36,11,11,1359
5165,complete,15,1254,24,10,10,1817
5166,complete,13,1555,14,9,9,1445
5167,complete,14,1770,24,10,10,1496
5168,complete,15,980,13,8,8,1798
5169,complete,10,1221,38,7,7,1521
5170,complete,14,1876,22,7,7,4557
5171,complete,10,833,23,10,10,1144
5172,complete,13,1168,22,12,12,1699
5173,complete,14,1707,18,10,10,1540
5174,complete,9,591,20,8,8,1203
5175,complete,14,1813,23,12,12,1325
5176,complete,17,2228,21,10,10,1732
5177,complete,12,984,26,10,10,1436
5178,complete,17,1807,15,7,7,1898
5179,complete,9,798,33,13,13,1296
5180,complete,10,1046,19,11,11,1316
5181,complete,15,734,15,10,10,2548
5182,complete,16,1488,19,9,9,2932
5183,complete,11,1482,24,8,8,1667
5184,complete,12,1074,6,3,3,1360
5185,complete,9,757,16,7,7,1043
5186,complete,10,702,11,8,8,1192
5187,complete,9,875,22,6,6,1061
5188,complete,9,1106,33,11,11,1041
5189,complete,14,1442,21,11,11,1631
5190,complete,16,2166,24,8,8,1640
5191,complete,7,849,36,6,6,934
5192,complete,20,2336,25,9,9,2116
5193,complete,11,1468,21,8,8,1158
5194,complete,9,1013,21,9,9,1175
5195,complete,19,1880,31,14,14,2088
5196,complete,18,1781,13,4,4,3372
5197,complete,13,954,16,8,8,1573
5198,complete,24,2614,31,14,14,3070
5199,complete,9,808,27,10,10,2032
5200,complete,9,559,20,9,9,1320
5201,complete,14,1406,12,7,7,2508
5202,complete,18,1990,21,11,11,1923
5203,complete,12,922,19,9,9,1747
5204,complete,14,2006,26,8,8,1535
5205,complete,22,2290,16,6,6,2148
5206,complete,12,1279,30,11,11,1378
5207,complete,10,927,23,9,9,2673
5208,complete,9,754,13,6,6,1075
5209,complete,9,733,29,9,9,1335
5210,complete,9,1204,37,7,7,1045
5211,complete,11,1127,21,7,7,1457
5212,complete,15,2028,20,9,9,1430
5213,complete,11,890,13,6,6,1459
5214,complete,13,1908,31,8,8,525972
5215,complete,13,1595,29,9,9,1387
5216,complete,19,2374,22,8,8,1852
5217,complete,12,1851,18,7,7,1350
5218,complete,17,2188,19,8,8,1629
5219,complete,20,2484,22,12,12,2216
5220,complete,21,2175,20,10,10,2380
5221,complete,12,1858,27,6,6,1232
5222,complete,12,1304,24,10,10,1350
5223,complete,8,1022,9,5,5,861
5224,complete,12,882,36,8,8,1551
5225,complete,8,1001,34,6,6,1228
5226,complete,5,499,28,6,6,1280
5227,complete,12,972,11,7,7,2201
5228,complete,20,2350,27,6,6,3651
5229,complete,16,943,15,8,8,2380
5230,complete,19,1601,26,12,12,2344
5231,complete,14,1026,16,8,8,1877
5232,complete,14,1053,14,5,5,1619
5233,complete,13,1563,21,11,11,1642
5234,complete,14,1405,24,11,11,1668
5235,complete,16,1215,24,10,10,1892
5236,complete,9,335,29,10,10,1434
5237,complete,7,669,18,9,9,1039
5238,complete,7,501,21,9,9,1105
5239,complete,19,2251,23,9,9,1726
5240,complete,8,574,21,7,7,1072
5241,complete,13,1650,28,9,9,2080
5242,complete,13,1894,29,10,10,1830
5243,complete,16,1932,19,14,14,1781
5244,complete,21,2322,22,9,9,2302
5245,complete,20,1839,16,7,7,2007
5246,complete,19,1925,15,11,11,2229
5247,complete,11,1316,11,8,8,1207
5248,complete,20,3427,21,7,7,1814
5249,complete,17,1251,20,10,10,2049
5250,complete,8,585,6,4,4,1060
5251,complete,13,957,22,11,11,1732
5252,complete,14,1525,11,4,4,1318
5253,complete,14,623,18,7,7,1750
5254,complete,10,747,38,10,10,1507
5255,complete,18,1783,17,7,7,1897
5256,complete,8,394,22,10,10,1174
5257,complete,21,2040,19,6,6,2265
5258,complete,14,1230,18,7,7,1492
5259,complete,11,813,22,9,9,1394
5260,complete,9,855,21,7,7,1200
5261,complete,9,578,22,11,11,1413
5262,complete,16,2015,18,8,8,1841
5263,complete,11,1010,13,8,8,1443
5264,complete,17,1087,20,7,7,2522
5265,complete,9,1095,25,11,11,1319
5266,complete,11,1285,24,10,10,1295
5267,complete,21,2182,22,11,11,2211
5268,complete,8,346,30,12,12,1310
5269,complete,7,379,25,10,10,1166
5270,complete,15,1298,25,8,8,1806
5271,complete,12,765,23,8,8,1434
5272,complete,13,842,23,10,10,1712
5273,complete,5,229,27,10,10,938
5274,complete,10,1128,24,6,6,1774
5275,complete,16,1256,31,12,12,3252
5276,complete,12,1241,31,13,13,1557
5277,complete,13,1656,19,7,7,1408
5278,complete,18,2264,22,10,10,2877
5279,complete,24,2166,9,5,5,3238
5280,complete,14,926,13,6,6,2145
5281,complete,21,3511,29,9,9,8688
5282,complete,17,1294,29,13,13,2260
5283,complete,17,1481,18,10,10,2070
5284,complete,11,1489,30,11,11,2097
5285,complete,11,1058,29,10,10,1453
5286,complete,12,1085,19,9,9,1619
5287,complete,20,2401,23,9,9,1812
5288,complete,15,1795,17,11,11,1694
5289,complete,11,1293,46,10,10,1328
5290,complete,14,1351,9,6,6,1511
5291,complete,9,951,15,5,5,1114
5292,complete,27,1969,12,7,7,3269
5293,complete,8,598,23,8,8,1226
5294,complete,14,1760,15,7,7,1554
5295,complete,19,1889,28,8,8,3975
5296,complete,10,1087,20,9,9,1593
5297,complete,13,992,17,11,11,1700
5298,complete,12,1094,22,12,12,1569
5299,complete,8,869,18,10,10,1230
5300,complete,10,1153,20,8,8,1377
5301,complete,12,724,24,7,7,1508
5302,complete,13,1764,21,8,8,7049
5303,complete,20,1684,8,7,7,3235
5304,complete,16,1694,12,7,7,2231
5305,complete,17,2296,17,10,10,1652
5306,complete,15,1863,18,8,8,1626
5307,complete,18,2186,22,10,10,1856
5308,complete,6,487,22,7,7,956
5309,complete,11,1396,25,6,6,1239
5310,complete,22,2607,12,6,6,2188
5311,complete,17,2679,20,7,7,1373
5312,complete,16,1116,19,10,10,1906
5313,complete,12,805,27,11,11,2021
5314,complete,13,1653,15,6,6,1399
5315,complete,12,939,27,11,11,1503
5316,complete,13,694,34,12,12,1700
5317,complete,9,762,23,8,8,1171
5318,complete,19,2072,25,13,13,2107
5319,complete,15,1173,25,7,7,3074
5320,complete,11,1111,13,8,8,1383
5321,complete,17,2106,16,8,8,1656
5322,complete,9,712,23,12,12,2260
5323,complete,16,1692,19,7,7,54602
5324,complete,10,726,19,10,10,1504
5325,complete,9,880,34,10,10,1377
5326,complete,15,1808,19,10,10,1540
5327,complete,11,753,29,8,8,1465
5328,complete,11,1314,17,7,7,1093
5329,complete,10,1164,24,9,9,1212
5330,complete,19,2585,8,5,5,8173
5331,complete,10,1181,23,5,5,1200
5332,complete,6,372,27,9,9,960
5333,complete,8,857,16,8,8,1093
5334,complete,10,1002,19,9,9,1279
5335,complete,10,1118,24,9,9,1252
5336,complete,20,2129,19,12,12,2295
5337,complete,18,1955,15,10,10,1849
5338,complete,26,2731,22,9,9,3081
5339,complete,9,814,19,9,9,1116
5340,complete,12,1100,23,10,10,1593
5341,complete,17,1505,20,7,7,1692
5342,complete,19,2028,15,8,8,1941
5343,complete,17,1686,17,6,6,1812
5344,complete,18,1816,32,14,14,1983
5345,complete,5,454,31,8,8,855
5346,complete,13,1769,29,12,12,1651
5347,complete,10,628,20,9,9,1486
5348,complete,16,1995,21,8,8,1613
5349,complete,7,725,30,9,9,1212
5350,complete,9,870,17,9,9,1815
5351,complete,15,1320,8,4,4,2102
5352,complete,14,1003,14,7,7,2032
5353,complete,7,748,17,8,8,1067
5354,complete,16,1931,14,6,6,1769
5355,complete,14,1794,20,10,10,1436
5356,complete,15,1415,23,12,12,2111
5357,complete,7,766,28,8,8,1027
5358,complete,15,1348,20,7,7,1820
5359,complete,7,271,20,8,8,1101
5360,complete,12,1032,19,9,9,1612
5361,complete,12,717,18,10,10,1694
5362,complete,14,805,23,12,12,1883
5363,complete,19,2031,16,8,8,2140
5364,complete,15,1183,21,11,11,1818
5365,complete,10,938,13,8,8,1210
5366,complete,13,1109,33,8,8,1535
5367,complete,11,665,13,6,6,1405
5368,complete,9,755,22,10,10,1273
5369,complete,9,696,10,7,7,1164
5370,complete,20,1746,20,11,11,2416
5371,complete,22,2853,16,7,7,12733
5372,complete,24,2755,28,10,10,3668
5373,complete,10,1223,23,5,5,987
5374,complete,9,907,22,8,8,1159
5375,complete,12,1105,17,8,8,1610
5376,complete,20,2389,22,10,10,2142
5377,complete,6,535,17,6,6,893
5378,complete,12,1240,22,7,7,1473
5379,complete,14,1012,23,8,8,1868
5380,complete,14,1258,12,8,8,1607
5381,complete,6,341,23,10,10,1147
5382,complete,25,2916,14,6,6,2573
5383,complete,21,3036,30,8,8,1998
5384,complete,16,1669,23,8,8,1841
5385,complete,21,1138,9,7,7,2543
5386,complete,24,2486,12,7,7,2795
5387,complete,22,2484,24,9,9,2560
5388,complete,11,860,24,9,9,1499
5389,complete,9,648,16,6,6,1130
5390,complete,16,1693,14,7,7,5132
5391,complete,15,1959,19,8,8,3016
5392,complete,7,765,23,9,9,1047
5393,complete,18,1136,19,10,10,2192
5394,complete,11,1495,24,8,8,1236
5395,complete,13,1435,20,9,9,1523
5396,complete,23,2473,13,7,7,3039
5397,complete,10,1111,9,4,4,1068
5398,complete,13,1619,31,13,13,1417
5399,complete,9,880,22,10,10,1183
5400,complete,13,1156,13,9,9,1604
5401,complete,16,1889,16,9,9,7277
5402,complete,12,1557,23,8,8,1241
5403,complete,19,2152,11,7,7,1745
5404,complete,13,1124,28,10,10,1591
5405,complete,12,1222,11,5,5,1210
5406,complete,16,2356,17,6,6,1308
5407,complete,11,1269,11,6,6,1222
5408,complete,14,1582,25,8,8,1403
5409,complete,20,2444,21,9,9,2273
5410,complete,13,1823,21,6,6,1842
5411,complete,15,1302,10,6,6,2562
5412,complete,10,913,25,11,11,1405
5413,complete,14,1500,29,8,8,2148
5414,complete,14,888,19,9,9,1818
5415,complete,9,684,19,8,8,1184
5416,complete,10,1182,23,9,9,1073
5417,complete,13,1570,17,5,5,1417
5418,complete,16,2196,22,8,8,2008
5419,complete,11,707,28,10,10,1466
5420,complete,15,1047,19,11,11,2016
5421,complete,10,1325,34,8,8,1203
5422,complete,8,685,22,10,10,1149
5423,complete,13,1295,22,10,10,1654
5424,complete,11,772,11,8,8,1386
5425,complete,19,2880,17,10,10,1780
5426,complete,5,325,31,10,10,936
5427,complete,13,2053,17,8,8,1183
5428,complete,9,954,25,9,9,1183
5429,complete,10,593,13,7,7,1267
5430,complete,7,572,15,6,6,943
5431,complete,22,1898,13,8,8,2383
5432,complete,12,1846,33,8,8,1194
5433,complete,10,466,45,12,12,1742
5434,complete,19,2481,18,9,9,2311
5435,complete,15,1894,21,12,12,1866
5436,complete,10,883,19,11,11,1274
5437,complete,14,1189,22,7,7,1907
5438,complete,15,932,23,10,10,2036
5439,complete,22,2327,14,7,7,3073
5440,complete,7,331,15,8,8,1157
5441,complete,6,537,16,5,5,898
5442,complete,11,1084,22,12,12,1485
5443,complete,13,1463,14,8,8,1318
5444,complete,17,2095,20,8,8,1661
5445,complete,17,2566,21,9,9,1661
5446,complete,12,1105,21,11,11,1633
5447,complete,10,572,17,9,9,2046
5448,complete,12,1716,20,4,4,1457
5449,complete,17,2473,14,6,6,2017
5450,complete,14,1472,24,8,8,1567
5451,complete,16,1696,25,12,12,1885
5452,complete,15,1692,19,10,10,1655
5453,complete,13,632,18,9,9,1645
5454,complete,19,2483,15,7,7,1760
5455,complete,11,1335,24,10,10,1390
5456,complete,6,344,29,9,9,1031
5457,complete,19,2572,24,9,9,1896
5458,complete,9,963,30,10,10,1262
5459,complete,12,1313,17,7,7,1725
5460,complete,13,1456,23,11,11,2014
5461,complete,26,3249,25,12,12,230510
5462,complete,11,1153,25,7,7,1201
5463,complete,10,883,20,8,8,1338
5464,complete,21,2465,24,9,9,4505
5465,complete,10,708,22,12,12,1938
5466,complete,14,2010,10,6,6,1662
5467,complete,9,1081,31,7,7,1196
5468,complete,19,1785,21,10,10,2252
5469,complete,24,2886,13,6,6,2373
5470,complete,11,1128,15,8,8,1494
5471,complete,7,756,47,11,11,1143
5472,complete,16,1283,19,8,8,1905
5473,complete,9,703,17,8,8,2014
5474,complete,11,989,18,6,6,1291
5475,complete,9,806,27,8,8,1190
5476,complete,14,1822,18,7,7,1428
5477,complete,10,726,27,11,11,1618
5478,complete,17,1659,26,9,9,1853
5479,complete,10,571,19,9,9,1407
5480,complete,19,1822,17,7,7,1948
5481,complete,13,1637,14,6,6,1327
5482,complete,23,2081,12,6,6,2118
5483,complete,14,1747,20,7,7,1488
5484,complete,13,1367,17,7,7,42527
5485,complete,9,298,22,10,10,1393
5486,complete,11,725,14,8,8,1608
5487,complete,13,1230,24,8,8,1677
5488,complete,9,582,19,11,11,1833
5489,complete,7,252,25,10,10,1601
5490,complete,15,1971,16,7,7,4067
5491,complete,9,1022,21,6,6,1523
5492,complete,10,745,15,8,8,1494
5493,complete,15,1955,24,4,4,1386
5494,complete,12,875,20,9,9,1469
5495,complete,11,1328,26,11,11,1365
5496,complete,12,1303,16,10,10,1375
5497,complete,13,1164,11,7,7,1531
5498,complete,16,1624,13,6,6,1684
5499,complete,11,610,15,10,10,1489
5500,complete,11,1328,33,9,9,1553
5501,complete,16,1690,22,8,8,2411
5502,complete,10,977,25,10,10,1659
5503,complete,6,758,33,4,4,794
5504,complete,11,569,19,11,11,1500
5505,complete,11,580,26,7,7,1652
5506,complete,13,1404,17,8,8,1493
5507,complete,11,1235,18,9,9,1287
5508,complete,14,673,18,10,10,2379
5509,complete,19,1735,24,9,9,2063
5510,complete,15,1693,21,12,12,2343
5511,complete,17,2355,34,11,11,2318
5512,complete,23,2013,31,14,14,3824
5513,complete,7,707,15,6,6,908
5514,complete,15,1034,12,8,8,1956
5515,complete,14,1102,24,9,9,1811
5516,complete,12,1279,11,6,6,1391
5517,complete,7,531,16,10,10,1141
5518,complete,19,2441,12,5,5,1617
5519,complete,16,1425,34,13,13,2053
5520,complete,5,374,26,6,6,880
5521,complete,10,1006,28,8,8,1304
5522,complete,11,1055,19,8,8,1324
5523,complete,20,2118,9,7,7,2124
5524,complete,14,1460,14,9,9,1799
5525,complete,16,1830,19,6,6,2327
5526,complete,16,1626,20,7,7,2107
5527,complete,11,1419,28,10,10,1260
5528,complete,13,1273,23,9,9,1645
5529,complete,25,3379,22,9,9,2731
5530,complete,16,1418,25,9,9,1871
5531,complete,13,1002,16,7,7,1639
5532,complete,15,1459,9,4,4,1473
5533,complete,12,1659,9,4,4,1267
5534,complete,15,1520,19,9,9,1450
5535,complete,14,1473,13,5,5,1596
5536,complete,20,2045,23,9,9,2097
5537,complete,22,2697,21,10,10,2459
5538,complete,7,519,33,9,9,1092
5539,complete,13,1148,27,9,9,1652
5540,complete,12,1299,19,9,9,1439
5541,complete,14,1023,10,5,5,1631
5542,complete,15,1570,11,7,7,2818
5543,complete,9,1068,27,10,10,1548
5544,complete,16,2064,21,8,8,2197
5545,complete,12,1074,14,8,8,1952
5546,complete,20,1706,19,11,11,2377
5547,complete,15,1387,30,12,12,2091
5548,complete,10,1071,28,11,11,1313
5549,complete,17,2010,18,9,9,1783
5550,complete,8,575,30,9,9,1263
5551,complete,4,343,32,6,6,754
5552,complete,12,1123,30,9,9,1479
5553,complete,11,1095,22,9,9,1337
5554,complete,16,1847,33,7,7,1692
5555,complete,11,873,19,10,10,1487
5556,complete,13,1345,34,8,8,1496
5557,complete,18,2021,17,5,5,1761
5558,complete,16,1093,9,5,5,1804
5559,complete,19,2050,24,7,7,1996
5560,complete,8,683,21,9,9,1185
5561,complete,7,598,29,5,5,1028
5562,complete,19,2875,27,8,8,6836
5563,complete,16,1452,20,11,11,3130
5564,complete,12,752,17,9,9,1836
5565,complete,16,1438,18,11,11,1979
5566,complete,20,1238,14,8,8,2536
5567,complete,8,747,21,8,8,1113
5568,complete,12,1339,13,9,9,1426
5569,complete,5,348,20,8,8,888
5570,complete,22,2855,12,7,7,2154
5571,complete,8,864,29,9,9,1093
5572,complete,12,1527,36,7,7,253369
5573,complete,18,1412,11,7,7,2174
5574,complete,10,799,21,9,9,1420
5575,complete,21,1883,16,9,9,2639
5576,complete,16,1278,22,13,13,3008
5577,complete,10,938,24,9,9,1912
5578,complete,9,1275,37,8,8,1018
5579,complete,7,807,31,8,8,921
5580,complete,17,1665,20,12,12,2091
5581,complete,10,921,14,8,8,1370
5582,complete,14,1321,23,8,8,1616
5583,complete,15,2134,12,8,8,1434
5584,complete,11,974,21,6,6,1163
5585,complete,9,931,15,10,10,1176
5586,complete,12,1046,20,10,10,1598
5587,complete,14,1116,25,10,10,1807
5588,complete,14,942,26,13,13,1815
5589,complete,13,1441,29,6,6,1478
5590,complete,8,635,21,10,10,1223
5591,complete,17,1014,19,10,10,2000
5592,complete,14,1556,25,9,9,667968
5593,complete,13,1540,17,6,6,1343
5594,complete,15,1039,23,9,9,1998
5595,complete,17,1649,23,9,9,1988
5596,complete,8,297,26,9,9,1208
5597,complete,11,1563,22,5,5,942
5598,complete,12,1020,17,6,6,1283
5599,complete,10,709,26,11,11,1341
5600,complete,13,1566,23,11,11,3034
5601,complete,11,1409,31,8,8,1242
5602,complete,12,963,27,12,12,1625
5603,complete,13,1719,27,7,7,1298
5604,complete,20,2119,8,4,4,2403
5605,complete,9,720,17,10,10,1319
5606,complete,14,1551,24,8,8,1688
5607,complete,17,1717,16,10,10,1860
5608,complete,9,621,28,11,11,1308
5609,complete,17,888,23,11,11,2045
5610,complete,9,588,25,10,10,1279
5611,complete,20,1577,21,10,10,2786
5612,complete,9,903,26,10,10,1232
5613,complete,14,1389,23,10,10,1621
5614,complete,18,2304,14,7,7,1935
5615,complete,9,682,16,10,10,1336
5616,complete,19,1879,22,7,7,1899
5617,complete,8,847,20,7,7,1019
5618,complete,12,1198,21,11,11,1477
5619,complete,14,2037,28,12,12,1459
5620,complete,10,512,25,12,12,1550
5621,complete,11,917,17,10,10,1824
5622,complete,11,1177,26,10,10,1406
5623,complete,16,1275,20,12,12,2716
5624,complete,10,1183,22,10,10,1707
5625,complete,15,1476,16,9,9,2481
5626,complete,19,2380,17,10,10,1996
5627,complete,20,1767,26,11,11,2530
5628,complete,19,1812,20,9,9,1956
5629,complete,11,891,25,10,10,1628
5630,complete,12,1361,21,7,7,1810
5631,complete,17,1887,22,10,10,2208
5632,complete,17,2036,25,11,11,13052
5633,complete,14,859,26,9,9,1799
5634,complete,21,1949,27,14,14,3002
5635,complete,15,1418,26,11,11,1893
5636,complete,10,1088,22,9,9,1210
5637,complete,12,1752,23,8,8,1304
5638,complete,10,1191,23,8,8,1129
5639,complete,10,1158,17,6,6,1229
5640,complete,16,2139,29,10,10,1668
5641,complete,15,2200,15,5,5,1499
5642,complete,7,559,21,9,9,971
5643,complete,16,1488,10,4,4,1708
5644,complete,25,2770,23,4,4,2722
5645,complete,14,1050,13,8,8,2128
5646,complete,24,2624,9,7,7,3271
5647,complete,10,1052,24,8,8,1338
5648,complete,12,1128,24,10,10,1539
5649,complete,26,3548,9,5,5,2343
5650,complete,14,1802,31,7,7,1509
5651,complete,19,2250,20,7,7,1942
5652,complete,6,298,20,10,10,1059
5653,complete,7,749,14,7,7,846
5654,complete,10,1182,20,8,8,1205
5655,complete,11,1708,33,6,6,1067
5656,complete,9,609,27,10,10,1941
5657,complete,16,1779,27,12,12,2506
5658,complete,13,1035,27,11,11,2156
5659,complete,7,641,25,8,8,1521
5660,complete,9,923,17,8,8,1565
5661,complete,18,2402,10,7,7,1751
5662,complete,11,877,18,11,11,1516
5663,complete,16,1696,8,5,5,1694
5664,complete,9,821,19,8,8,1257
5665,complete,12,1869,46,10,10,1266
5666,complete,16,1722,32,8,8,1810
5667,complete,18,2212,19,8,8,1946
5668,complete,12,1720,24,13,13,1399
5669,complete,13,897,24,14,14,1958
5670,complete,14,1613,14,8,8,1532
5671,complete,13,1654,29,9,9,1410
5672,complete,15,1654,23,6,6,1678
5673,complete,17,1692,19,9,9,1778
5674,complete,19,1973,30,11,11,6086
5675,complete,16,1366,11,6,6,2285
5676,complete,16,1304,23,8,8,3126
5677,complete,11,890,22,10,10,3210
5678,complete,12,1483,21,7,7,1296
5679,complete,12,838,15,7,7,1358
5680,complete,12,1482,23,10,10,1343
5681,complete,14,1909,15,8,8,1358
5682,complete,11,1088,28,8,8,1311
5683,complete,8,497,9,7,7,1084
5684,complete,18,2057,14,7,7,1852
5685,complete,8,426,25,7,7,2266
5686,complete,13,1452,24,10,10,1465
5687,complete,12,1486,5,4,4,1325
5688,complete,18,875,23,8,8,34950
5689,complete,12,813,10,7,7,1539
5690,complete,12,1539,14,7,7,1271
5691,complete,15,1496,20,10,10,1619
5692,complete,6,600,40,9,9,929
5693,complete,7,592,17,7,7,1013
5694,complete,19,2170,14,7,7,1847
5695,complete,25,2951,24,11,11,4149
5696,complete,9,753,13,6,6,1138
5697,complete,17,1554,19,8,8,2055
5698,complete,10,713,14,8,8,1949
5699,complete,14,726,24,9,9,1918
5700,complete,16,1902,21,8,8,1466
5701,complete,10,842,19,8,8,1343
5702,complete,15,1413,26,9,9,1797
5703,complete,9,478,16,8,8,1334
5704,complete,14,1543,12,9,9,1578
5705,complete,20,2944,36,8,8,18886
5706,complete,14,991,11,7,7,1596
5707,complete,14,1623,22,9,9,18179
5708,complete,9,975,25,12,12,1587
5709,complete,11,815,26,8,8,1714
5710,complete,14,784,31,13,13,1981
5711,complete,14,1996,24,12,12,74834
5712,complete,19,1764,18,8,8,2028
5713,complete,13,1623,17,8,8,1477
5714,complete,16,1618,17,9,9,1953
5715,complete,18,2484,26,12,12,1826
5716,complete,16,1999,26,13,13,1590
5717,complete,14,880,23,9,9,1668
5718,complete,9,853,23,8,8,1262
5719,complete,19,2170,29,11,11,1817
5720,complete,11,673,18,9,9,1558
5721,complete,21,2318,20,6,6,2320
5722,complete,19,2770,35,4,4,1635
5723,complete,12,1394,27,9,9,1320
5724,complete,14,1309,23,7,7,1537
5725,complete,11,1409,12,7,7,1277
5726,complete,14,1481,20,8,8,1633
5727,complete,15,1602,29,12,12,1834
5728,complete,12,1049,18,8,8,1535
5729,complete,13,1755,14,8,8,1576
5730,complete,9,731,18,8,8,1229
5731,complete,13,1282,20,10,10,1639
5732,complete,11,1088,16,10,10,1430
5733,complete,10,1196,19,10,10,1718
5734,complete,13,1898,26,10,10,1972
5735,complete,13,1500,15,7,7,2226
5736,complete,17,1696,25,12,12,2090
5737,complete,8,767,23,9,9,1046
5738,complete,11,1450,20,8,8,1117
5739,complete,15,1608,10,5,5,1439
5740,complete,9,513,24,11,11,1360
5741,complete,8,617,22,7,7,1097
5742,complete,14,1920,29,9,9,1461
5743,complete,19,2047,42,16,16,2211
5744,complete,12,1061,16,9,9,1640
5745,complete,29,2862,22,9,9,5021
5746,complete,13,1233,12,3,3,1621
5747,complete,9,870,31,15,15,1336
5748,complete,20,1986,24,10,10,2372
5749,complete,16,2149,19,9,9,1469
5750,complete,25,3483,22,8,8,2402
5751,complete,17,1859,29,14,14,1788
5752,complete,10,1151,14,5,5,993
5753,complete,13,1784,27,6,6,1207
5754,complete,15,1857,20,7,7,1938
5755,complete,12,874,21,11,11,1813
5756,complete,16,1565,15,7,7,1752
5757,complete,11,549,25,11,11,1607
5758,complete,19,2830,22,6,6,1605
5759,complete,13,859,21,9,9,1602
5760,complete,18,2664,29,9,9,6718
5761,complete,14,1175,18,8,8,1533
5762,complete,11,880,14,8,8,1474
5763,complete,16,1124,15,7,7,1984
5764,complete,10,1054,19,9,9,1302
5765,complete,24,2437,24,10,10,2686
5766,complete,11,1641,34,9,9,1281
5767,complete,12,1760,24,5,5,5974
5768,complete,11,1336,28,12,12,1336
5769,complete,11,1589,34,8,8,1155
5770,complete,11,756,17,7,7,1450
5771,complete,15,1448,20,5,5,1568
5772,complete,15,1728,12,9,9,1680
5773,complete,10,770,28,10,10,2165
5774,complete,17,1655,23,9,9,2023
5775,complete,12,1079,16,7,7,1503
5776,complete,22,2904,18,9,9,2089
5777,complete,11,1531,36,10,10,1193
5778,complete,13,1237,14,8,8,1854
5779,complete,14,1223,16,9,9,2222
5780,complete,9,891,17,9,9,1502
5781,complete,12,1299,27,12,12,2015
5782,complete,16,1702,13,7,7,1648
5783,complete,8,1025,22,6,6,1161
5784,complete,10,801,27,14,14,2261
5785,complete,17,1816,13,7,7,2706
5786,complete,14,1886,13,7,7,1444
5787,complete,14,1525,17,6,6,1672
5788,complete,6,586,23,9,9,903
5789,complete,12,1200,10,5,5,1220
5790,complete,6,429,22,5,5,923
5791,complete,12,386,23,10,10,1717
5792,complete,5,415,27,6,6,851
5793,complete,20,1492,17,8,8,2746
5794,complete,13,2013,35,7,7,1604
5795,complete,11,1514,21,7,7,1891
5796,complete,20,1816,18,11,11,2343
5797,complete,12,1444,9,4,4,357669
5798,complete,15,1259,29,11,11,2135
5799,complete,19,1433,19,10,10,2290
5800,complete,7,577,15,7,7,1232
5801,complete,12,1665,18,8,8,1309
5802,complete,23,2856,14,8,8,2171
5803,complete,23,2625,19,8,8,2461
5804,complete,12,1188,14,7,7,1297
5805,complete,16,1849,27,9,9,1606
5806,complete,13,1081,27,11,11,1575
5807,complete,9,795,23,8,8,1401
5808,complete,11,1215,16,9,9,1353
5809,complete,14,1210,18,7,7,1930
5810,complete,20,1763,15,8,8,2607
5811,complete,15,1544,15,8,8,6141
5812,complete,11,837,12,8,8,1512
5813,complete,10,892,34,11,11,1849
5814,complete,15,1340,19,7,7,2349
5815,complete,10,593,27,10,10,1535
5816,complete,19,2380,16,9,9,2055
5817,complete,16,2051,17,9,9,1588
5818,complete,23,3176,19,9,9,18310
5819,complete,11,1400,10,5,5,1183
5820,complete,15,1450,20,11,11,1737
5821,complete,23,2243,26,9,9,2465
5822,complete,9,507,22,11,11,1372
5823,complete,14,1103,15,8,8,2655
5824,complete,7,799,23,9,9,1101
5825,complete,12,952,20,10,10,1585
5826,complete,11,1151,15,8,8,1339
5827,complete,14,1304,13,7,7,1561
5828,complete,26,1765,13,8,8,4126
5829,complete,16,1046,18,10,10,1935
5830,complete,11,598,17,8,8,1521
5831,complete,12,705,17,10,10,1910
5832,complete,5,512,31,4,4,1087
5833,complete,15,1176,27,12,12,2569
5834,complete,10,958,24,11,11,1708
5835,complete,9,624,23,9,9,1833
5836,complete,13,1630,14,6,6,1729
5837,complete,12,905,12,8,8,1605
5838,complete,22,1392,22,8,8,2757
5839,complete,14,1399,20,8,8,1618
5840,complete,14,1158,13,6,6,1796
5841,complete,8,1066,23,6,6,903
5842,complete,12,841,28,14,14,1756
5843,complete,12,1370,25,13,13,1550
5844,complete,18,2910,15,6,6,1661
5845,complete,13,1386,19,6,6,1415
5846,complete,16,1779,22,7,7,2314
5847,complete,8,785,27,9,9,1453
5848,complete,21,2105,21,11,11,2287
5849,complete,12,1478,26,7,7,1234
5850,complete,12,1286,20,10,10,1589
5851,complete,11,1265,19,7,7,1259
5852,complete,16,1082,27,12,12,2424
5853,complete,13,1193,38,10,10,1744
5854,complete,11,692,15,7,7,1627
5855,complete,12,1074,19,8,8,2417
5856,complete,10,1038,24,11,11,1408
5857,complete,9,498,13,6,6,1219
5858,complete,12,1290,26,10,10,1297
5859,complete,6,453,36,8,8,890
5860,complete,10,829,26,8,8,1352
5861,complete,19,1972,30,10,10,2118
5862,complete,17,1864,20,11,11,1645
5863,complete,13,1464,14,7,7,1515
5864,complete,12,1511,18,6,6,4216
5865,complete,11,816,15,7,7,2273
5866,complete,10,1223,13,5,5,1052
5867,complete,15,1662,29,12,12,1787
5868,complete,20,2141,13,6,6,1998
5869,complete,17,1398,32,11,11,2074
5870,complete,15,1061,21,10,10,1887
5871,complete,20,2311,22,8,8,2041
5872,complete,18,1752,26,10,10,2283
5873,complete,16,2200,24,12,12,1672
5874,complete,9,775,24,9,9,1453
5875,complete,10,1023,13,6,6,1719
5876,complete,10,1161,34,12,12,2131
5877,complete,22,2701,24,6,6,4190
5878,complete,12,1242,28,8,8,1615
5879,complete,10,692,18,9,9,1308
5880,complete,10,834,23,7,7,1299
5881,complete,19,1859,23,11,11,2073
5882,complete,14,1401,20,10,10,1713
5883,complete,7,716,32,10,10,1047
5884,complete,16,2070,29,9,9,1709
5885,complete,7,475,28,10,10,1562
5886,complete,16,1410,22,7,7,2813
5887,complete,13,1477,18,12,12,1522
5888,complete,9,881,40,11,11,1274
5889,complete,20,2296,19,5,5,7264
5890,complete,12,1231,42,13,13,1546
5891,complete,20,1547,14,8,8,2234
5892,complete,11,1011,16,9,9,1472
5893,complete,11,1135,16,8,8,1352
5894,complete,8,544,16,8,8,1125
5895,complete,6,535,20,7,7,877
5896,complete,9,448,18,10,10,1254
5897,complete,13,1386,18,8,8,1481
5898,complete,8,640,25,9,9,1129
5899,complete,13,1844,18,9,9,1329
5900,complete,14,1336,16,6,6,1465
5901,complete,12,939,15,6,6,1410
5902,complete,10,1418,33,8,8,1095
5903,complete,17,1358,16,7,7,1868
5904,complete,14,1622,17,6,6,1853
5905,complete,9,1076,16,8,8,1204
5906,complete,15,1981,16,6,6,1377
5907,complete,9,387,29,10,10,1546
5908,complete,7,483,23,8,8,1118
5909,complete,8,1012,21,6,6,898
5910,complete,10,1299,18,8,8,1158
5911,complete,17,2124,26,7,7,1891
5912,complete,12,1304,9,4,4,1188
5913,complete,18,1591,18,9,9,2080
5914,complete,18,1827,25,11,11,2919
5915,complete,12,1110,21,8,8,1317
5916,complete,21,2597,18,11,11,2072
5917,complete,14,1638,29,8,8,1611
5918,complete,10,1150,22,8,8,1222
5919,complete,11,1041,10,5,5,1374
5920,complete,8,966,11,6,6,944
5921,complete,11,608,19,9,9,1557
5922,complete,11,820,10,7,7,1330
5923,complete,11,885,7,3,3,1240
5924,complete,14,2045,12,5,5,35872
5925,complete,11,1292,13,7,7,1428
5926,complete,11,988,21,10,10,1299
5927,complete,18,1999,17,8,8,1930
5928,complete,10,1002,17,9,9,1216
5929,complete,14,1070,19,10,10,1628
5930,complete,8,382,18,8,8,1260
5931,complete,8,855,16,5,5,1413
5932,complete,19,1369,32,12,12,3336
5933,complete,13,1428,17,9,9,1660
5934,complete,9,977,23,10,10,1222
5935,complete,9,805,14,5,5,1041
5936,complete,17,1956,18,12,12,1972
5937,complete,6,652,18,5,5,801
5938,complete,7,240,24,9,9,1174
5939,complete,23,2673,15,7,7,5021
5940,complete,14,1734,23,11,11,2458
5941,complete,10,893,27,8,8,1872
5942,complete,9,802,24,7,7,2247
5943,complete,27,2334,23,11,11,3559
5944,complete,21,2421,39,11,11,2384
5945,complete,9,587,18,9,9,1349
5946,complete,11,698,34,12,12,1513
5947,complete,11,745,24,5,5,1379
5948,complete,11,732,18,9,9,1462
5949,complete,16,1232,26,9,9,1925
5950,complete,15,2265,28,12,12,1984
5951,complete,11,512,26,9,9,1666
5952,complete,10,1231,39,10,10,1163
5953,complete,18,2142,19,8,8,1777
5954,complete,12,1157,11,6,6,1415
5955,complete,21,2615,32,9,9,2280
5956,complete,20,1925,13,8,8,2095
5957,complete,7,653,13,7,7,1062
5958,complete,6,397,23,10,10,1086
5959,complete,15,1880,39,11,11,1786
5960,complete,19,1522,16,9,9,2264
5961,complete,16,1359,17,6,6,1518
5962,complete,10,1068,27,9,9,1322
5963,complete,15,1182,14,6,6,1681
5964,complete,13,1339,19,9,9,1492
5965,complete,9,719,18,5,5,1167
5966,complete,14,521,32,12,12,1986
5967,complete,9,1359,31,3,3,1031
5968,complete,14,1751,24,9,9,1452
5969,complete,19,1778,19,6,6,2065
5970,complete,13,932,9,4,4,1493
5971,complete,13,1535,25,8,8,1271
5972,complete,22,2570,23,11,11,5802
5973,complete,16,1550,17,7,7,1945
5974,complete,17,1647,22,9,9,1882
5975,complete,14,1507,24,9,9,1500
5976,complete,10,911,28,10,10,1366
5977,complete,19,2199,25,9,9,2631
5978,complete,13,1511,32,11,11,1585
5979,complete,9,1090,26,8,8,1140
5980,complete,13,1005,26,11,11,2051
5981,complete,14,1427,23,10,10,1696
5982,complete,16,1594,17,6,6,1606
5983,complete,7,704,25,7,7,953
5984,complete,16,1369,22,9,9,1828
5985,complete,14,1685,14,8,8,1608
5986,complete,15,1969,22,9,9,1647
5987,complete,11,1328,27,12,12,1337
5988,complete,10,1083,26,12,12,1273
5989,complete,6,686,30,5,5,926
5990,complete,11,1338,30,8,8,1360
5991,complete,10,1236,23,8,8,1230
5992,complete,11,1069,16,9,9,1368
5993,complete,8,426,21,6,6,1137
5994,complete,13,802,12,6,6,1632
5995,complete,11,671,25,8,8,1562
5996,complete,15,1329,20,9,9,1719
5997,complete,9,688,22,10,10,1257
5998,complete,10,991,15,7,7,1318
5999,complete,18,1931,10,6,6,2145
6000,complete,16,1477,11,8,8,2231
6001,complete,16,1661,27,6,6,1652
6002,complete,12,1096,18,10,10,1508
6003,complete,13,1113,17,9,9,1591
6004,complete,8,641,12,6,6,1618
6005,complete,11,853,28,9,9,2422
6006,complete,17,1082,7,5,5,2187
6007,complete,9,664,32,11,11,1424
6008,complete,14,1640,23,10,10,1559
6009,complete,18,1853,16,9,9,1950
6010,complete,24,2849,23,13,13,2427
6011,complete,21,2715,34,8,8,2231
6012,complete,10,756,26,10,10,1450
6013,complete,17,1807,11,8,8,1661
6014,complete,13,1176,13,6,6,1385
6015,complete,13,640,18,10,10,1711
6016,complete,12,1136,15,8,8,1527
6017,complete,17,2224,16,5,5,1465
6018,complete,25,2688,11,7,7,2438
6019,complete,23,1721,17,9,9,2612
6020,complete,15,1492,18,10,10,1755
6021,complete,14,1769,27,10,10,1499
6022,complete,10,668,31,13,13,1460
6023,complete,10,1228,22,7,7,1530
6024,complete,14,1213,26,9,9,2532
6025,complete,14,1275,17,8,8,2373
6026,complete,11,1004,22,8,8,1909
6027,complete,15,1167,16,9,9,1912
6028,complete,14,1734,25,7,7,1626
6029,complete,10,1061,16,9,9,1390
6030,complete,10,1225,18,8,8,1026
6031,complete,23,2376,26,10,10,2263
6032,complete,14,1548,16,8,8,1578
6033,complete,11,705,21,10,10,1546
6034,complete,17,1574,9,6,6,1918
6035,complete,8,623,27,11,11,1267
6036,complete,7,536,22,7,7,1022
6037,complete,8,938,40,10,10,1364
6038,complete,11,778,24,8,8,2337
6039,complete,11,768,20,8,8,1849
6040,complete,15,1028,19,8,8,1867
6041,complete,12,1078,13,8,8,1983
6042,complete,22,2381,25,9,9,2438
6043,complete,8,594,14,7,7,1135
6044,complete,16,1182,14,6,6,1750
6045,complete,20,2078,26,12,12,2323
6046,complete,20,2242,26,10,10,2086
6047,complete,10,1007,17,9,9,1248
6048,complete,15,1152,19,10,10,1696
6049,complete,16,1314,26,8,8,1861
6050,complete,17,1146,24,8,8,2069
6051,complete,9,1012,16,5,5,1148
6052,complete,10,726,26,12,12,1418
6053,complete,9,1155,19,8,8,968
6054,complete,11,1259,19,9,9,1333
6055,complete,17,1676,24,5,5,1686
6056,complete,9,970,21,10,10,1204
6057,complete,16,1365,15,7,7,1647
6058,complete,12,901,24,10,10,2287
6059,complete,5,445,32,8,8,861
6060,complete,11,1087,18,10,10,1325
6061,complete,10,1211,25,8,8,1249
6062,complete,12,669,36,13,13,1811
6063,complete,11,881,32,13,13,1517
6064,complete,9,551,25,11,11,1333
6065,complete,13,1271,24,10,10,1678
6066,complete,12,1586,25,6,6,1349
6067,complete,11,1278,12,7,7,1237
6068,complete,13,777,20,12,12,1840
6069,complete,9,918,12,8,8,1231
6070,complete,21,2321,19,10,10,2123
6071,complete,12,1170,18,5,5,1364
6072,complete,11,1457,23,6,6,1313
6073,complete,11,761,27,13,13,2045
6074,complete,9,935,17,8,8,1089
6075,complete,8,614,19,7,7,1095
6076,complete,16,2524,12,8,8,1503
6077,complete,11,808,26,8,8,1595
6078,complete,10,777,15,8,8,2059
6079,complete,10,1313,27,10,10,1135
6080,complete,9,700,27,8,8,1439
6081,complete,8,833,22,6,6,985
6082,complete,10,706,28,8,8,4663
6083,complete,11,1123,16,8,8,1296
6084,complete,14,1031,17,11,11,1714
6085,complete,13,882,26,11,11,2015
6086,complete,13,1416,15,8,8,4934
6087,complete,12,1378,16,9,9,1429
6088,complete,21,2406,32,8,8,2279
6089,complete,19,2256,28,14,14,2479
6090,complete,12,1075,16,7,7,2206
6091,complete,12,1420,20,9,9,1464
6092,complete,16,1767,17,9,9,1631
6093,complete,13,667,30,9,9,1823
6094,complete,11,1132,23,8,8,1216
6095,complete,5,393,28,7,7,964
6096,complete,9,670,22,9,9,1235
6097,complete,16,1203,22,7,7,1816
6098,complete,12,1899,28,7,7,3704
6099,complete,9,1034,18,5,5,1074
6100,complete,17,1587,28,12,12,3104
6101,complete,20,1497,24,11,11,4095
6102,complete,14,1960,14,5,5,1372
6103,complete,11,766,18,8,8,1443
6104,complete,12,657,19,8,8,1555
6105,complete,13,1514,22,12,12,1544
6106,complete,27,3544,7,6,6,3158
6107,complete,13,1469,24,8,8,1519
6108,complete,16,1708,20,9,9,1608
6109,complete,8,358,19,7,7,1176
6110,complete,9,1024,28,10,10,1178
6111,complete,10,639,18,10,10,1401
6112,complete,8,343,20,8,8,1151
6113,complete,10,626,29,13,13,1492
6114,complete,10,897,16,8,8,1760
6115,complete,8,712,31,10,10,1728
6116,complete,13,776,31,10,10,2877
6117,complete,14,1775,25,11,11,2216
6118,complete,13,1027,20,10,10,1666
6119,complete,15,1555,20,11,11,1967
6120,complete,8,756,22,7,7,1237
6121,complete,8,716,26,10,10,1250
6122,complete,12,1398,17,8,8,1411
6123,complete,20,2425,21,8,8,4065
6124,complete,10,1210,23,8,8,1151
6125,complete,12,1011,17,7,7,1481
6126,complete,13,1416,14,8,8,1452
6127,complete,15,1231,25,10,10,1800
6128,complete,14,1438,26,9,9,1613
6129,complete,11,842,23,9,9,1424
6130,complete,10,963,16,9,9,1310
6131,complete,19,2129,16,5,5,2247
6132,complete,21,1273,19,12,12,2655
6133,complete,11,829,26,10,10,1499
6134,complete,8,556,31,10,10,1137
6135,complete,13,1167,21,9,9,1677
6136,complete,12,1418,10,6,6,1431
6137,complete,12,1134,25,10,10,1532
6138,complete,10,725,16,8,8,1408
6139,complete,17,1195,22,10,10,2072
6140,complete,10,1074,31,11,11,1241
6141,complete,11,910,15,8,8,1476
6142,complete,6,464,21,7,7,914
6143,complete,11,1005,23,12,12,1463
6144,complete,10,632,28,9,9,1392
6145,complete,13,1495,22,10,10,1595
6146,complete,14,1096,14,8,8,1751
6147,complete,14,1911,25,10,10,1436
6148,complete,15,2175,20,8,8,1600
6149,complete,14,2104,29,8,8,1347
6150,complete,11,990,24,12,12,1425
6151,complete,12,1253,11,5,5,1525
6152,complete,5,407,30,9,9,1278
6153,complete,12,1528,20,9,9,1431
6154,complete,9,915,25,12,12,1313
6155,complete,10,853,30,11,11,1445
6156,complete,14,891,24,12,12,2910
6157,complete,21,2268,20,6,6,2820
6158,complete,15,1442,22,10,10,1873
6159,complete,21,2593,26,11,11,2098
6160,complete,9,662,15,8,8,1296
6161,complete,8,676,21,11,11,1248
6162,complete,23,2564,13,8,8,2310
6163,complete,16,1544,16,6,6,1763
6164,complete,21,2492,22,10,10,1967
6165,complete,12,1712,25,9,9,1299
6166,complete,19,2228,21,10,10,1827
6167,complete,14,1151,22,10,10,1817
6168,complete,13,1461,19,11,11,1463
6169,complete,7,763,21,7,7,990
6170,complete,9,1125,25,7,7,1178
6171,complete,13,699,23,11,11,1829
6172,complete,8,576,19,10,10,1171
6173,complete,8,829,30,7,7,1129
6174,complete,18,2255,26,10,10,1844
6175,complete,16,2096,15,8,8,1512
6176,complete,12,1179,11,7,7,1273
6177,complete,17,1402,19,10,10,3775
6178,complete,10,1030,18,8,8,1350
6179,complete,15,1444,12,7,7,1550
6180,complete,17,1445,30,11,11,2145
6181,complete,10,1033,18,6,6,1145
6182,complete,11,1304,18,8,8,1242
6183,complete,11,1193,19,7,7,1403
6184,complete,14,1569,35,11,11,1650
6185,complete,12,851,33,8,8,1723
6186,complete,8,771,30,11,11,1906
6187,complete,21,2290,15,12,12,2348
6188,complete,18,1581,20,7,7,2131
6189,complete,14,1422,5,3,3,1575
6190,complete,11,889,25,12,12,1553
6191,complete,16,1903,17,8,8,1658
6192,complete,7,681,18,7,7,924
6193,complete,18,2009,33,14,14,2117
6194,complete,11,1293,33,8,8,1360
6195,complete,13,1192,17,7,7,1473
6196,complete,20,2262,24,9,9,9032
6197,complete,10,546,18,8,8,1515
6198,complete,8,574,18,8,8,1147
6199,complete,12,1105,22,6,6,1397
6200,complete,8,794,20,9,9,1083
6201,complete,16,1246,6,4,4,1756
6202,complete,11,704,23,8,8,1579
6203,complete,12,1180,22,13,13,1689
6204,complete,22,1966,22,10,10,2680
6205,complete,15,1469,20,10,10,1650
6206,complete,20,1452,27,12,12,2409
6207,complete,17,2112,20,7,7,1601
6208,complete,16,1588,21,6,6,1815
6209,complete,14,1439,20,10,10,1604
6210,complete,12,1454,22,9,9,1354
6211,complete,8,698,24,8,8,1169
6212,complete,20,2246,15,8,8,2123
6213,complete,15,1718,19,8,8,1552
6214,complete,11,992,31,11,11,1697
6215,complete,20,2044,21,8,8,1889
6216,complete,13,1683,21,10,10,1551
6217,complete,20,1502,14,7,7,2263
6218,complete,11,1031,23,11,11,1452
6219,complete,12,854,29,13,13,1567
6220,complete,15,1536,34,7,7,1582
6221,complete,23,1959,16,8,8,2662
6222,complete,14,795,16,8,8,1649
6223,complete,12,1588,25,9,9,1291
6224,complete,12,1518,15,9,9,1387
6225,complete,13,1155,28,14,14,1705
6226,complete,16,1756,23,10,10,1659
6227,complete,11,671,29,8,8,1412
6228,complete,10,447,27,9,9,1463
6229,complete,12,1556,16,10,10,1364
6230,complete,18,1918,11,7,7,2160
6231,complete,10,889,16,9,9,2138
6232,complete,13,1096,20,8,8,2362
6233,complete,8,638,24,11,11,1707
6234,complete,15,1441,14,8,8,2136
6235,complete,10,737,22,11,11,1699
6236,complete,18,2612,15,6,6,2548
6237,complete,18,1834,16,10,10,2596
6238,complete,15,2054,15,8,8,49923
6239,complete,27,3641,25,11,11,3018
6240,complete,9,1155,18,5,5,937
6241,complete,6,425,43,10,10,1088
6242,complete,5,312,24,8,8,891
6243,complete,13,1293,27,11,11,1392
6244,complete,16,1580,17,8,8,1831
6245,complete,10,821,20,7,7,1329
6246,complete,13,2018,26,7,7,1209
6247,complete,14,704,20,11,11,2006
6248,complete,14,1387,4,4,4,1527
6249,complete,11,1053,24,8,8,1385
6250,complete,9,1108,21,6,6,911
6251,complete,9,1059,19,7,7,1154
6252,complete,7,591,23,9,9,1024
6253,complete,11,1263,23,8,8,1145
6254,complete,15,1591,29,14,14,1810
6255,complete,19,1387,18,10,10,2265
6256,complete,12,1169,14,9,9,2218
6257,complete,5,391,30,7,7,896
6258,complete,7,584,24,11,11,1132
6259,complete,10,852,18,10,10,1374
6260,complete,11,462,34,10,10,1688
6261,complete,15,2282,23,8,8,1387
6262,complete,19,1671,16,6,6,2097
6263,complete,18,1887,17,9,9,2032
6264,complete,18,1545,19,11,11,2212
6265,complete,9,476,25,11,11,1435
6266,complete,11,857,13,6,6,1363
6267,complete,15,1566,23,9,9,1492
6268,complete,25,3091,23,7,7,355542
6269,complete,18,1767,11,5,5,2043
6270,complete,14,1316,14,9,9,1662
6271,complete,8,732,7,4,4,952
6272,complete,15,1251,19,9,9,1802
6273,complete,10,749,24,10,10,1427
6274,complete,7,449,26,9,9,1220
6275,complete,13,611,27,13,13,2202
6276,complete,17,1166,15,9,9,1944
6277,complete,20,1910,26,10,10,2176
6278,complete,19,1829,23,9,9,2158
6279,complete,13,1505,12,7,7,1466
6280,complete,13,1400,16,6,6,1349
6281,complete,8,765,27,10,10,1183
6282,complete,16,907,18,8,8,2312
6283,complete,10,860,22,8,8,1327
6284,complete,8,733,9,4,4,976
6285,complete,9,467,30,13,13,1477
6286,complete,12,702,23,12,12,1606
6287,complete,11,842,22,12,12,1438
6288,complete,11,1326,21,8,8,1327
6289,complete,9,799,19,7,7,1067
6290,complete,16,1424,13,7,7,1747
6291,complete,11,881,30,11,11,1511
6292,complete,16,982,20,11,11,1947
6293,complete,11,971,9,4,4,1858
6294,complete,11,1215,21,8,8,1839
6295,complete,17,1530,15,9,9,2266
6296,complete,18,2131,17,9,9,1914
6297,complete,14,1845,29,9,9,1661
6298,complete,14,1131,11,7,7,1494
6299,complete,19,2604,13,9,9,1644
6300,complete,12,892,20,7,7,2654
6301,complete,11,1321,18,4,4,78352
6302,complete,11,1178,36,8,8,1339
6303,complete,15,1083,20,8,8,2693
6304,complete,11,535,20,10,10,9042
6305,complete,13,961,15,8,8,1758
6306,complete,11,1165,20,5,5,2028
6307,complete,9,500,24,10,10,1280
6308,complete,9,741,28,8,8,1339
6309,complete,12,1086,17,8,8,1438
6310,complete,11,1135,22,10,10,1289
6311,complete,11,831,21,10,10,1453
6312,complete,17,1281,26,8,8,1997
6313,complete,19,2816,22,11,11,1883
6314,complete,10,1026,28,11,11,1266
6315,complete,9,1089,26,7,7,1374
6316,complete,23,2710,18,8,8,3721
6317,complete,7,399,15,10,10,1289
6318,complete,22,2756,6,4,4,1961
6319,complete,14,1605,14,6,6,1374
6320,complete,12,1131,10,5,5,1617
6321,complete,13,1282,17,9,9,2014
6322,complete,19,1674,25,12,12,30069
6323,complete,9,1107,24,8,8,1350
6324,complete,15,1125,24,12,12,2043
6325,complete,18,1916,21,8,8,1907
6326,complete,14,1135,16,10,10,1770
6327,complete,17,1633,23,6,6,1764
6328,complete,10,538,16,8,8,1852
6329,complete,5,321,14,6,6,858
6330,complete,18,1970,16,8,8,1720
6331,complete,15,1475,20,6,6,1643
6332,complete,10,749,29,8,8,1371
6333,complete,15,2140,14,6,6,3768
6334,complete,8,618,18,10,10,1182
6335,complete,8,589,34,13,13,1232
6336,complete,15,1080,9,6,6,1815
6337,complete,14,1507,23,10,10,2305
6338,complete,15,1134,22,10,10,2482
6339,complete,7,547,23,7,7,1428
6340,complete,10,689,20,9,9,1979
6341,complete,14,1586,31,15,15,1755
6342,complete,17,1566,18,8,8,2010
6343,complete,16,1365,28,14,14,2098
6344,complete,13,1533,15,7,7,1272
6345,complete,13,1310,21,9,9,1533
6346,complete,11,778,25,10,10,1642
6347,complete,10,485,26,9,9,1631
6348,complete,15,1217,19,9,9,2615
6349,complete,12,1158,21,8,8,2050
6350,complete,17,1900,24,8,8,4614
6351,complete,12,936,15,8,8,2131
6352,complete,18,2477,22,12,12,1827
6353,complete,12,803,19,10,10,1548
6354,complete,21,2462,27,12,12,2828
6355,complete,20,2374,11,6,6,2055
6356,complete,9,700,16,7,7,1228
6357,complete,14,1371,18,9,9,2412
6358,complete,20,1491,24,12,12,3554
6359,complete,17,1944,16,7,7,13082
6360,complete,12,901,19,9,9,1739
6361,complete,7,684,23,8,8,1064
6362,complete,17,1449,15,10,10,2050
6363,complete,13,1277,13,4,4,1249
6364,complete,11,1147,29,9,9,1347
6365,complete,8,466,24,8,8,1162
6366,complete,15,1673,22,12,12,1849
6367,complete,17,1757,17,8,8,2671
6368,complete,14,1999,16,7,7,2379
6369,complete,13,1536,11,7,7,2008
6370,complete,12,988,21,9,9,1782
6371,complete,12,992,14,7,7,1839
6372,complete,11,1027,14,7,7,1423
6373,complete,16,1431,22,8,8,1749
6374,complete,22,2833,18,10,10,2220
6375,complete,15,1988,20,11,11,1580
6376,complete,10,622,17,10,10,1422
6377,complete,14,1320,13,5,5,1524
6378,complete,18,1810,28,14,14,2041
6379,complete,18,2036,22,8,8,1987
6380,complete,18,2100,12,5,5,1558
6381,complete,20,2754,14,7,7,1890
6382,complete,15,1217,19,9,9,2041
6383,complete,10,613,16,7,7,1404
6384,complete,13,1203,22,10,10,1777
6385,complete,11,1050,16,9,9,1368
6386,complete,19,1951,38,12,12,2119
6387,complete,14,1704,25,11,11,1669
6388,complete,11,1244,17,8,8,1291
6389,complete,14,1154,14,7,7,1642
6390,complete,20,1888,23,10,10,2387
6391,complete,14,1093,20,11,11,1932
6392,complete,13,1182,34,12,12,1882
6393,complete,19,2157,21,9,9,2031
6394,complete,10,827,15,8,8,1217
6395,complete,8,734,21,8,8,1013
6396,complete,16,1553,26,12,12,1860
6397,complete,15,1122,19,11,11,1857
6398,complete,16,1731,13,10,10,1702
6399,complete,13,1627,19,6,6,1241
6400,complete,11,1564,24,8,8,1277
6401,complete,8,863,26,9,9,1418
6402,complete,12,1149,18,9,9,2090
6403,complete,17,2483,23,7,7,8464
6404,complete,10,803,17,8,8,1263
6405,complete,10,1342,25,8,8,1217
6406,complete,14,1816,16,7,7,1282
6407,complete,13,1120,17,9,9,1753
6408,complete,15,1872,29,9,9,1621
6409,complete,17,2075,16,10,10,2650
6410,complete,6,668,39,7,7,985
6411,complete,14,1124,12,5,5,1767
6412,complete,18,2502,19,7,7,1877
6413,complete,10,417,21,9,9,1458
6414,complete,10,736,26,12,12,1430
6415,complete,12,1520,21,7,7,1056
6416,complete,8,662,16,8,8,1329
6417,complete,9,708,28,14,14,1474
6418,complete,17,1856,29,7,7,3005
6419,complete,10,955,17,8,8,1620
6420,complete,20,2018,12,6,6,2180
6421,complete,12,1418,19,11,11,2097
6422,complete,13,1507,24,7,7,1407
6423,complete,15,1550,27,10,10,1815
6424,complete,19,2147,27,10,10,2113
6425,complete,13,1682,27,10,10,3379
6426,complete,11,1494,26,7,7,1280
6427,complete,10,911,25,10,10,1559
6428,complete,11,1576,30,9,9,1851
6429,complete,15,1079,19,10,10,3014
6430,complete,10,1035,20,12,12,1992
6431,complete,15,2073,23,8,8,1700
6432,complete,13,1216,16,6,6,1973
6433,complete,12,1288,17,10,10,1413
6434,complete,6,460,17,9,9,1321
6435,complete,16,2566,26,9,9,2078
6436,complete,7,489,30,11,11,1648
6437,complete,8,674,21,11,11,1686
6438,complete,13,943,24,9,9,2179
6439,complete,11,852,33,10,10,2311
6440,complete,15,1525,30,11,11,1899
6441,complete,10,759,25,10,10,1399
6442,complete,7,637,26,9,9,1136
6443,complete,16,2035,21,6,6,1541
6444,complete,14,1132,27,12,12,1771
6445,complete,17,912,11,6,6,2069
6446,complete,20,2075,23,14,14,2313
6447,complete,15,1340,27,11,11,2475
6448,complete,23,2013,17,7,7,3058
6449,complete,18,1967,22,7,7,1942
6450,complete,12,1445,17,7,7,1248
6451,complete,8,1023,28,6,6,942
6452,complete,10,1190,18,6,6,1149
6453,complete,14,1099,27,8,8,1737
6454,complete,11,764,23,10,10,1536
6455,complete,13,1879,34,8,8,1273
6456,complete,14,747,20,10,10,1808
6457,complete,8,1019,19,6,6,986
6458,complete,27,3294,11,8,8,2635
6459,complete,16,1516,31,12,12,1897
6460,complete,31,2940,13,10,10,4730
6461,complete,16,1837,26,13,13,1849
6462,complete,12,848,19,8,8,1471
6463,complete,13,974,23,12,12,1643
6464,complete,17,1687,9,6,6,1833
6465,complete,12,1258,18,8,8,1429
6466,complete,8,797,25,9,9,1887
6467,complete,11,583,21,8,8,2408
6468,complete,13,1248,8,5,5,1948
6469,complete,7,416,14,9,9,1015
6470,complete,13,1663,17,9,9,1307
6471,complete,9,801,17,5,5,1180
6472,complete,9,1004,21,6,6,1172
6473,complete,15,1302,10,6,6,1639
6474,complete,24,2884,13,8,8,2786
6475,complete,14,1063,25,8,8,1814
6476,complete,11,1053,26,9,9,1384
6477,complete,21,2053,12,8,8,2205
6478,complete,14,1025,19,8,8,1955
6479,complete,11,1218,27,11,11,1315
6480,complete,16,2109,17,8,8,2148
6481,complete,22,2385,30,13,13,4076
6482,complete,19,1890,6,6,6,2369
6483,complete,11,1213,17,10,10,1386
6484,complete,12,1606,18,4,4,1214
6485,complete,18,1336,17,9,9,2292
6486,complete,13,1249,21,12,12,1614
6487,complete,14,977,10,6,6,1947
6488,complete,8,750,17,7,7,1076
6489,complete,21,2691,19,10,10,2069
6490,complete,12,934,18,9,9,1506
6491,complete,17,1156,12,7,7,2121
6492,complete,10,1320,24,7,7,1131
6493,complete,12,1123,28,10,10,1605
6494,complete,16,1963,28,12,12,1716
6495,complete,16,1468,16,8,8,1798
6496,complete,11,1080,22,8,8,1408
6497,complete,11,864,13,6,6,1341
6498,complete,15,1149,24,11,11,2076
6499,complete,14,1394,20,9,9,4112
6500,complete,4,225,19,7,7,908
6501,complete,9,868,17,7,7,1538
6502,complete,19,2672,20,9,9,2407
6503,complete,18,1993,14,8,8,2336
6504,complete,16,2450,13,6,6,1972
6505,complete,18,1592,25,11,11,2526
6506,complete,17,1293,25,10,10,2040
6507,complete,15,1329,21,10,10,2089
6508,complete,13,541,18,10,10,2485
6509,complete,9,672,27,11,11,1815
6510,complete,14,1243,15,10,10,2402
6511,complete,12,1265,29,9,9,1830
6512,complete,10,1277,27,7,7,1343
6513,complete,17,1938,17,8,8,2521
6514,complete,18,2171,23,7,7,9069
6515,complete,13,1093,16,9,9,1686
6516,complete,15,1510,9,6,6,1566
6517,complete,8,851,26,8,8,1016
6518,complete,8,728,19,9,9,1119
6519,complete,7,641,28,11,11,1217
6520,complete,10,1058,23,10,10,1227
6521,complete,14,1646,24,8,8,2290
6522,complete,21,3315,15,9,9,5561
6523,complete,13,1514,17,5,5,1285
6524,complete,13,1771,28,7,7,1305
6525,complete,16,826,19,11,11,2039
6526,complete,12,596,25,10,10,1730
6527,complete,14,1333,23,8,8,1659
6528,complete,10,1128,34,4,4,1060
6529,complete,8,543,32,8,8,1233
6530,complete,11,1430,27,9,9,1290
6531,complete,11,504,26,12,12,1492
6532,complete,3,256,35,4,4,608
6533,complete,8,464,20,11,11,1218
6534,complete,10,552,32,11,11,1426
6535,complete,14,1904,24,11,11,1523
6536,complete,12,1349,21,9,9,1353
6537,complete,16,1185,18,10,10,1921
6538,complete,11,1438,29,9,9,1119
6539,complete,11,849,20,11,11,1464
6540,complete,10,975,23,11,11,1397
6541,complete,14,1309,18,8,8,2492
6542,complete,10,1159,21,9,9,1923
6543,complete,23,2456,27,12,12,6264
6544,complete,11,1444,15,7,7,1296
6545,complete,14,1768,32,8,8,1392
6546,complete,7,788,17,5,5,821
6547,complete,7,682,30,10,10,1072
6548,complete,12,1492,25,7,7,1407
6549,complete,13,1466,22,9,9,1433
6550,complete,14,1629,18,9,9,1970
6551,complete,13,1092,20,12,12,2659
6552,complete,8,420,29,11,11,1752
6553,complete,9,1031,12,7,7,1451
6554,complete,12,1126,23,14,14,2238
6555,complete,14,1330,16,7,7,1755
6556,complete,13,1267,19,8,8,1504
6557,complete,6,826,38,7,7,871
6558,complete,17,1865,7,6,6,1513
6559,complete,13,993,21,10,10,1726
6560,complete,11,854,20,8,8,1327
6561,complete,7,708,24,6,6,960
6562,complete,9,802,17,8,8,1245
6563,complete,12,934,12,8,8,1778
6564,complete,15,726,11,7,7,1944
6565,complete,14,1419,11,7,7,1526
6566,complete,10,1206,12,6,6,1154
6567,complete,12,1074,31,9,9,2060
6568,complete,16,1845,23,11,11,2800
6569,complete,9,976,20,9,9,1654
6570,complete,14,933,24,10,10,1769
6571,complete,16,1374,13,8,8,3626
6572,complete,18,1049,18,9,9,2545
6573,complete,15,1439,24,9,9,1684
6574,complete,9,522,34,13,13,1410
6575,complete,29,2860,15,9,9,2903
6576,complete,11,1193,27,8,8,1685
6577,complete,18,1176,19,9,9,2151
6578,complete,12,981,19,8,8,1532
6579,complete,10,506,29,11,11,2139
6580,complete,11,1094,22,9,9,1922
6581,complete,16,1509,26,10,10,2865
6582,complete,17,1602,25,11,11,2116
6583,complete,15,1496,22,8,8,1610
6584,complete,14,1676,22,9,9,1427
6585,complete,13,1573,22,9,9,1651
6586,complete,11,1243,11,6,6,1195
6587,complete,13,1306,20,8,8,1523
6588,complete,17,1703,13,7,7,1896
6589,complete,12,820,17,9,9,1577
6590,complete,20,1703,24,7,7,2457
6591,complete,12,1582,31,9,9,2188
6592,complete,11,968,20,12,12,2420
6593,complete,15,1713,28,11,11,1918
6594,complete,14,1712,22,9,9,1534
6595,complete,8,731,26,6,6,1113
6596,complete,14,1544,23,6,6,1445
6597,complete,7,901,13,5,5,822
6598,complete,18,2207,19,11,11,1877
6599,complete,21,2008,24,7,7,2140
6600,complete,13,1648,25,13,13,3118
6601,complete,20,2668,30,7,7,1619
6602,complete,18,1531,26,10,10,3348
6603,complete,17,2123,18,9,9,1639
6604,complete,6,493,23,7,7,975
6605,complete,20,2527,22,6,6,1722
6606,complete,12,979,21,9,9,1499
6607,complete,18,1794,19,10,10,1960
6608,complete,11,1062,12,8,8,1243
6609,complete,12,836,13,8,8,1495
6610,complete,14,1309,21,10,10,1648
6611,complete,28,3160,30,9,9,6442
6612,complete,10,746,15,8,8,1406
6613,complete,9,1174,19,7,7,1086
6614,complete,16,960,11,6,6,2018
6615,complete,9,1132,21,7,7,1035
6616,complete,15,1674,24,9,9,1664
6617,complete,11,710,27,9,9,1555
6618,complete,10,963,14,8,8,1730
6619,complete,11,1097,20,8,8,2006
6620,complete,22,2442,17,9,9,3677
6621,complete,21,1527,18,8,8,3780
6622,complete,12,1252,25,10,10,2112
6623,complete,11,1181,16,9,9,1743
6624,complete,26,3410,19,12,12,3504
6625,complete,12,1046,14,6,6,1431
6626,complete,10,976,14,8,8,1253
6627,complete,10,1218,21,8,8,1108
6628,complete,14,1769,20,7,7,1360
6629,complete,27,3013,25,9,9,2721
6630,complete,20,2142,21,9,9,3979
6631,complete,12,1425,31,7,7,1368
6632,complete,10,1007,17,10,10,1322
6633,complete,11,947,27,9,9,1811
6634,complete,18,1871,26,10,10,3053
6635,complete,7,921,23,6,6,1415
6636,complete,16,959,25,10,10,2536
6637,complete,9,1085,28,8,8,1134
6638,complete,15,1733,8,5,5,1441
6639,complete,15,1317,20,8,8,1548
6640,complete,15,1687,12,8,8,79155
6641,complete,6,577,18,6,6,927
6642,complete,11,1087,17,10,10,1443
6643,complete,16,1841,25,10,10,1617
6644,complete,13,1730,24,8,8,1392
6645,complete,9,574,28,8,8,1355
6646,complete,13,908,16,10,10,1553
6647,complete,12,1366,7,5,5,1295
6648,complete,11,1546,30,9,9,1204
6649,complete,21,2404,23,10,10,2169
6650,complete,18,1458,16,8,8,2106
6651,complete,17,1465,14,6,6,1732
6652,complete,15,1531,15,10,10,1753
6653,complete,13,1169,25,10,10,1732
6654,complete,22,3383,15,7,7,1897
6655,complete,9,711,16,8,8,1281
6656,complete,12,1458,21,10,10,1606
6657,complete,12,1670,23,9,9,1295
6658,complete,19,1894,29,9,9,17294
6659,complete,14,1410,20,9,9,1647
6660,complete,13,1977,7,3,3,1062
6661,complete,14,827,19,7,7,1806
6662,complete,12,1229,15,8,8,1313
6663,complete,15,1342,26,9,9,1687
6664,complete,12,1212,21,11,11,1316
6665,complete,15,1044,14,7,7,2024
6666,complete,9,850,22,11,11,1876
6667,complete,6,535,29,9,9,985
6668,complete,11,1095,17,6,6,1310
6669,complete,11,813,27,8,8,1782
6670,complete,21,1966,28,12,12,4298
6671,complete,8,1041,25,5,5,1560
6672,complete,14,1389,20,10,10,1491
6673,complete,13,1177,15,9,9,1596
6674,complete,8,723,21,9,9,1189
6675,complete,17,1900,26,8,8,1804
6676,complete,17,1997,19,8,8,2394
6677,complete,16,1454,20,9,9,1830
6678,complete,19,1829,25,10,10,2193
6679,complete,9,1125,18,7,7,1140
6680,complete,23,1850,23,11,11,9335
6681,complete,11,1493,28,9,9,11165
6682,complete,12,1324,25,9,9,1493
6683,complete,10,830,17,10,10,1449
6684,complete,8,823,30,7,7,1026
6685,complete,13,1068,8,6,6,1791
6686,complete,18,1187,13,8,8,2216
6687,complete,16,1561,14,8,8,2237
6688,complete,10,953,11,6,6,1627
6689,complete,15,1486,23,9,9,2228
6690,complete,18,2319,4,3,3,1588
6691,complete,5,342,25,7,7,774
6692,complete,14,1123,17,11,11,1855
6693,complete,17,1377,21,11,11,2015
6694,complete,12,1504,20,7,7,1172
6695,complete,8,784,24,8,8,1077
6696,complete,11,1058,15,8,8,1329
6697,complete,7,781,20,6,6,976
6698,complete,14,1388,20,8,8,66015
6699,complete,17,1170,30,16,16,2322
6700,complete,22,2695,19,8,8,3246
6701,complete,11,1163,23,11,11,1470
6702,complete,14,1459,22,6,6,1548
6703,complete,10,608,11,8,8,1472
6704,complete,18,2046,19,7,7,2611
6705,complete,16,2397,21,9,9,1722
6706,complete,13,1197,26,5,5,1511
6707,complete,13,1288,22,12,12,1598
6708,complete,11,807,14,8,8,1447
6709,complete,11,741,11,6,6,1431
6710,complete,11,504,28,11,11,1993
6711,complete,5,512,28,8,8,1057
6712,complete,10,677,17,10,10,1785
6713,complete,15,2362,20,4,4,1873
6714,complete,8,810,22,8,8,1579
6715,complete,8,528,11,4,4,1602
6716,complete,10,795,24,11,11,1355
6717,complete,26,2489,23,13,13,2978
6718,complete,12,899,14,8,8,1441
6719,complete,11,642,19,9,9,1634
6720,complete,14,1145,19,8,8,1837
6721,complete,22,1569,10,7,7,2592
6722,complete,12,1031,18,11,11,1605
6723,complete,13,695,20,8,8,1609
6724,complete,18,2174,37,11,11,2150
6725,complete,17,1182,28,15,15,2300
6726,complete,12,1079,25,12,12,1492
6727,complete,11,1064,16,7,7,1339
6728,complete,12,874,18,9,9,1528
6729,complete,11,700,16,9,9,1545
6730,complete,10,1067,16,8,8,1231
6731,complete,14,1156,15,8,8,1576
6732,complete,39,5044,14,6,6,5240
6733,complete,11,599,16,7,7,1835
6734,complete,12,795,16,8,8,2015
6735,complete,13,856,13,8,8,2480
6736,complete,11,863,23,10,10,2336
6737,complete,12,1129,20,11,11,1490
6738,complete,15,1537,16,8,8,1662
6739,complete,10,1119,27,11,11,1270
6740,complete,8,772,22,6,6,934
6741,complete,11,1249,28,8,8,1255
6742,complete,12,1499,20,7,7,1242
6743,complete,11,1364,22,9,9,1377
6744,complete,12,1505,28,8,8,1278
6745,complete,11,811,17,8,8,1387
6746,complete,19,2185,31,12,12,2011
6747,complete,11,861,25,9,9,1441
6748,complete,10,611,25,11,11,1454
6749,complete,9,1246,35,9,9,1507
6750,complete,16,1372,17,11,11,2078
6751,complete,17,1639,19,8,8,1969
6752,complete,12,1475,15,5,5,1211
6753,complete,14,1502,14,6,6,1992
6754,complete,11,891,13,7,7,1943
6755,complete,12,1375,18,6,6,1658
6756,complete,10,1138,18,10,10,1702
6757,complete,11,1250,11,8,8,1351
6758,complete,11,907,16,7,7,1498
6759,complete,10,989,15,9,9,1226
6760,complete,16,2110,23,12,12,1747
6761,complete,13,1043,18,8,8,1608
6762,complete,20,2116,22,11,11,2120
6763,complete,14,1892,25,9,9,1686
6764,complete,19,2031,30,12,12,2368
6765,complete,10,1049,17,9,9,1193
6766,complete,8,522,15,6,6,1180
6767,complete,15,1814,22,8,8,1619
6768,complete,12,870,17,9,9,1493
6769,complete,14,1634,27,9,9,2360
6770,complete,18,1020,23,12,12,3260
6771,complete,23,3177,20,10,10,2445
6772,complete,20,1608,23,10,10,3144
6773,complete,12,1196,23,7,7,5448
6774,complete,11,1435,34,14,14,1479
6775,complete,11,1274,16,9,9,1329
6776,complete,16,1430,23,11,11,1798
6777,complete,14,1019,13,6,6,1638
6778,complete,24,3116,8,6,6,2642
6779,complete,13,1526,22,10,10,1521
6780,complete,10,1208,22,7,7,1765
6781,complete,21,2749,8,5,5,2950
6782,complete,16,1731,26,15,15,2219
6783,complete,13,1034,20,8,8,1602
6784,complete,12,799,22,10,10,1635
6785,complete,14,814,19,8,8,1890
6786,complete,7,756,18,6,6,1023
6787,complete,23,2320,13,6,6,2339
6788,complete,14,1068,25,12,12,1766
6789,complete,13,1424,17,9,9,1496
6790,complete,10,789,21,7,7,1289
6791,complete,18,1132,14,8,8,3202
6792,complete,8,934,11,6,6,1553
6793,complete,16,1358,25,10,10,3258
6794,complete,22,1623,17,12,12,2726
6795,complete,8,873,29,9,9,1104
6796,complete,9,986,10,6,6,1041
6797,complete,12,1114,22,9,9,1484
6798,complete,14,945,19,8,8,1837
6799,complete,8,596,11,6,6,1075
6800,complete,13,1109,20,6,6,1579
6801,complete,22,2285,17,9,9,2303
6802,complete,19,2341,25,11,11,40112
6803,complete,13,1304,14,6,6,1351
6804,complete,6,212,24,10,10,1045
6805,complete,14,1693,18,11,11,1600
6806,complete,22,2561,13,6,6,2038
6807,complete,18,1212,22,11,11,2088
6808,complete,20,1989,22,10,10,2092
6809,complete,17,1881,13,7,7,1711
6810,complete,19,2105,24,5,5,1997
6811,complete,9,772,20,10,10,1293
6812,complete,11,1115,20,7,7,1673
6813,complete,11,1012,26,10,10,1470
6814,complete,8,716,5,2,2,897
6815,complete,9,673,21,10,10,1981
6816,complete,16,2070,25,8,8,2619
6817,complete,9,560,15,10,10,1358
6818,complete,9,959,30,6,6,1182
6819,complete,16,1970,25,8,8,1530
6820,complete,9,973,27,10,10,1307
6821,complete,12,814,16,7,7,1859
6822,complete,14,944,18,9,9,1652
6823,complete,11,1238,10,6,6,1245
6824,complete,10,1160,26,9,9,1171
6825,complete,19,1461,16,8,8,2240
6826,complete,11,1053,24,7,7,1211
6827,complete,13,1870,23,9,9,1535
6828,complete,10,1160,21,9,9,1077
6829,complete,11,1026,23,7,7,1357
6830,complete,16,1469,19,9,9,1759
6831,complete,17,1797,24,11,11,2002
6832,complete,14,1692,19,8,8,1387
6833,complete,9,953,15,8,8,1204
6834,complete,13,928,29,11,11,1740
6835,complete,7,582,20,9,9,1156
6836,complete,14,1338,16,9,9,1635
6837,complete,13,1626,24,7,7,1388
6838,complete,8,1028,28,8,8,1027
6839,complete,9,698,25,11,11,1314
6840,complete,10,820,21,10,10,1399
6841,complete,14,1986,23,3,3,1185
6842,complete,16,1394,28,10,10,1808
6843,complete,9,908,21,8,8,1207
6844,complete,7,432,23,11,11,1200
6845,complete,16,1527,24,8,8,2020
6846,complete,18,2279,27,11,11,36844
6847,complete,14,1095,21,6,6,1705
6848,complete,13,1272,30,9,9,1702
6849,complete,10,950,18,11,11,1262
6850,complete,11,1283,35,8,8,1315
6851,complete,19,1010,26,11,11,2389
6852,complete,9,786,38,11,11,1291
6853,complete,11,758,34,10,10,1538
6854,complete,12,1042,17,9,9,1540
6855,complete,11,813,25,10,10,1365
6856,complete,11,1167,18,8,8,1242
6857,complete,11,1233,15,8,8,1232
6858,complete,9,1048,18,10,10,1171
6859,complete,9,773,32,8,8,1363
6860,complete,28,3467,35,15,15,4617
6861,complete,7,577,19,6,6,1044
6862,complete,12,886,15,7,7,1592
6863,complete,12,978,16,9,9,1615
6864,complete,21,2941,28,7,7,2104
6865,complete,17,1878,25,10,10,1863
6866,complete,15,1588,14,8,8,1683
6867,complete,9,608,12,7,7,1212
6868,complete,20,2647,16,9,9,3982
6869,complete,12,1510,10,4,4,1293
6870,complete,10,1077,22,12,12,1411
6871,complete,17,1601,12,6,6,2340
6872,complete,16,1273,22,7,7,2798
6873,complete,28,4349,15,8,8,4090
6874,complete,20,2189,18,9,9,5930
6875,complete,10,639,20,12,12,1485
6876,complete,21,1890,20,9,9,2347
6877,complete,19,2149,18,10,10,1991
6878,complete,15,1796,34,10,10,1524
6879,complete,8,780,36,9,9,1139
6880,complete,9,710,17,10,10,1270
6881,complete,9,707,19,8,8,1643
6882,complete,8,817,16,5,5,1572
6883,complete,13,1350,21,7,7,2066
6884,complete,13,911,23,10,10,2344
6885,complete,20,1875,30,11,11,2399
6886,complete,13,1294,11,5,5,1502
6887,complete,7,526,28,8,8,1044
6888,complete,16,1443,21,7,7,1676
6889,complete,11,1418,14,6,6,1117
6890,complete,8,725,14,6,6,1069
6891,complete,14,1318,39,12,12,1694
6892,complete,8,641,25,8,8,1264
6893,complete,15,1638,17,10,10,1646
6894,complete,9,1094,28,7,7,1211
6895,complete,24,3684,15,9,9,2591
6896,complete,12,1219,25,9,9,1535
6897,complete,11,1254,22,9,9,2506
6898,complete,9,725,14,8,8,1838
6899,complete,7,464,26,11,11,1129
6900,complete,16,2178,39,7,7,1795
6901,complete,12,1256,21,13,13,1477
6902,complete,4,217,33,4,4,685
6903,complete,15,1240,15,7,7,1731
6904,complete,18,1396,19,9,9,2203
6905,complete,9,1066,30,9,9,1122
6906,complete,9,931,16,7,7,1219
6907,complete,9,613,33,11,11,1456
6908,complete,12,1378,12,5,5,1278
6909,complete,14,1261,25,8,8,1802
6910,complete,7,661,24,10,10,1001
6911,complete,10,1172,15,4,4,986
6912,complete,10,1259,26,9,9,1676
6913,complete,14,1591,14,10,10,2368
6914,complete,10,922,15,8,8,1929
6915,complete,11,604,19,7,7,1830
6916,complete,16,1686,29,12,12,1853
6917,complete,16,1451,15,8,8,1786
6918,complete,10,713,15,9,9,1333
6919,complete,13,1214,15,7,7,2369
6920,complete,10,774,26,9,9,2167
6921,complete,10,856,31,6,6,1299
6922,complete,11,1283,23,7,7,1924
6923,complete,13,1267,30,13,13,2024
6924,complete,11,1077,8,6,6,1340
6925,complete,10,986,23,9,9,1324
6926,complete,16,2073,16,8,8,1619
6927,complete,10,1304,22,6,6,1043
6928,complete,18,2423,22,8,8,1770
6929,complete,17,1163,15,9,9,2051
6930,complete,13,1396,12,5,5,1252
6931,complete,16,1500,27,12,12,1965
6932,complete,12,1014,20,13,13,1581
6933,complete,9,899,14,8,8,1147
6934,complete,11,1369,20,9,9,1223
6935,complete,11,800,18,6,6,1618
6936,complete,18,1707,24,8,8,2044
6937,complete,19,2352,13,7,7,3089
6938,complete,9,837,15,6,6,1180
6939,complete,11,816,19,9,9,1522
6940,complete,14,1565,29,12,12,1466
6941,complete,11,1014,7,5,5,1361
6942,complete,12,1722,24,7,7,1334
6943,complete,16,1231,24,9,9,1982
6944,complete,11,1371,29,11,11,1446
6945,complete,13,1007,22,10,10,1632
6946,complete,8,981,30,9,9,1117
6947,complete,14,1343,25,10,10,2015
6948,complete,10,1102,12,6,6,1612
6949,complete,17,1827,2,2,2,2650
6950,complete,9,1001,22,4,4,1520
6951,complete,12,1767,8,5,5,1614
6952,complete,15,1359,32,16,16,1948
6953,complete,13,412,21,7,7,1788
6954,complete,10,938,15,10,10,1286
6955,complete,10,527,15,4,4,1314
6956,complete,6,631,23,6,6,867
6957,complete,12,957,21,9,9,1539
6958,complete,23,2750,19,9,9,2375
6959,complete,12,1293,25,9,9,1393
6960,complete,16,2453,49,11,11,2036
6961,complete,11,898,30,13,13,2061
6962,complete,19,2563,28,11,11,6341
6963,complete,10,605,19,9,9,1508
6964,complete,22,2412,22,11,11,2306
6965,complete,11,1064,25,11,11,1507
6966,complete,13,1647,14,6,6,1307
6967,complete,13,1091,20,10,10,1776
6968,complete,15,2139,18,8,8,1576
6969,complete,18,2310,21,6,6,1850
6970,complete,22,2334,20,12,12,4326
6971,complete,14,1725,14,5,5,1357
6972,complete,10,598,25,9,9,1887
6973,complete,19,1915,16,8,8,3154
6974,complete,13,1710,16,9,9,1588
6975,complete,19,1282,21,12,12,2639
6976,complete,13,739,22,9,9,1816
6977,complete,9,947,26,8,8,1286
6978,complete,10,688,18,9,9,1384
6979,complete,11,1108,26,9,9,1321
6980,complete,17,1874,14,9,9,1701
6981,complete,15,1180,19,10,10,2465
6982,complete,12,1587,34,12,12,1378
6983,complete,15,1668,11,5,5,1408
6984,complete,11,830,18,9,9,1473
6985,complete,7,737,28,10,10,1041
6986,complete,10,586,11,7,7,1281
6987,complete,9,1131,24,7,7,1132
6988,complete,17,1657,25,9,9,1971
6989,complete,20,1900,24,12,12,2271
6990,complete,16,1161,10,6,6,1745
6991,complete,17,1681,15,9,9,1847
6992,complete,26,2925,16,7,7,3323
6993,complete,9,496,20,9,9,2046
6994,complete,11,1021,24,8,8,2075
6995,complete,7,729,15,5,5,1095
6996,complete,13,1333,19,8,8,1513
6997,complete,17,2115,9,7,7,1708
6998,complete,23,2673,20,6,6,2199
6999,complete,12,1377,25,11,11,1288
7000,complete,9,605,27,9,9,1344
7001,complete,10,1066,21,9,9,1181
7002,complete,6,587,28,4,4,864
7003,complete,7,450,22,9,9,1023
7004,complete,12,1436,26,10,10,1506
7005,complete,10,1410,27,9,9,1174
7006,complete,15,1554,15,9,9,1689
7007,complete,11,953,17,11,11,1356
7008,complete,15,1133,21,14,14,1799
7009,complete,12,866,20,8,8,1605
7010,complete,10,861,22,9,9,1329
7011,complete,14,1591,27,10,10,1594
7012,complete,20,2436,18,7,7,1982
7013,complete,10,877,18,8,8,1277
7014,complete,13,1511,9,6,6,1466
7015,complete,13,1653,22,10,10,1442
7016,complete,17,1509,18,8,8,2966
7017,complete,14,1961,19,9,9,2469
7018,complete,11,702,17,7,7,1864
7019,complete,16,1786,27,12,12,2864
7020,complete,22,2907,26,8,8,3098
7021,complete,10,960,30,7,7,4859
7022,complete,17,1939,22,13,13,1877
7023,complete,9,926,10,8,8,1217
7024,complete,11,1026,24,9,9,1424
7025,complete,7,762,36,8,8,936
7026,complete,16,743,17,11,11,3092
7027,complete,12,1497,23,9,9,2240
7028,complete,17,1838,25,11,11,1823
7029,complete,18,1359,10,6,6,2259
7030,complete,9,1182,15,6,6,1175
7031,complete,12,1382,19,9,9,1257
7032,complete,7,500,15,6,6,973
7033,complete,12,1038,16,7,7,1542
7034,complete,12,791,21,8,8,1506
7035,complete,9,920,26,9,9,1201
7036,complete,13,1562,32,10,10,1472
7037,complete,17,1746,20,9,9,1947
7038,complete,12,691,22,9,9,1551
7039,complete,19,1967,21,11,11,2129
7040,complete,12,955,10,6,6,1416
7041,complete,10,992,26,11,11,1394
7042,complete,7,527,19,8,8,1109
7043,complete,14,1240,26,12,12,1781
7044,complete,8,469,25,9,9,1190
7045,complete,12,836,14,8,8,1585
7046,complete,18,829,23,12,12,2534
7047,complete,16,1935,26,8,8,12573
7048,complete,13,1050,23,9,9,1665
7049,complete,7,456,18,7,7,1089
7050,complete,12,827,17,10,10,1413
7051,complete,21,1737,12,9,9,2539
7052,complete,15,2114,21,10,10,1644
7053,complete,10,1318,15,6,6,1212
7054,complete,14,745,16,10,10,2699
7055,complete,10,903,21,9,9,2035
7056,complete,22,1878,15,8,8,2808
7057,complete,12,1006,40,10,10,1618
7058,complete,12,1556,23,9,9,1470
7059,complete,24,2511,19,13,13,2524
7060,complete,21,2048,12,6,6,2403
7061,complete,18,2036,20,12,12,11724
7062,complete,14,1115,29,6,6,1949
7063,complete,23,1550,31,11,11,3024
7064,complete,11,1142,19,9,9,1295
7065,complete,16,1034,10,5,5,1879
7066,complete,9,758,24,9,9,1237
7067,complete,13,1299,22,9,9,1675
7068,complete,14,1682,21,12,12,1577
7069,complete,7,552,20,8,8,1059
7070,complete,17,1520,16,10,10,2172
7071,complete,13,1167,22,7,7,1395
7072,complete,24,2406,23,8,8,3123
7073,complete,15,1908,24,9,9,1497
7074,complete,13,1625,26,14,14,1458
7075,complete,21,2040,16,7,7,2140
7076,complete,19,2045,23,11,11,1988
7077,complete,18,2352,21,10,10,3278
7078,complete,14,1785,18,9,9,2277
7079,complete,14,1218,11,7,7,2615
7080,complete,21,2460,29,9,9,13899
7081,complete,13,979,26,8,8,1837
7082,complete,12,1317,14,6,6,1176
7083,complete,20,1184,19,13,13,2758
7084,complete,14,1784,18,8,8,1469
7085,complete,21,1598,10,5,5,2067
7086,complete,15,1057,22,10,10,1778
7087,complete,15,1021,25,11,11,1856
7088,complete,8,752,28,10,10,1482
7089,complete,17,2399,31,11,11,2432
7090,complete,10,939,27,12,12,2032
7091,complete,15,1175,12,7,7,8934
7092,complete,12,1132,24,13,13,1539
7093,complete,20,1745,20,10,10,2249
7094,complete,16,1932,17,11,11,1708
7095,complete,9,997,32,8,8,1082
7096,complete,18,1572,12,5,5,2277
7097,complete,14,961,13,8,8,2690
7098,complete,6,617,26,8,8,1428
7099,complete,13,1650,15,6,6,1827
7100,complete,14,1290,34,15,15,1861
7101,complete,14,2037,33,11,11,1303
7102,complete,16,2300,20,8,8,11862
7103,complete,14,1363,21,10,10,1542
7104,complete,11,928,22,13,13,1577
7105,complete,17,2358,28,8,8,1507
7106,complete,11,959,24,11,11,1380
7107,complete,15,1504,27,13,13,1954
7108,complete,13,1033,10,6,6,1822
7109,complete,13,1253,22,8,8,1434
7110,complete,16,1036,12,8,8,2642
7111,complete,12,1152,34,11,11,2510
7112,complete,14,1571,21,10,10,1538
7113,complete,10,1247,28,9,9,1365
7114,complete,16,1987,19,7,7,1689
7115,complete,9,577,26,12,12,1382
7116,complete,25,3165,20,9,9,2421
7117,complete,19,2147,12,7,7,1909
7118,complete,21,2346,21,11,11,2162
7119,complete,12,1499,20,9,9,1249
7120,complete,10,1191,22,8,8,1120
7121,complete,11,1284,20,8,8,1252
7122,complete,11,922,29,10,10,1430
7123,complete,16,2118,12,7,7,1455
7124,complete,9,936,8,4,4,1597
7125,complete,11,843,26,11,11,2337
7126,complete,11,1639,31,7,7,1166
7127,complete,18,2776,32,10,10,2306
7128,complete,19,1766,21,10,10,2194
7129,complete,8,819,29,11,11,1314
7130,complete,8,479,14,6,6,1102
7131,complete,16,1033,22,8,8,2262
7132,complete,8,908,26,8,8,1048
7133,complete,10,1310,30,5,5,1096
7134,complete,18,1551,32,11,11,2737
7135,complete,13,1058,17,10,10,1645
7136,complete,8,523,33,14,14,1345
7137,complete,11,671,23,8,8,1942
7138,complete,10,801,23,11,11,1887
7139,complete,7,753,11,4,4,1139
7140,complete,10,945,22,8,8,1882
7141,complete,9,460,13,6,6,1198
7142,complete,8,824,21,8,8,977
7143,complete,13,1482,22,12,12,1513
7144,complete,16,1880,25,8,8,1690
7145,complete,10,624,36,10,10,1522
7146,complete,9,696,11,6,6,1181
7147,complete,17,1412,14,9,9,1790
7148,complete,8,866,28,11,11,1108
7149,complete,8,341,34,10,10,1272
7150,complete,16,1754,19,9,9,1780
7151,complete,9,1088,20,7,7,1137
7152,complete,13,1323,11,6,6,1369
7153,complete,17,1588,19,8,8,1949
7154,complete,10,1179,14,8,8,1355
7155,complete,9,691,23,9,9,1663
7156,complete,17,2007,14,6,6,27803
7157,complete,11,1280,25,8,8,1194
7158,complete,11,839,19,10,10,1270
7159,complete,19,1246,16,7,7,2103
7160,complete,10,783,21,10,10,1529
7161,complete,11,1229,29,9,9,1261
7162,complete,7,770,34,7,7,974
7163,complete,19,1326,15,10,10,2494
7164,complete,15,1491,28,8,8,1904
7165,complete,21,2459,29,9,9,2923
7166,complete,15,2260,13,8,8,1420
7167,complete,11,937,24,9,9,1435
7168,complete,11,839,17,5,5,1468
7169,complete,22,2331,20,8,8,38665
7170,complete,11,1053,24,9,9,1623
7171,complete,17,1668,24,10,10,1949
7172,complete,10,1275,21,7,7,1203
7173,complete,8,1126,29,9,9,991
7174,complete,14,992,13,6,6,1655
7175,complete,9,1019,23,7,7,1239
7176,complete,11,936,11,6,6,1475
7177,complete,10,464,20,7,7,1362
7178,complete,15,1775,16,7,7,1557
7179,complete,10,1088,21,9,9,1188
7180,complete,13,1025,10,8,8,1512
7181,complete,8,630,14,5,5,1221
7182,complete,18,1700,24,12,12,3061
7183,complete,14,1779,27,9,9,34054
7184,complete,21,1812,20,9,9,2472
7185,complete,10,1492,27,8,8,1087
7186,complete,12,777,19,9,9,1739
7187,complete,21,1736,17,8,8,2168
7188,complete,14,1625,19,7,7,1457
7189,complete,9,1051,35,5,5,1162
7190,complete,7,923,36,6,6,1259
7191,complete,7,622,23,6,6,1315
7192,complete,8,725,21,6,6,1433
7193,complete,12,976,25,11,11,2126
7194,complete,9,1106,23,7,7,1611
7195,complete,12,926,20,11,11,1563
7196,complete,16,2194,13,8,8,1593
7197,complete,17,1447,12,6,6,1820
7198,complete,19,1980,24,8,8,1964
7199,complete,13,1805,25,10,10,1443
7200,complete,10,939,15,8,8,1540
7201,complete,7,758,31,8,8,1361
7202,complete,13,1208,22,12,12,2245
7203,complete,6,648,25,5,5,1054
7204,complete,11,975,11,4,4,1806
7205,complete,14,936,27,13,13,2530
7206,complete,22,2742,24,12,12,10981
7207,complete,11,1032,23,11,11,1406
7208,complete,18,1701,24,10,10,2179
7209,complete,10,894,27,10,10,1362
7210,complete,14,1012,22,10,10,2635
7211,complete,11,864,32,11,11,1937
7212,complete,18,1399,17,10,10,3047
7213,complete,15,2110,23,9,9,2526
7214,complete,18,1598,18,12,12,2350
7215,complete,11,821,27,12,12,1631
7216,complete,15,1375,11,6,6,1551
7217,complete,5,400,34,8,8,930
7218,complete,20,2522,25,7,7,2145
7219,complete,22,2255,19,10,10,2346
7220,complete,12,915,19,11,11,2242
7221,complete,10,912,11,8,8,2061
7222,complete,9,794,24,11,11,2125
7223,complete,12,1090,11,7,7,1472
7224,complete,15,681,21,8,8,1909
7225,complete,12,1116,14,9,9,1648
7226,complete,11,1147,15,6,6,2644
7227,complete,8,815,23,10,10,1146
7228,complete,11,1366,23,7,7,1224
7229,complete,12,1372,20,12,12,1469
7230,complete,9,976,27,8,8,1079
7231,complete,11,868,24,13,13,1475
7232,complete,12,852,18,9,9,1592
7233,complete,16,1870,14,10,10,2436
7234,complete,9,737,23,8,8,1503
7235,complete,9,809,12,8,8,1582
7236,complete,10,1332,22,7,7,1107
7237,complete,8,444,31,10,10,1240
7238,complete,20,1391,18,7,7,3538
7239,complete,19,2193,23,7,7,1728
7240,complete,15,1418,19,8,8,1889
7241,complete,10,1342,20,10,10,1122
7242,complete,9,1091,34,8,8,1207
7243,complete,22,2537,21,10,10,2299
7244,complete,7,275,22,10,10,1213
7245,complete,13,1598,13,7,7,1471
7246,complete,18,1689,14,6,6,1862
7247,complete,9,576,19,6,6,1574
7248,complete,7,351,11,7,7,1067
7249,complete,14,1107,14,8,8,1668
7250,complete,12,1597,20,7,7,1328
7251,complete,13,1147,15,7,7,1501
7252,complete,12,1378,35,9,9,1437
7253,complete,15,1751,16,5,5,1493
7254,complete,8,501,12,5,5,1186
7255,complete,13,789,27,13,13,1829
7256,complete,17,2034,24,6,6,1796
7257,complete,8,597,17,7,7,1085
7258,complete,13,1543,28,10,10,1608
7259,complete,10,1012,14,9,9,1354
7260,complete,7,352,27,8,8,1062
7261,complete,8,873,27,9,9,1029
7262,complete,9,472,27,8,8,1345
7263,complete,12,1746,24,5,5,1132
7264,complete,18,1866,27,12,12,2093
7265,complete,11,1302,34,9,9,1272
7266,complete,17,1930,20,9,9,2015
7267,complete,18,1851,13,9,9,1860
7268,complete,20,1160,19,9,9,2857
7269,complete,21,2237,29,10,10,3804
7270,complete,14,1812,22,8,8,1546
7271,complete,14,1603,23,9,9,1682
7272,complete,19,1787,22,9,9,2221
7273,complete,18,1952,18,9,9,3134
7274,complete,11,1246,13,5,5,1673
7275,complete,10,1397,23,6,6,1540
7276,complete,16,1951,17,6,6,1551
7277,complete,10,895,20,8,8,1372
7278,complete,16,1714,17,10,10,1944
7279,complete,23,3502,13,7,7,1969
7280,complete,14,1175,19,11,11,1719
7281,complete,13,1183,26,11,11,1461
7282,complete,14,1191,11,6,6,1484
7283,complete,14,1123,24,10,10,1789
7284,complete,15,1076,21,10,10,2214
7285,complete,16,1091,17,5,5,2505
7286,complete,24,2825,14,9,9,2144
7287,complete,14,1253,11,8,8,1776
7288,complete,7,650,36,11,11,1208
7289,complete,14,1598,15,8,8,1645
7290,complete,16,1170,17,6,6,1768
7291,complete,15,1735,19,8,8,1731
7292,complete,11,1192,30,7,7,1217
7293,complete,10,712,19,7,7,1217
7294,complete,15,1963,28,13,13,1746
7295,complete,12,1208,35,9,9,1775
7296,complete,9,564,11,6,6,1201
7297,complete,16,1169,21,7,7,2036
7298,complete,16,1833,19,11,11,1770
7299,complete,15,2045,21,8,8,1615
7300,complete,10,1369,28,8,8,1301
7301,complete,15,1290,15,9,9,1774
7302,complete,18,2291,17,7,7,1810
7303,complete,5,323,25,7,7,862
7304,complete,19,1788,17,8,8,3191
7305,complete,9,742,12,5,5,1579
7306,complete,23,3296,24,9,9,61205
7307,complete,8,787,18,6,6,1590
7308,complete,9,651,24,12,12,2036
7309,complete,15,1310,26,9,9,1897
7310,complete,11,757,17,10,10,2030
7311,complete,12,1311,18,8,8,1857
7312,complete,15,1871,18,10,10,72441
7313,complete,12,1049,24,11,11,1480
7314,complete,10,1051,25,12,12,1303
7315,complete,9,828,10,4,4,1280
7316,complete,13,1444,26,9,9,1558
7317,complete,18,1871,12,6,6,1730
7318,complete,7,294,25,10,10,1148
7319,complete,11,1356,14,8,8,1325
7320,complete,18,1897,15,9,9,1866
7321,complete,11,1456,18,8,8,1257
7322,complete,12,1303,25,7,7,1347
7323,complete,8,685,23,9,9,1122
7324,complete,6,395,23,6,6,898
7325,complete,11,936,17,9,9,1406
7326,complete,9,515,23,9,9,1381
7327,complete,19,1471,22,11,11,2245
7328,complete,8,793,34,11,11,1133
7329,complete,6,377,32,10,10,1082
7330,complete,16,1853,17,8,8,1680
7331,complete,16,1482,14,10,10,1877
7332,complete,17,2363,28,10,10,1821
7333,complete,10,883,20,9,9,1335
7334,complete,10,752,19,9,9,2156
7335,complete,7,574,13,5,5,1394
7336,complete,12,1275,20,8,8,1965
7337,complete,14,1799,17,8,8,1432
7338,complete,12,1255,19,7,7,1359
7339,complete,22,2875,24,12,12,3577
7340,complete,8,780,18,9,9,1133
7341,complete,13,1003,20,11,11,1696
7342,complete,13,924,24,8,8,1558
7343,complete,16,1628,19,10,10,1700
7344,complete,19,2407,39,8,8,3681
7345,complete,15,1750,23,11,11,2403
7346,complete,15,1714,23,14,14,2696
7347,complete,6,719,29,4,4,757
7348,complete,9,1155,27,7,7,997
7349,complete,12,1359,22,12,12,1487
7350,complete,16,1635,21,11,11,1777
7351,complete,10,618,17,9,9,1305
7352,complete,11,978,16,6,6,1452
7353,complete,15,2138,21,9,9,1539
7354,complete,18,1694,14,7,7,1779
7355,complete,22,2266,12,9,9,1978
7356,complete,21,2389,27,13,13,2233
7357,complete,14,1128,16,6,6,1669
7358,complete,12,1023,31,12,12,1478
7359,complete,9,773,13,6,6,1146
7360,complete,12,1333,13,6,6,1245
7361,complete,11,1245,14,6,6,1139
7362,complete,18,1667,11,7,7,1844
7363,complete,8,709,21,8,8,1106
7364,complete,22,2300,24,10,10,2597
7365,complete,10,856,23,12,12,1369
7366,complete,20,2092,23,13,13,2391
7367,complete,11,1079,23,9,9,1402
7368,complete,8,897,31,8,8,1033
7369,complete,14,1977,32,11,11,1841
7370,complete,11,1057,23,9,9,1435
7371,complete,11,1228,16,6,6,1184
7372,complete,7,566,24,10,10,1165
7373,complete,11,1119,26,11,11,1386
7374,complete,10,1029,15,7,7,1168
7375,complete,9,869,27,10,10,1728
7376,complete,8,682,24,6,6,1097
7377,complete,17,1713,16,8,8,1675
7378,complete,10,591,19,7,7,1605
7379,complete,16,1929,22,7,7,1546
7380,complete,15,661,26,11,11,1879
7381,complete,11,1042,23,10,10,1449
7382,complete,9,711,40,6,6,1330
7383,complete,10,953,30,8,8,1269
7384,complete,8,698,19,7,7,1112
7385,complete,24,2810,14,7,7,3649
7386,complete,15,1449,12,6,6,2380
7387,complete,17,1122,9,5,5,2042
7388,complete,18,1861,10,3,3,1856
7389,complete,15,944,22,11,11,2026
7390,complete,18,1824,18,8,8,2832
7391,complete,12,1334,7,4,4,1230
7392,complete,11,623,30,9,9,1575
7393,complete,16,1990,19,9,9,2941
7394,complete,14,1599,23,8,8,2373
7395,complete,18,1822,13,8,8,4380
7396,complete,18,1594,17,6,6,1940
7397,complete,10,491,33,11,11,1538
7398,complete,11,1679,21,8,8,3424
7399,complete,12,1104,24,9,9,1535
7400,complete,12,1472,12,6,6,1338
7401,complete,10,1119,24,8,8,1276
7402,complete,9,566,17,11,11,1328
7403,complete,10,774,23,8,8,1300
7404,complete,11,1577,33,9,9,1276
7405,complete,8,747,11,8,8,1119
7406,complete,11,1227,22,9,9,1714
7407,complete,15,1498,19,8,8,1697
7408,complete,18,1836,13,7,7,2261
7409,complete,12,1724,11,5,5,1319
7410,complete,19,1234,24,10,10,2439
7411,complete,13,1360,28,10,10,1618
7412,complete,17,774,18,9,9,2092
7413,complete,10,795,23,9,9,1447
7414,complete,13,1048,26,8,8,1707
7415,complete,12,743,22,11,11,1533
7416,complete,8,1170,27,8,8,863
7417,complete,14,1846,18,5,5,1187
7418,complete,14,1401,23,10,10,13569
7419,complete,10,599,27,9,9,1438
7420,complete,5,455,24,7,7,846
7421,complete,9,548,13,9,9,1300
7422,complete,10,1028,29,10,10,1345
7423,complete,9,1023,16,7,7,1121
7424,complete,23,2321,47,12,12,3706
7425,complete,12,978,16,7,7,1383
7426,complete,7,561,22,10,10,1432
7427,complete,14,1451,18,7,7,2006
7428,complete,15,1256,15,9,9,2118
7429,complete,15,1992,23,9,9,1537
7430,complete,13,561,19,9,9,1711
7431,complete,18,2539,29,13,13,1808
7432,complete,12,1188,24,9,9,1858
7433,complete,9,974,18,6,6,1135
7434,complete,13,1388,24,9,9,1580
7435,complete,18,1629,29,12,12,2526
7436,complete,14,1321,17,10,10,2441
7437,complete,9,360,30,10,10,1445
7438,complete,14,1095,20,8,8,1686
7439,complete,7,612,18,10,10,1056
7440,complete,14,1480,31,12,12,1708
7441,complete,8,285,23,8,8,1208
7442,complete,10,765,23,6,6,1280
7443,complete,20,2542,19,8,8,1857
7444,complete,13,1266,16,9,9,2729
7445,complete,8,946,16,5,5,938
7446,complete,21,1306,21,11,11,2487
7447,complete,15,1434,24,9,9,2646
7448,complete,11,1261,14,6,6,1868
7449,complete,14,920,17,7,7,1735
7450,complete,19,2674,16,7,7,1740
7451,complete,13,2075,24,6,6,1295
7452,complete,10,988,22,8,8,1258
7453,complete,12,1007,17,9,9,1552
7454,complete,13,1606,14,7,7,1247
7455,complete,22,2570,13,8,8,1952
7456,complete,11,1155,17,8,8,1832
7457,complete,20,1832,16,10,10,3078
7458,complete,13,1869,23,7,7,1865
7459,complete,6,363,20,8,8,1555
7460,complete,9,1144,20,7,7,1510
7461,complete,16,1433,9,5,5,1810
7462,complete,9,712,23,8,8,1261
7463,complete,12,1100,17,9,9,1494
7464,complete,14,1311,14,8,8,1598
7465,complete,7,409,22,9,9,1124
7466,complete,13,1646,31,7,7,1401
7467,complete,17,1423,27,10,10,2038
7468,complete,21,2035,18,9,9,3059
7469,complete,13,1372,14,7,7,1530
7470,complete,13,1130,28,11,11,1668
7471,complete,10,568,21,9,9,1785
7472,complete,16,1665,27,9,9,2550
7473,complete,15,1400,23,9,9,1658
7474,complete,15,2213,20,7,7,494723
7475,complete,12,549,16,8,8,1611
7476,complete,17,2047,18,7,7,1625
7477,complete,13,1824,18,6,6,1368
7478,complete,18,2178,23,9,9,1772
7479,complete,14,1289,16,11,11,2547
7480,complete,20,2209,14,8,8,2639
7481,complete,14,1564,24,11,11,1613
7482,complete,10,1024,27,12,12,1829
7483,complete,27,3091,24,11,11,4398
7484,complete,13,1236,21,8,8,2130
7485,complete,8,812,13,5,5,1057
7486,complete,23,2378,14,9,9,2558
7487,complete,13,1633,22,9,9,6023
7488,complete,11,1349,25,8,8,1213
7489,complete,17,1162,15,9,9,3610
7490,complete,11,1494,12,9,9,1170
7491,complete,10,988,16,8,8,1388
7492,complete,19,2185,18,10,10,2006
7493,complete,15,1479,16,8,8,1625
7494,complete,12,531,24,10,10,2503
7495,complete,25,2858,23,12,12,2752
7496,complete,9,621,26,9,9,1362
7497,complete,8,1070,28,7,7,949
7498,complete,10,844,10,6,6,1326
7499,complete,11,558,15,8,8,1537
7500,complete,9,865,12,8,8,1221
7501,complete,14,954,11,7,7,2347
7502,complete,17,1143,18,7,7,2742
7503,complete,13,836,31,11,11,2443
7504,complete,11,769,18,6,6,1395
7505,complete,20,2284,24,9,9,12444
7506,complete,15,2128,24,6,6,1255
7507,complete,11,1372,31,11,11,1562
7508,complete,17,1977,28,10,10,3112
7509,complete,11,851,19,8,8,2369
7510,complete,11,881,29,10,10,1511
7511,complete,13,1361,23,10,10,1688
7512,complete,20,1806,23,10,10,2389
7513,complete,11,1629,33,6,6,1151
7514,complete,9,527,25,10,10,1395
7515,complete,9,1002,16,5,5,1064
7516,complete,12,1364,20,8,8,2082
7517,complete,9,1068,22,8,8,1765
7518,complete,16,2022,22,7,7,2255
7519,complete,12,841,21,10,10,1678
7520,complete,15,1337,21,10,10,1686
7521,complete,26,3487,13,10,10,2394
7522,complete,11,1047,20,10,10,1467
7523,complete,12,1192,18,5,5,1285
7524,complete,12,1069,22,7,7,1568
7525,complete,15,1689,28,7,7,1618
7526,complete,9,743,17,8,8,1154
7527,complete,15,1173,31,13,13,1874
7528,complete,18,2009,26,13,13,2296
7529,complete,17,2268,21,10,10,2352
7530,complete,14,974,16,8,8,23670
7531,complete,19,1127,19,10,10,3025
7532,complete,19,2093,18,10,10,3183
7533,complete,13,971,31,9,9,1772
7534,complete,27,3757,29,6,6,3246
7535,complete,10,1116,13,7,7,1131
7536,complete,18,1934,33,11,11,2015
7537,complete,14,1159,28,8,8,1777
7538,complete,13,1522,19,9,9,1498
7539,complete,11,746,29,12,12,1598
7540,complete,17,1862,20,8,8,1717
7541,complete,18,2072,9,4,4,1758
7542,complete,8,632,15,9,9,1465
7543,complete,17,1514,28,16,16,2264
7544,complete,21,2213,29,13,13,2868
7545,complete,11,740,22,11,11,1632
7546,complete,14,1195,22,11,11,1913
7547,complete,8,744,16,7,7,1092
7548,complete,15,2225,21,6,6,2470
7549,complete,11,1342,10,4,4,1103
7550,complete,10,995,24,10,10,1449
7551,complete,9,1012,32,8,8,1178
7552,complete,8,961,11,5,5,1020
7553,complete,9,630,18,10,10,1229
7554,complete,22,1395,20,11,11,2573
7555,complete,17,2312,29,8,8,1600
7556,complete,21,1775,19,5,5,3391
7557,complete,16,1037,20,12,12,3291
7558,complete,10,979,31,9,9,1433
7559,complete,10,1001,31,10,10,1346
7560,complete,16,1352,11,6,6,1863
7561,complete,8,399,30,9,9,1238
7562,complete,12,1162,19,7,7,1198
7563,complete,13,1153,15,7,7,1468
7564,complete,13,1023,23,14,14,1776
7565,complete,21,1805,23,11,11,2495
7566,complete,14,2130,16,6,6,1209
7567,complete,15,1596,16,9,9,1550
7568,complete,11,1001,17,9,9,1312
7569,complete,10,1102,25,11,11,1406
7570,complete,15,837,13,6,6,1895
7571,complete,15,2067,27,7,7,1369
7572,complete,18,2174,21,7,7,1850
7573,complete,11,1334,17,6,6,1240
7574,complete,12,1456,25,8,8,1484
7575,complete,10,866,18,9,9,1365
7576,complete,16,1637,13,9,9,1716
7577,complete,12,1301,24,9,9,1339
7578,complete,10,1002,21,9,9,1189
7579,complete,14,1345,17,7,7,1564
7580,complete,13,1408,27,8,8,1749
7581,complete,13,1194,26,11,11,2544
7582,complete,15,1688,16,9,9,2595
7583,complete,15,1650,23,8,8,1539
7584,complete,12,1423,20,7,7,330579
7585,complete,9,872,17,8,8,1233
7586,complete,9,1014,26,9,9,1031
7587,complete,11,1267,25,8,8,1249
7588,complete,9,1034,20,8,8,1184
7589,complete,14,966,28,13,13,1899
7590,complete,12,1335,25,8,8,1430
7591,complete,12,1300,20,8,8,1454
7592,complete,17,1893,5,4,4,1679
7593,complete,8,636,15,8,8,1134
7594,complete,9,1366,32,6,6,888
7595,complete,11,1121,15,7,7,1373
7596,complete,12,1186,22,9,9,1372
7597,complete,17,1750,23,12,12,2069
7598,complete,13,1023,13,6,6,1550
7599,complete,13,940,24,11,11,1695
7600,complete,13,757,17,8,8,1550
7601,complete,9,421,20,10,10,1340
7602,complete,16,2119,12,6,6,1536
7603,complete,10,1262,14,6,6,1048
7604,complete,10,1217,21,8,8,1193
7605,complete,12,977,20,10,10,1615
7606,complete,18,1976,18,8,8,2066
7607,complete,20,1952,18,6,6,2015
7608,complete,13,1338,34,10,10,1499
7609,complete,20,2087,16,11,11,2079
7610,complete,8,535,17,9,9,1085
7611,complete,14,1670,14,6,6,1385
7612,complete,15,1369,24,8,8,1578
7613,complete,13,895,18,7,7,1614
7614,complete,21,2610,32,11,11,2884
7615,complete,10,674,17,8,8,1359
7616,complete,17,1888,14,5,5,8437
7617,complete,25,3423,25,8,8,31212
7618,complete,10,1027,28,8,8,1327
7619,complete,8,822,13,7,7,1137
7620,complete,8,573,25,9,9,1223
7621,complete,17,1854,24,10,10,1793
7622,complete,23,2134,22,10,10,3042
7623,complete,4,306,37,8,8,1155
7624,complete,16,1567,17,7,7,2185
7625,complete,8,441,19,11,11,1586
7626,complete,20,2814,25,9,9,2715
7627,complete,8,863,22,8,8,1417
7628,complete,20,2403,17,7,7,1954
7629,complete,14,1316,20,8,8,1683
7630,complete,6,424,28,7,7,1008
7631,complete,13,1562,29,10,10,1526
7632,complete,11,1235,16,6,6,1223
7633,complete,12,1239,22,10,10,1411
7634,complete,9,611,12,8,8,1097
7635,complete,13,814,17,8,8,1779
7636,complete,10,601,26,11,11,3164
7637,complete,15,1281,28,8,8,11527
7638,complete,10,911,19,9,9,1241
7639,complete,10,855,16,7,7,1262
7640,complete,8,772,25,7,7,1127
7641,complete,12,1003,20,12,12,1625
7642,complete,24,2905,21,10,10,3730
7643,complete,11,1191,12,5,5,1898
7644,complete,15,1489,13,6,6,2207
7645,complete,15,1310,19,8,8,1731
7646,complete,10,1336,18,5,5,1072
7647,complete,12,1501,9,5,5,1301
7648,complete,12,1138,17,9,9,1514
7649,complete,15,1260,19,8,8,1882
7650,complete,17,2139,25,9,9,1548
7651,complete,19,2134,33,13,13,2223
7652,complete,16,1369,15,7,7,1662
7653,complete,8,840,29,8,8,1061
7654,complete,14,1121,27,11,11,1783
7655,complete,15,1770,24,8,8,1464
7656,complete,20,2811,28,12,12,1896
7657,complete,25,3179,28,6,6,2432
7658,complete,10,1158,17,8,8,1168
7659,complete,10,1011,26,11,11,1271
7660,complete,15,1823,24,9,9,1523
7661,complete,16,1304,13,9,9,1909
7662,complete,14,1347,17,10,10,1521
7663,complete,13,1865,12,5,5,1232
7664,complete,6,419,30,12,12,1043
7665,complete,12,1629,27,8,8,1357
7666,complete,24,3093,17,8,8,3637
7667,complete,13,1254,23,10,10,1661
7668,complete,19,2437,17,7,7,1852
7669,complete,10,1175,16,7,7,1075
7670,complete,13,1346,21,10,10,1400
7671,complete,23,3078,27,8,8,2111
7672,complete,18,2353,26,8,8,1646
7673,complete,19,1446,16,9,9,2023
7674,complete,14,1838,27,8,8,1435
7675,complete,8,648,23,10,10,1168
7676,complete,10,1009,24,7,7,1244
7677,complete,8,436,17,7,7,1717
7678,complete,16,1304,25,9,9,1818
7679,complete,15,1583,9,7,7,1734
7680,complete,8,649,25,9,9,1209
7681,complete,21,2417,25,10,10,3013
7682,complete,7,733,24,7,7,1479
7683,complete,15,1887,14,6,6,2199
7684,complete,6,506,32,6,6,1469
7685,complete,8,679,19,6,6,1114
7686,complete,11,860,24,9,9,1513
7687,complete,10,1042,12,7,7,1201
7688,complete,12,786,23,10,10,1549
7689,complete,16,1792,22,9,9,1627
7690,complete,20,1645,18,8,8,2068
7691,complete,7,624,23,7,7,1051
7692,complete,16,1960,26,9,9,1725
7693,complete,6,460,22,7,7,957
7694,complete,9,967,32,9,9,1301
7695,complete,14,1145,19,10,10,2888
7696,complete,17,1703,24,10,10,2128
7697,complete,8,1040,20,7,7,1038
7698,complete,16,1941,17,7,7,1580
7699,complete,12,1214,25,6,6,1523
7700,complete,10,921,12,8,8,1389
7701,complete,20,1810,27,13,13,2486
7702,complete,10,1057,30,9,9,1310
7703,complete,9,1149,29,7,7,1019
7704,complete,8,772,20,9,9,1059
7705,complete,13,1818,25,6,6,1235
7706,complete,12,1278,22,11,11,1579
7707,complete,9,928,18,7,7,1129
7708,complete,11,1322,18,7,7,1128
7709,complete,7,534,18,6,6,1063
7710,complete,22,2622,16,7,7,2158
7711,complete,10,1222,20,8,8,1877
7712,complete,14,1772,16,9,9,1694
7713,complete,11,964,15,10,10,1495
7714,complete,11,566,24,8,8,1577
7715,complete,15,1939,21,7,7,1532
7716,complete,13,1785,10,4,4,1219
7717,complete,13,1386,36,11,11,1530
7718,complete,14,1288,15,9,9,1658
7719,complete,13,1039,27,11,11,1703
7720,complete,9,896,25,8,8,1272
7721,complete,9,688,16,9,9,1256
7722,complete,10,1011,29,9,9,1284
7723,complete,13,712,24,12,12,1890
7724,complete,9,1115,27,6,6,1037
7725,complete,14,1712,27,10,10,1550
7726,complete,21,2113,25,12,12,2051
7727,complete,10,777,14,9,9,1388
7728,complete,16,1726,14,7,7,1775
7729,complete,10,1313,24,7,7,1121
7730,complete,13,1148,12,7,7,1428
7731,complete,14,1275,24,9,9,1654
7732,complete,10,1365,24,8,8,1046
7733,complete,11,1595,25,7,7,2306
7734,complete,22,1828,18,8,8,2361
7735,complete,11,844,24,9,9,1488
7736,complete,9,901,26,10,10,1135
7737,complete,13,832,15,8,8,1559
7738,complete,7,649,24,10,10,984
7739,complete,10,1191,18,7,7,1447
7740,complete,18,2293,16,11,11,1871
7741,complete,19,1847,22,7,7,2150
7742,complete,10,1141,20,6,6,1158
7743,complete,18,1708,23,12,12,2121
7744,complete,10,1388,21,6,6,1155
7745,complete,13,895,23,10,10,1936
7746,complete,17,1492,20,9,9,2027
7747,complete,21,3227,11,6,6,1895
7748,complete,20,2087,15,6,6,2103
7749,complete,24,2815,15,7,7,11338
7750,complete,12,1515,15,6,6,1608
7751,complete,9,824,11,7,7,1609
7752,complete,23,2489,23,12,12,3698
7753,complete,17,1379,28,13,13,1976
7754,complete,14,1032,32,10,10,1665
7755,complete,8,731,31,12,12,1278
7756,complete,15,2261,21,9,9,1369
7757,complete,17,1392,17,8,8,1815
7758,complete,9,573,29,13,13,2013
7759,complete,9,821,29,9,9,1137
7760,complete,13,1096,24,10,10,1734
7761,complete,12,1245,28,7,7,1457
7762,complete,17,1791,21,7,7,2311
7763,complete,24,3432,20,10,10,3222
7764,complete,13,1352,23,13,13,1862
7765,complete,10,933,27,9,9,1218
7766,complete,11,1000,12,6,6,1536
7767,complete,19,2068,26,11,11,3424
7768,complete,12,663,24,10,10,2161
7769,complete,11,1097,26,9,9,1863
7770,complete,14,1277,23,9,9,1763
7771,complete,11,674,19,8,8,1515
7772,complete,16,1894,24,9,9,12219
7773,complete,15,1325,30,10,10,2959
7774,complete,13,1866,20,9,9,1364
7775,complete,13,1155,26,14,14,1850
7776,complete,12,1391,18,9,9,1237
7777,complete,11,758,30,11,11,1478
7778,complete,10,1278,33,11,11,1351
7779,complete,13,1084,19,9,9,1508
7780,complete,22,2701,23,13,13,2190
7781,complete,13,1008,18,7,7,1558
7782,complete,15,1756,18,7,7,1558
7783,complete,13,1479,24,8,8,1364
7784,complete,19,1338,13,8,8,2490
7785,complete,13,1637,18,7,7,3312
7786,complete,26,2461,28,12,12,3049
7787,complete,19,1779,30,14,14,2366
7788,complete,16,1529,22,13,13,1986
7789,complete,11,1320,15,4,4,1051
7790,complete,17,1583,21,12,12,77384
7791,complete,13,1816,19,6,6,1403
7792,complete,16,2253,40,10,10,1629
7793,complete,12,1660,16,5,5,47306
7794,complete,8,1010,29,6,6,981
7795,complete,18,1846,20,11,11,1848
7796,complete,11,1281,22,10,10,1565
7797,complete,20,2525,23,14,14,2764
7798,complete,9,823,30,10,10,2035
7799,complete,12,1094,18,8,8,2297
7800,complete,12,1815,23,8,8,1494
7801,complete,11,1120,21,8,8,1302
7802,complete,11,1090,13,7,7,1331
7803,complete,7,798,27,8,8,920
7804,complete,14,1679,22,12,12,1530
7805,complete,12,1037,21,13,13,1570
7806,complete,16,1433,16,6,6,1802
7807,complete,19,2336,10,8,8,2018
7808,complete,15,1284,22,10,10,1750
7809,complete,18,2218,10,5,5,2694
7810,complete,13,1450,14,7,7,1553
7811,complete,15,1647,5,3,3,1454
7812,complete,14,1331,19,10,10,1667
7813,complete,12,949,26,8,8,1811
7814,complete,6,397,24,10,10,1089
7815,complete,14,1432,19,7,7,2477
7816,complete,17,1764,15,7,7,2612
7817,complete,9,755,19,9,9,1885
7818,complete,16,997,22,12,12,2099
7819,complete,11,1279,18,8,8,1291
7820,complete,13,1070,22,10,10,1715
7821,complete,13,1465,20,10,10,1508
7822,complete,12,1448,20,9,9,1439
7823,complete,13,770,32,13,13,1948
7824,complete,16,1535,21,9,9,1783
7825,complete,14,1201,26,11,11,1740
7826,complete,16,1986,34,13,13,1762
7827,complete,11,1365,26,5,5,1222
7828,complete,13,1388,26,9,9,1425
7829,complete,11,756,11,6,6,1312
7830,complete,8,732,28,10,10,1151
7831,complete,9,910,13,8,8,1047
7832,complete,11,835,14,6,6,1217
7833,complete,10,1074,14,7,7,1221
7834,complete,14,1182,17,9,9,1794
7835,complete,8,652,9,4,4,1612
7836,complete,12,1367,19,7,7,2138
7837,complete,10,1155,24,9,9,1897
7838,complete,18,1533,25,8,8,2211
7839,complete,11,951,11,4,4,1349
7840,complete,13,1111,36,10,10,1889
7841,complete,11,1279,18,6,6,1282
7842,complete,16,1362,16,10,10,1860
7843,complete,9,1160,22,9,9,1037
7844,complete,9,939,26,9,9,1091
7845,complete,18,1810,22,10,10,2319
7846,complete,13,1180,14,6,6,1696
7847,complete,16,1956,36,12,12,1967
7848,complete,25,3080,20,9,9,2991
7849,complete,10,1266,21,9,9,1125
7850,complete,10,1419,30,8,8,1119
7851,complete,11,1435,20,10,10,1200
7852,complete,16,1089,28,11,11,2017
7853,complete,12,1022,21,10,10,1733
7854,complete,12,1457,30,8,8,1477
7855,complete,10,1205,21,8,8,1170
7856,complete,14,1285,16,6,6,2733
7857,complete,9,588,22,7,7,1197
7858,complete,18,1622,20,11,11,2164
7859,complete,13,1062,12,9,9,1742
7860,complete,14,887,21,9,9,1909
7861,complete,8,445,18,9,9,1220
7862,complete,8,1119,29,9,9,2495
7863,complete,12,1606,33,10,10,1312
7864,complete,12,1344,14,7,7,1941
7865,complete,18,1871,8,6,6,2506
7866,complete,16,2182,33,11,11,3742
7867,complete,15,1916,17,9,9,2164
7868,complete,15,1594,15,9,9,2129
7869,complete,11,723,19,10,10,1376
7870,complete,21,2094,24,8,8,2746
7871,complete,9,1027,30,11,11,1255
7872,complete,21,2619,21,8,8,3666
7873,complete,5,429,29,5,5,780
7874,complete,12,561,18,9,9,1838
7875,complete,17,2067,22,8,8,1760
7876,complete,11,1286,15,6,6,1925
7877,complete,14,1188,26,11,11,2695
7878,complete,18,1819,11,8,8,2153
7879,complete,15,1149,24,12,12,1974
7880,complete,18,963,22,7,7,2350
7881,complete,10,648,18,8,8,1297
7882,complete,17,1519,21,10,10,2039
7883,complete,14,1728,20,9,9,1500
7884,complete,15,1442,19,8,8,1824
7885,complete,10,1061,21,7,7,1308
7886,complete,11,1083,12,6,6,1247
7887,complete,15,776,20,11,11,1972
7888,complete,9,990,24,9,9,1217
7889,complete,14,1891,17,8,8,1419
7890,complete,16,1997,29,13,13,1701
7891,complete,14,1950,31,11,11,1513
7892,complete,11,763,29,8,8,1345
7893,complete,15,1469,18,9,9,1695
7894,complete,16,2087,32,9,9,1507
7895,complete,18,1488,25,10,10,2207
7896,complete,15,1438,23,6,6,1529
7897,complete,11,833,18,5,5,1226
7898,complete,15,1264,20,7,7,1761
7899,complete,12,1349,11,6,6,1375
7900,complete,12,958,14,8,8,1971
7901,complete,13,822,14,7,7,1841
7902,complete,12,944,27,9,9,2456
7903,complete,12,1685,32,6,6,1987
7904,complete,9,381,17,7,7,1953
7905,complete,14,1408,30,12,12,1708
7906,complete,11,898,32,9,9,1510
7907,complete,29,2640,21,10,10,3445
7908,complete,17,1401,9,6,6,2097
7909,complete,16,1805,24,9,9,1737
7910,complete,14,1105,13,8,8,1762
7911,complete,13,1441,28,9,9,1508
7912,complete,9,881,25,12,12,1323
7913,complete,8,797,31,11,11,1186
7914,complete,8,931,20,8,8,1068
7915,complete,19,2503,14,5,5,2044
7916,complete,12,1425,24,10,10,1805
7917,complete,16,2017,30,11,11,2353
7918,complete,23,2214,27,9,9,3584
7919,complete,10,574,26,11,11,1587
7920,complete,21,2397,17,8,8,2239
7921,complete,9,580,18,8,8,1304
7922,complete,12,1171,28,9,9,1433
7923,complete,9,937,22,11,11,1203
7924,complete,15,1426,21,11,11,1622
7925,complete,12,803,15,10,10,1666
7926,complete,7,578,23,9,9,1095
7927,complete,10,860,20,6,6,1199
7928,complete,16,1179,8,5,5,2731
7929,complete,14,797,24,12,12,2294
7930,complete,19,1334,23,11,11,2410
7931,complete,16,1754,20,10,10,1731
7932,complete,5,378,20,6,6,766
7933,complete,25,3170,15,10,10,4013
7934,complete,11,1022,25,12,12,1608
7935,complete,12,877,20,8,8,1587
7936,complete,13,1735,29,10,10,1487
7937,complete,14,1307,29,10,10,1926
7938,complete,14,1188,12,7,7,1592
7939,complete,11,1519,22,8,8,1171
7940,complete,10,528,20,12,12,1505
7941,complete,13,1063,19,8,8,1496
7942,complete,10,1257,18,10,10,1261
7943,complete,12,1484,38,12,12,1359
7944,complete,26,3185,23,8,8,2535
7945,complete,9,1157,28,8,8,1154
7946,complete,18,2182,22,9,9,2340
7947,complete,21,2494,26,7,7,2770
7948,complete,14,1390,13,9,9,2414
7949,complete,15,935,18,9,9,1991
7950,complete,12,1050,21,10,10,1819
7951,complete,12,1259,21,11,11,2100
7952,complete,6,401,30,9,9,1332
7953,complete,11,1448,18,7,7,1683
7954,complete,13,1638,27,11,11,1830
7955,complete,14,1407,24,8,8,1410
7956,complete,7,303,29,8,8,1166
7957,complete,14,1172,13,7,7,1673
7958,complete,12,919,18,9,9,1469
7959,complete,22,2625,17,8,8,4725
7960,complete,12,1262,19,9,9,1939
7961,complete,15,1363,20,11,11,2804
7962,complete,8,821,23,10,10,1705
7963,complete,15,1682,21,10,10,2141
7964,complete,8,417,22,8,8,1202
7965,complete,15,1757,15,10,10,1612
7966,complete,10,1007,27,11,11,1268
7967,complete,15,906,22,10,10,1872
7968,complete,15,1258,29,11,11,1972
7969,complete,14,2021,37,8,8,1428
7970,complete,12,609,26,9,9,1666
7971,complete,14,1420,9,6,6,1472
7972,complete,13,1572,13,8,8,1623
7973,complete,7,610,24,10,10,1054
7974,complete,11,1260,27,9,9,1318
7975,complete,9,959,23,6,6,964
7976,complete,9,856,17,6,6,1096
7977,complete,11,1051,17,8,8,1333
7978,complete,16,2110,33,10,10,1619
7979,complete,15,1884,39,7,7,1535
7980,complete,9,524,23,9,9,1186
7981,complete,10,1218,23,10,10,1262
7982,complete,7,490,29,10,10,1103
7983,complete,17,1763,30,13,13,2075
7984,complete,9,721,24,11,11,1406
7985,complete,10,977,31,8,8,1194
7986,complete,19,1977,23,10,10,1988
7987,complete,13,1496,18,7,7,10117
7988,complete,22,2839,23,12,12,3158
7989,complete,23,2335,22,13,13,2470
7990,complete,15,943,18,11,11,1981
7991,complete,14,1787,25,10,10,2221
7992,complete,14,1602,20,10,10,1557
7993,complete,16,1546,19,9,9,1834
7994,complete,15,1801,29,10,10,1779
7995,complete,11,1044,21,8,8,1405
7996,complete,9,836,33,10,10,1378
7997,complete,16,1260,10,6,6,1822
7998,complete,13,1327,29,11,11,1592
7999,complete,16,1980,25,10,10,1736
8000,complete,9,798,26,10,10,1334
8001,complete,7,809,28,8,8,899
8002,complete,10,970,36,5,5,1283
8003,complete,13,805,22,11,11,1664
8004,complete,20,1813,11,6,6,2830
8005,complete,11,1327,17,5,5,1591
8006,complete,8,428,14,8,8,1796
8007,complete,8,818,17,7,7,1064
8008,complete,18,1370,25,8,8,2095
8009,complete,16,1492,16,6,6,1771
8010,complete,21,1963,11,6,6,2222
8011,complete,14,966,24,11,11,2088
8012,complete,6,439,17,9,9,995
8013,complete,8,879,17,4,4,954
8014,complete,10,801,25,9,9,1289
8015,complete,8,568,13,8,8,1200
8016,complete,12,1447,24,8,8,1373
8017,complete,18,1452,29,14,14,2362
8018,complete,11,1256,23,9,9,1358
8019,complete,10,1066,12,7,7,1126
8020,complete,19,1933,18,10,10,415713
8021,complete,21,2389,7,5,5,2593
8022,complete,10,554,27,10,10,1961
8023,complete,15,1696,28,8,8,2256
8024,complete,22,2338,15,8,8,12609
8025,complete,16,1152,28,12,12,2266
8026,complete,20,2184,28,7,7,1973
8027,complete,20,1668,22,10,10,8992
8028,complete,15,1449,23,10,10,1891
8029,complete,11,1047,27,11,11,1516
8030,complete,21,1806,11,6,6,2318
8031,complete,17,1973,33,9,9,2049
8032,complete,16,1416,10,6,6,1832
8033,complete,19,2393,32,11,11,2024
8034,complete,10,938,19,6,6,1128
8035,complete,25,3079,21,11,11,2420
8036,complete,17,1824,22,11,11,1792
8037,complete,9,845,13,9,9,1150
8038,complete,13,1828,24,10,10,1363
8039,complete,12,1045,25,12,12,1917
8040,complete,18,2010,25,8,8,10318
8041,complete,14,1018,13,7,7,1806
8042,complete,11,885,22,9,9,1457
8043,complete,10,1029,28,9,9,1283
8044,complete,17,1647,17,7,7,1925
8045,complete,15,1694,21,12,12,2404
8046,complete,12,802,19,11,11,2146
8047,complete,20,3032,29,8,8,2545
8048,complete,15,1926,27,9,9,1600
8049,complete,7,718,16,7,7,1014
8050,complete,13,1520,28,9,9,1428
8051,complete,9,652,25,10,10,1307
8052,complete,13,1264,22,7,7,1438
8053,complete,16,1354,18,9,9,2923
8054,complete,9,755,23,10,10,1268
8055,complete,12,360,17,9,9,1701
8056,complete,25,3262,21,7,7,2475
8057,complete,20,2145,15,9,9,3668
8058,complete,10,736,17,8,8,1452
8059,complete,10,768,22,11,11,1476
8060,complete,11,841,28,11,11,1446
8061,complete,11,740,11,7,7,1421
8062,complete,11,1185,15,7,7,1310
8063,complete,17,2254,24,11,11,1690
8064,complete,17,2269,15,11,11,1608
8065,complete,11,1445,23,9,9,1168
8066,complete,12,866,35,10,10,1654
8067,complete,10,957,22,7,7,1317
8068,complete,14,1851,28,8,8,1334
8069,complete,16,1148,14,11,11,1947
8070,complete,7,767,22,7,7,878
8071,complete,13,1481,21,9,9,1429
8072,complete,7,522,24,8,8,1066
8073,complete,12,1016,25,12,12,1863
8074,complete,14,1204,18,7,7,2338
8075,complete,9,779,18,8,8,1900
8076,complete,15,1212,18,7,7,1708
8077,complete,19,1236,22,8,8,2369
8078,complete,15,1925,22,9,9,1444
8079,complete,19,1896,26,9,9,2107
8080,complete,10,921,26,11,11,1364
8081,complete,12,1198,12,8,8,1406
8082,complete,8,1036,26,6,6,933
8083,complete,12,1160,16,7,7,1283
8084,complete,16,1531,15,6,6,1752
8085,complete,20,3003,23,5,5,1688
8086,complete,18,1583,14,8,8,1902
8087,complete,17,1792,14,9,9,1660
8088,complete,10,864,12,6,6,1233
8089,complete,13,1684,18,8,8,1333
8090,complete,14,1257,8,4,4,1348
8091,complete,18,2083,18,11,11,2441
8092,complete,13,1253,12,6,6,1840
8093,complete,8,419,21,9,9,1343
8094,complete,9,600,24,9,9,1342
8095,complete,15,1411,31,12,12,1816
8096,complete,10,608,26,11,11,1599
8097,complete,20,2519,24,9,9,2006
8098,complete,6,578,24,6,6,854
8099,complete,7,698,24,8,8,1034
8100,complete,21,2747,19,10,10,2051
8101,complete,15,1608,19,10,10,1636
8102,complete,19,1305,17,7,7,2155
8103,complete,12,1003,15,6,6,1408
8104,complete,12,1040,13,6,6,1714
8105,complete,22,2392,8,6,6,2311
8106,complete,18,2254,21,8,8,2906
8107,complete,7,429,15,8,8,1385
8108,complete,11,846,17,10,10,2207
8109,complete,11,474,22,9,9,1511
8110,complete,17,1515,21,7,7,2048
8111,complete,12,1292,14,9,9,1959
8112,complete,11,663,28,9,9,2120
8113,complete,8,923,14,6,6,1340
8114,complete,11,579,25,10,10,2318
8115,complete,7,581,29,9,9,1349
8116,complete,13,739,24,11,11,1847
8117,complete,9,908,10,7,7,1652
8118,complete,10,802,20,9,9,1362
8119,complete,18,1326,17,8,8,2254
8120,complete,7,395,35,8,8,1086
8121,complete,14,1577,14,9,9,1493
8122,complete,11,893,22,9,9,1380
8123,complete,17,2527,24,7,7,1687
8124,complete,16,1651,19,9,9,1570
8125,complete,12,1052,20,11,11,1538
8126,complete,16,1256,19,12,12,1861
8127,complete,6,424,20,8,8,957
8128,complete,9,691,17,6,6,1163
8129,complete,21,1948,13,5,5,2203
8130,complete,14,1453,18,7,7,1582
8131,complete,21,2181,10,4,4,2058
8132,complete,11,1239,19,10,10,1293
8133,complete,8,696,13,8,8,1106
8134,complete,10,580,22,8,8,1461
8135,complete,15,1081,22,13,13,1885
8136,complete,12,1279,27,12,12,1433
8137,complete,12,1137,23,13,13,1626
8138,complete,11,1256,19,9,9,1459
8139,complete,8,857,24,6,6,981
8140,complete,15,1225,21,11,11,1889
8141,complete,13,1599,27,9,9,1447
8142,complete,17,1856,14,6,6,1654
8143,complete,18,2180,21,9,9,1771
8144,complete,10,1093,18,7,7,1866
8145,complete,13,1705,26,11,11,2224
8146,complete,10,1098,26,10,10,1813
8147,complete,23,2680,27,12,12,3169
8148,complete,14,777,18,12,12,2149
8149,complete,11,1249,17,7,7,1201
8150,complete,15,954,17,9,9,1901
8151,complete,9,595,22,11,11,1337
8152,complete,15,1947,18,9,9,1575
8153,complete,12,1470,25,9,9,1354
8154,complete,14,1509,22,9,9,1666
8155,complete,20,2345,20,8,8,2404
8156,complete,17,1503,22,11,11,2642
8157,complete,13,1161,21,10,10,2316
8158,complete,16,1960,15,6,6,1574
8159,complete,14,1716,16,9,9,1550
8160,complete,21,2283,7,3,3,1938
8161,complete,25,2153,10,8,8,10804
8162,complete,12,1368,19,7,7,1305
8163,complete,10,849,14,8,8,1261
8164,complete,17,1650,22,11,11,1914
8165,complete,11,1386,29,9,9,1287
8166,complete,10,1219,27,10,10,1353
8167,complete,15,1246,25,9,9,1697
8168,complete,6,546,22,8,8,939
8169,complete,18,1474,20,8,8,2956
8170,complete,24,3013,16,6,6,8878
8171,complete,8,438,24,12,12,1788
8172,complete,11,1150,29,13,13,1441
8173,complete,13,1142,18,8,8,2002
8174,complete,10,781,15,7,7,1342
8175,complete,12,654,18,8,8,1991
8176,complete,13,1428,15,6,6,1377
8177,complete,14,1127,19,10,10,1743
8178,complete,18,2061,13,7,7,1709
8179,complete,10,700,17,6,6,1357
8180,complete,13,1283,18,11,11,1747
8181,complete,14,988,13,8,8,2602
8182,complete,13,1501,13,7,7,1373
8183,complete,15,1224,24,9,9,1880
8184,complete,13,1286,15,7,7,1493
8185,complete,7,639,16,5,5,1023
8186,complete,14,1432,32,11,11,1757
8187,complete,24,2912,17,9,9,2789
8188,complete,8,811,26,8,8,1103
8189,complete,10,826,15,10,10,1444
8190,complete,20,2378,11,8,8,2064
8191,complete,13,1170,22,10,10,1676
8192,complete,15,1561,22,8,8,1587
8193,complete,16,1273,7,5,5,1654
8194,complete,10,1205,24,7,7,614929
8195,complete,15,1750,20,10,10,2374
8196,complete,10,1266,23,7,7,1285
8197,complete,8,459,21,9,9,1770
8198,complete,12,822,23,11,11,1719
8199,complete,10,1135,13,5,5,1423
8200,complete,18,1822,24,11,11,2057
8201,complete,9,1198,20,4,4,938
8202,complete,15,1609,22,12,12,1682
8203,complete,10,1354,39,6,6,1039
8204,complete,17,1336,14,5,5,1905
8205,complete,17,1855,17,10,10,1982
8206,complete,12,1122,17,10,10,1594
8207,complete,11,1636,17,6,6,1129
8208,complete,15,2000,11,6,6,1593
8209,complete,21,2002,17,7,7,25313
8210,complete,18,2231,20,9,9,1989
8211,complete,23,2511,18,10,10,2516
8212,complete,14,1679,28,9,9,1658
8213,complete,19,1344,23,11,11,2702
8214,complete,9,987,32,11,11,1145
8215,complete,10,1177,25,9,9,1357
8216,complete,13,985,13,9,9,1996
8217,complete,7,658,21,10,10,1112
8218,complete,12,823,25,10,10,1625
8219,complete,14,1346,24,10,10,1607
8220,complete,21,2131,10,7,7,2219
8221,complete,9,1028,29,7,7,1075
8222,complete,21,2650,25,10,10,2764
8223,complete,8,695,20,10,10,1702
8224,complete,11,1130,28,11,11,1812
8225,complete,9,1262,15,5,5,981
8226,complete,11,1462,23,10,10,1403
8227,complete,13,1324,35,7,7,1565
8228,complete,13,1886,24,10,10,1347
8229,complete,17,1813,15,6,6,1957
8230,complete,10,681,21,11,11,1472
8231,complete,9,759,16,9,9,1236
8232,complete,11,1350,19,10,10,2130
8233,complete,12,790,17,9,9,2397
8234,complete,14,1180,13,6,6,2410
8235,complete,12,748,15,9,9,1539
8236,complete,10,1043,10,6,6,1448
8237,complete,15,1711,18,9,9,1879
8238,complete,8,767,33,11,11,1225
8239,complete,24,2126,8,6,6,2431
8240,complete,18,1633,29,9,9,1917
8241,complete,19,2868,18,8,8,1618
8242,complete,18,1256,14,7,7,2140
8243,complete,7,620,28,9,9,1099
8244,complete,12,639,18,8,8,1635
8245,complete,17,1895,17,7,7,1977
8246,complete,11,1238,24,10,10,1358
8247,complete,7,307,19,6,6,1049
8248,complete,19,2102,19,6,6,16886
8249,complete,14,1220,31,5,5,1603
8250,complete,6,301,24,10,10,1071
8251,complete,6,325,21,8,8,1004
8252,complete,14,1389,15,9,9,2057
8253,complete,8,739,22,8,8,1202
8254,complete,17,1226,18,9,9,2185
8255,complete,14,1845,20,8,8,1440
8256,complete,10,577,18,8,8,2121
8257,complete,12,1027,19,11,11,2663
8258,complete,13,1434,10,5,5,1532
8259,complete,8,549,19,8,8,1187
8260,complete,16,2530,18,5,5,2218
8261,complete,13,1717,21,14,14,2331
8262,complete,11,985,16,8,8,1396
8263,complete,9,550,20,7,7,1331
8264,complete,10,730,16,6,6,1357
8265,complete,9,769,28,11,11,1322
8266,complete,13,1113,17,7,7,1587
8267,complete,17,2010,29,6,6,61280
8268,complete,13,1346,21,9,9,1509
8269,complete,15,1701,20,7,7,1531
8270,complete,7,523,24,12,12,1257
8271,complete,9,786,13,6,6,1026
8272,complete,14,2031,20,9,9,1438
8273,complete,11,985,27,6,6,1514
8274,complete,8,673,15,6,6,1145
8275,complete,17,2348,18,8,8,2544
8276,complete,14,1533,23,12,12,1648
8277,complete,9,612,23,10,10,1316
8278,complete,8,693,30,8,8,1133
8279,complete,11,962,25,10,10,1561
8280,complete,10,728,28,12,12,1453
8281,complete,8,1049,24,6,6,1394
8282,complete,18,1281,17,8,8,2570
8283,complete,17,1855,17,9,9,1816
8284,complete,14,1663,25,11,11,1976
8285,complete,14,1630,17,8,8,1510
8286,complete,8,807,36,12,12,1055
8287,complete,12,1280,34,9,9,1464
8288,complete,16,1759,27,11,11,1908
8289,complete,16,1536,24,10,10,2108
8290,complete,19,1889,27,9,9,1991
8291,complete,13,1271,17,7,7,1480
8292,complete,11,1157,22,12,12,1699
8293,complete,16,1673,16,8,8,1840
8294,complete,17,2085,14,7,7,1923
8295,complete,12,1262,22,6,6,1769
8296,complete,7,844,26,7,7,1279
8297,complete,12,1563,18,5,5,1420
8298,complete,10,988,18,8,8,1749
8299,complete,11,1098,20,9,9,2130
8300,complete,12,1012,14,7,7,3320
8301,complete,17,1873,24,9,9,3448
8302,complete,11,994,19,9,9,2458
8303,complete,7,467,22,8,8,2104
8304,complete,12,1434,16,11,11,2014
8305,complete,13,1197,18,13,13,3541
8306,complete,15,1881,21,9,9,3149
8307,complete,9,865,35,10,10,2910
8308,complete,17,1673,22,10,10,3262
8309,complete,18,2113,18,8,8,3223
8310,complete,18,1621,26,10,10,3582
8311,complete,8,920,31,9,9,2156
8312,complete,20,1521,20,10,10,4342
8313,complete,11,958,18,7,7,2650
8314,complete,9,934,26,8,8,3074
8315,complete,9,1135,26,7,7,1920
8316,complete,13,938,13,6,6,16335
8317,complete,17,2507,20,11,11,1679551
8318,complete,11,1222,17,10,10,1339
8319,complete,13,706,17,8,8,2070
8320,complete,17,1313,20,10,10,2256
8321,complete,8,668,14,6,6,1066
8322,complete,7,639,37,7,7,1087
8323,complete,8,631,19,7,7,1242
8324,complete,18,1978,15,8,8,2223
8325,complete,12,1398,34,13,13,1868
8326,complete,15,1868,16,9,9,1477
8327,complete,11,1088,15,6,6,1889
8328,complete,11,541,16,7,7,2160
8329,complete,12,1262,27,9,9,1413
8330,complete,9,1013,22,4,4,1024
8331,complete,11,1247,17,10,10,1323
8332,complete,12,1144,17,7,7,1371
8333,complete,17,2343,17,4,4,1495
8334,complete,8,709,18,6,6,2461
8335,complete,17,1078,28,10,10,4343
8336,complete,18,1526,21,11,11,2197
8337,complete,10,863,25,10,10,1420
8338,complete,12,716,12,5,5,1641
8339,complete,8,601,15,8,8,1406
8340,complete,14,1148,26,12,12,1842
8341,complete,29,2965,25,9,9,1153853
8342,complete,23,1892,15,7,7,2609
8343,complete,14,1473,19,8,8,1473
8344,complete,17,1131,11,6,6,1967
8345,complete,14,1146,29,12,12,2841
8346,complete,15,767,20,10,10,2376
8347,complete,15,1661,14,7,7,1953
8348,complete,17,2269,25,11,11,1741
8349,complete,5,372,18,9,9,917
8350,complete,16,1456,18,9,9,1824
8351,complete,11,782,20,10,10,1399
8352,complete,16,1346,36,9,9,2146
8353,complete,15,1825,11,4,4,1552
8354,complete,10,1324,11,9,9,1505
8355,complete,16,961,10,8,8,2659
8356,complete,16,1639,19,9,9,2323
8357,complete,10,808,22,8,8,1929
8358,complete,8,683,16,6,6,1196
8359,complete,10,1113,25,10,10,1333
8360,complete,13,1621,22,6,6,1383
8361,complete,6,732,32,6,6,784
8362,complete,7,702,22,8,8,1087
8363,complete,7,413,20,10,10,1385
8364,complete,10,571,17,7,7,2151
8365,complete,12,1761,19,8,8,1658
8366,complete,12,940,21,9,9,2320
8367,complete,14,1855,24,11,11,1605
8368,complete,20,2122,22,11,11,2422
8369,complete,9,583,22,10,10,1634
8370,complete,9,590,25,9,9,1804
8371,complete,21,2844,30,9,9,5662
8372,complete,9,916,20,9,9,1251
8373,complete,14,903,14,8,8,1844
8374,complete,15,903,17,7,7,1910
8375,complete,11,1499,24,9,9,5011
8376,complete,12,1000,18,10,10,2331
8377,complete,8,952,41,10,10,1768
8378,complete,15,1729,25,10,10,1969
8379,complete,15,1332,13,8,8,1771
8380,complete,14,1345,21,8,8,1560
8381,complete,15,1427,19,9,9,1765
8382,complete,15,2008,8,4,4,1315
8383,complete,9,964,21,8,8,1103
8384,complete,8,797,20,8,8,1281
8385,complete,10,1097,21,9,9,1155
8386,complete,13,1333,15,7,7,1523
8387,complete,10,1123,18,8,8,1143
8388,complete,12,758,28,11,11,1797
8389,complete,10,1121,12,4,4,1251
8390,complete,16,1925,8,5,5,1466
8391,complete,17,1385,17,8,8,2005
8392,complete,15,1141,17,8,8,1820
8393,complete,8,893,16,7,7,1016
8394,complete,16,745,25,10,10,2256
8395,complete,14,1109,14,8,8,1738
8396,complete,17,1611,23,10,10,1859
8397,complete,16,1739,19,8,8,1786
8398,complete,22,2274,20,9,9,3587
8399,complete,20,2298,20,8,8,3299
8400,complete,17,2169,24,12,12,1787
8401,complete,9,1079,17,6,6,1172
8402,complete,10,1225,19,8,8,1122
8403,complete,8,773,13,5,5,943
8404,complete,15,1283,15,9,9,1863
8405,complete,17,1711,7,4,4,1815
8406,complete,20,1472,17,10,10,2194
8407,complete,8,746,19,8,8,1057
8408,complete,16,1458,19,12,12,1895
8409,complete,8,886,22,6,6,913
8410,complete,14,1600,13,6,6,1406
8411,complete,12,1369,16,7,7,1203
8412,complete,16,1398,13,7,7,1765
8413,complete,12,1550,17,10,10,1399
8414,complete,11,1068,25,8,8,1596
8415,complete,17,1856,22,9,9,1768
8416,complete,6,418,24,8,8,1065
8417,complete,12,1501,22,7,7,1268
8418,complete,11,1024,34,10,10,4414
8419,complete,15,1541,26,9,9,1627
8420,complete,10,985,13,8,8,1186
8421,complete,11,1325,25,8,8,1200
8422,complete,11,955,23,10,10,2292
8423,complete,11,672,18,10,10,2408
8424,complete,5,242,24,6,6,1340
8425,complete,10,666,25,12,12,1557
8426,complete,13,1488,19,8,8,1497
8427,complete,16,1605,24,13,13,1818
8428,complete,10,1035,16,6,6,1258
8429,complete,10,1220,29,7,7,1302
8430,complete,10,1069,13,4,4,1293
8431,complete,7,392,24,10,10,1206
8432,complete,9,470,25,12,12,1412
8433,complete,18,1067,14,8,8,2688
8434,complete,12,1720,18,6,6,2689
8435,complete,12,776,15,8,8,1688
8436,complete,21,2833,19,9,9,12089
8437,complete,11,1362,16,6,6,1167
8438,complete,8,740,21,8,8,1049
8439,complete,16,2046,21,10,10,1645
8440,complete,11,969,15,8,8,1821
8441,complete,20,2534,16,7,7,2458
8442,complete,13,1547,15,5,5,1912
8443,complete,13,1073,17,8,8,2121
8444,complete,13,1451,18,7,7,1373
8445,complete,14,1201,19,11,11,1491
8446,complete,12,628,18,7,7,1536
8447,complete,8,475,20,12,12,1348
8448,complete,16,2404,21,10,10,10531
8449,complete,7,373,16,7,7,1061
8450,complete,18,2390,21,8,8,3183
8451,complete,8,891,14,5,5,1047
8452,complete,19,2620,14,8,8,1860
8453,complete,18,1793,14,8,8,1845
8454,complete,15,1933,18,7,7,1483
8455,complete,14,831,22,10,10,1873
8456,complete,8,706,27,12,12,1158
8457,complete,10,721,19,10,10,2164
8458,complete,14,1293,21,8,8,2325
8459,complete,10,1224,20,8,8,1187
8460,complete,19,1432,24,10,10,2725
8461,complete,11,1165,13,6,6,1265
8462,complete,18,2051,23,9,9,2322
8463,complete,12,1387,19,9,9,2168
8464,complete,11,1106,25,13,13,2191
8465,complete,9,854,16,7,7,1522
8466,complete,11,1023,21,9,9,1344
8467,complete,18,1665,28,13,13,2168
8468,complete,11,612,29,13,13,1787
8469,complete,14,1706,13,5,5,1396
8470,complete,11,890,17,9,9,1435
8471,complete,14,1224,26,11,11,1908
8472,complete,14,1869,19,7,7,1313
8473,complete,11,1222,23,10,10,1334
8474,complete,14,841,19,9,9,2787
8475,complete,9,926,26,9,9,1243
8476,complete,12,1070,10,7,7,1435
8477,complete,12,1130,24,10,10,1445
8478,complete,7,665,23,9,9,1047
8479,complete,13,767,22,11,11,1837
8480,complete,11,1452,29,7,7,1182
8481,complete,20,2998,24,9,9,2501
8482,complete,8,613,27,6,6,1674
8483,complete,18,872,15,9,9,3083
8484,complete,17,1815,12,6,6,1977
8485,complete,7,829,27,7,7,1013
8486,complete,8,559,20,10,10,1678
8487,complete,12,1648,30,6,6,1162
8488,complete,9,594,25,6,6,1254
8489,complete,12,1122,19,11,11,1546
8490,complete,21,2296,33,13,13,17378
8491,complete,11,764,16,7,7,1735
8492,complete,12,851,19,10,10,1470
8493,complete,9,532,19,9,9,1976
8494,complete,14,854,27,8,8,2544
8495,complete,11,1108,19,7,7,1276
8496,complete,14,1662,17,7,7,1614
8497,complete,17,1687,17,9,9,1925
8498,complete,22,1808,25,11,11,2433
8499,complete,10,1005,38,9,9,1231
8500,complete,11,975,22,8,8,1438
8501,complete,14,805,19,10,10,1956
8502,complete,9,613,21,6,6,1082
8503,complete,14,874,21,12,12,2780
8504,complete,17,2476,23,8,8,1548
8505,complete,29,3958,24,7,7,35641
8506,complete,11,847,21,12,12,1513
8507,complete,13,1419,21,9,9,1461
8508,complete,12,871,19,8,8,1366
8509,complete,12,709,24,10,10,3056
8510,complete,10,948,17,9,9,1521
8511,complete,9,1162,18,5,5,1557
8512,complete,16,1780,21,10,10,2639
8513,complete,10,1054,11,7,7,1772
8514,complete,10,1221,29,11,11,1351
8515,complete,10,1139,27,10,10,1273
8516,complete,12,1159,8,5,5,1393
8517,complete,13,1569,28,8,8,1403
8518,complete,13,1710,21,9,9,1566
8519,complete,8,485,19,8,8,1163
8520,complete,11,1206,22,10,10,1287
8521,complete,12,1698,16,5,5,1184
8522,complete,28,2766,18,8,8,2825
8523,complete,13,1237,15,8,8,1521
8524,complete,13,1559,35,13,13,1566
8525,complete,12,936,28,13,13,1517
8526,complete,10,861,16,8,8,2038
8527,complete,13,1172,20,13,13,2494
8528,complete,21,1700,23,12,12,3171
8529,complete,13,997,23,9,9,1768
8530,complete,14,1129,20,9,9,2424
8531,complete,14,1496,20,8,8,1515
8532,complete,8,585,23,10,10,1266
8533,complete,9,1107,37,9,9,1279
8534,complete,16,1538,24,13,13,58432
8535,complete,14,1789,16,7,7,2088
8536,complete,11,1228,26,8,8,1221
8537,complete,15,1451,19,11,11,2318
8538,complete,11,1060,34,11,11,1818
8539,complete,22,1465,17,9,9,3398
8540,complete,15,1656,22,11,11,1966
8541,complete,19,1442,28,12,12,2478
8542,complete,13,1495,29,8,8,1558
8543,complete,9,864,13,7,7,1116
8544,complete,14,1819,24,9,9,1476
8545,complete,14,1816,14,6,6,1357
8546,complete,12,998,13,8,8,1485
8547,complete,9,769,24,8,8,1146
8548,complete,15,1456,22,12,12,2115
8549,complete,14,1942,29,10,10,1834
8550,complete,22,2181,16,8,8,4510
8551,complete,14,978,20,9,9,2151
8552,complete,11,1292,30,7,7,1246
8553,complete,7,440,23,9,9,1150
8554,complete,13,1123,7,5,5,1321
8555,complete,9,849,11,5,5,1124
8556,complete,16,2221,17,9,9,1741
8557,complete,10,1079,27,6,6,1157
8558,complete,7,286,24,10,10,1303
8559,complete,13,1312,27,7,7,2241
8560,complete,9,993,23,10,10,1835
8561,complete,18,1836,30,8,8,2927
8562,complete,11,1389,22,7,7,1353
8563,complete,8,733,19,8,8,1476
8564,complete,14,1161,17,9,9,2273
8565,complete,12,1275,19,9,9,1908
8566,complete,9,555,11,5,5,1770
8567,complete,13,871,15,7,7,2013
8568,complete,11,893,22,9,9,1400
8569,complete,7,560,14,7,7,1068
8570,complete,10,886,27,11,11,1355
8571,complete,12,1202,22,9,9,1342
8572,complete,11,1327,25,6,6,1192
8573,complete,12,1066,17,8,8,1484
8574,complete,6,520,26,8,8,873
8575,complete,11,902,26,7,7,1322
8576,complete,25,1659,24,10,10,3045
8577,complete,9,1080,26,10,10,1113
8578,complete,17,1479,18,11,11,2026
8579,complete,21,2027,28,9,9,2833
8580,complete,8,848,24,5,5,1582
8581,complete,6,510,19,8,8,1516
8582,complete,9,629,22,9,9,2024
8583,complete,14,643,17,8,8,1902
8584,complete,10,691,32,12,12,1878
8585,complete,14,1574,15,6,6,1968
8586,complete,11,1467,32,9,9,1786
8587,complete,14,1564,15,8,8,1964
8588,complete,16,1924,19,8,8,1650
8589,complete,12,1156,28,8,8,1337
8590,complete,20,2269,25,9,9,2171
8591,complete,13,1344,12,8,8,1737
8592,complete,12,1414,19,8,8,1343
8593,complete,19,2337,19,8,8,1927
8594,complete,10,1117,11,4,4,1251
8595,complete,12,951,19,6,6,1402
8596,complete,19,1545,15,6,6,2214
8597,complete,13,1113,17,11,11,1777
8598,complete,9,607,21,9,9,1359
8599,complete,12,1119,18,11,11,1644
8600,complete,9,1153,12,5,5,18852
8601,complete,14,1329,18,10,10,1783
8602,complete,9,726,15,7,7,1120
8603,complete,12,749,15,6,6,1499
8604,complete,10,995,30,10,10,1221
8605,complete,9,1083,26,8,8,1181
8606,complete,7,455,17,8,8,1055
8607,complete,16,996,18,9,9,1967
8608,complete,9,946,20,5,5,1201
8609,complete,10,1043,18,10,10,1222
8610,complete,10,1109,26,9,9,1167
8611,complete,9,570,30,10,10,1506
8612,complete,9,1154,29,6,6,1106
8613,complete,13,2050,34,7,7,1596
8614,complete,12,1191,24,8,8,2155
8615,complete,13,752,23,10,10,2793
8616,complete,12,715,17,9,9,1839
8617,complete,20,1856,14,7,7,2064
8618,complete,20,2621,11,6,6,1883
8619,complete,9,417,28,11,11,1451
8620,complete,15,1822,26,10,10,1523
8621,complete,14,1406,28,10,10,1701
8622,complete,11,1102,14,6,6,1229
8623,complete,7,400,21,10,10,1086
8624,complete,11,771,18,10,10,1485
8625,complete,9,666,23,11,11,1281
8626,complete,12,725,33,12,12,1622
8627,complete,10,949,27,7,7,1227
8628,complete,9,541,20,8,8,1324
8629,complete,15,1110,10,7,7,1851
8630,complete,9,806,22,9,9,1351
8631,complete,8,550,25,7,7,1267
8632,complete,16,1628,24,9,9,1979
8633,complete,15,1553,26,14,14,1822
8634,complete,11,823,17,7,7,1348
8635,complete,16,1079,24,8,8,2139
8636,complete,16,2212,18,10,10,1620
8637,complete,9,763,18,8,8,1192
8638,complete,8,700,22,9,9,1231
8639,complete,17,1912,17,7,7,1550
8640,complete,13,1775,9,6,6,1937
8641,complete,19,1944,15,7,7,2007
8642,complete,16,1404,16,9,9,1882
8643,complete,14,1116,21,8,8,1697
8644,complete,18,1033,21,9,9,2327
8645,complete,15,1845,24,10,10,1830
8646,complete,12,1428,26,13,13,1451
8647,complete,8,559,18,7,7,1081
8648,complete,11,1366,16,8,8,1294
8649,complete,13,1765,12,4,4,1157
8650,complete,15,1268,12,8,8,1643
8651,complete,6,454,32,10,10,1042
8652,complete,13,871,15,8,8,1660
8653,complete,21,2327,31,14,14,5373
8654,complete,13,1214,23,10,10,1615
8655,complete,19,2720,29,9,9,1919
8656,complete,10,624,14,8,8,1414
8657,complete,14,1231,23,12,12,1715
8658,complete,25,2947,25,8,8,10584
8659,complete,13,1403,21,9,9,1951
8660,complete,17,1665,10,6,6,2543
8661,complete,16,1455,8,5,5,2170
8662,complete,14,1131,13,10,10,2365
8663,complete,13,892,17,8,8,2240
8664,complete,10,1315,21,4,4,935
8665,complete,16,1254,17,14,14,2049
8666,complete,9,678,31,10,10,1213
8667,complete,17,1463,29,13,13,2474
8668,complete,28,2392,26,13,13,3203
8669,complete,18,1659,24,11,11,1978
8670,complete,26,2302,12,7,7,2562
8671,complete,10,895,24,12,12,1431
8672,complete,20,1942,18,8,8,2136
8673,complete,14,995,21,10,10,1780
8674,complete,8,1027,32,8,8,968
8675,complete,20,1724,21,11,11,2205
8676,complete,15,788,22,9,9,2118
8677,complete,14,1307,16,11,11,2635
8678,complete,15,1408,14,6,6,2543
8679,complete,10,662,19,10,10,1689
8680,complete,17,1716,10,5,5,1844
8681,complete,14,868,19,10,10,1876
8682,complete,12,674,14,6,6,1434
8683,complete,11,1055,19,10,10,1349
8684,complete,23,3224,25,8,8,1998
8685,complete,12,1372,25,8,8,1457
8686,complete,15,1384,17,10,10,1832
8687,complete,26,2848,25,13,13,2903
8688,complete,12,824,18,7,7,1577
8689,complete,7,500,12,7,7,1012
8690,complete,22,1780,21,10,10,2602
8691,complete,9,958,16,9,9,1259
8692,complete,14,1248,13,8,8,1773
8693,complete,10,801,14,7,7,1254
8694,complete,15,1400,14,6,6,1607
8695,complete,19,1532,33,9,9,2320
8696,complete,9,771,24,8,8,1310
8697,complete,11,1117,33,7,7,1450
8698,complete,19,2176,12,7,7,2010
8699,complete,20,2471,26,12,12,2681
8700,complete,11,735,17,8,8,2038
8701,complete,13,1299,12,5,5,1905
8702,complete,14,1818,16,6,6,1804
8703,complete,9,843,22,8,8,1710
8704,complete,16,1900,13,6,6,2066
8705,complete,18,1415,23,9,9,2344
8706,complete,18,1438,27,13,13,2182
8707,complete,6,417,13,6,6,881
8708,complete,7,540,17,8,8,1050
8709,complete,15,825,14,9,9,1991
8710,complete,8,311,20,12,12,1308
8711,complete,9,957,25,11,11,1252
8712,complete,21,2384,13,7,7,2223
8713,complete,8,553,21,9,9,1187
8714,complete,11,1019,28,5,5,1321
8715,complete,15,1040,26,10,10,1898
8716,complete,13,1517,25,10,10,1635
8717,complete,7,711,17,5,5,969
8718,complete,7,846,35,8,8,1002
8719,complete,13,1391,31,14,14,1599
8720,complete,12,815,7,4,4,2262
8721,complete,8,465,18,7,7,1667
8722,complete,12,1581,15,6,6,1887
8723,complete,17,2571,23,10,10,1743
8724,complete,20,2592,29,10,10,2075
8725,complete,13,1143,22,11,11,1591
8726,complete,14,1200,19,10,10,1818
8727,complete,15,1419,17,6,6,1818
8728,complete,8,351,14,7,7,1161
8729,complete,14,618,15,10,10,8235
8730,complete,17,2142,18,9,9,1980
8731,complete,15,1859,18,10,10,1875
8732,complete,13,1271,15,6,6,1502
8733,complete,15,1347,21,8,8,1787
8734,complete,31,3330,17,9,9,2891
8735,complete,10,1221,19,7,7,1131
8736,complete,14,1375,17,10,10,1692
8737,complete,11,729,22,10,10,1538
8738,complete,12,1453,17,6,6,1608
8739,complete,20,1910,14,8,8,2854
8740,complete,21,2247,19,8,8,3120
8741,complete,11,1190,23,9,9,1479
8742,complete,13,1659,29,11,11,1429
8743,complete,15,1828,14,7,7,1601
8744,complete,22,1914,14,8,8,2374
8745,complete,13,1585,25,11,11,1572
8746,complete,12,1146,16,6,6,1402
8747,complete,24,2326,22,9,9,2528
8748,complete,8,461,21,10,10,1258
8749,complete,15,1537,22,12,12,1694
8750,complete,9,1053,12,6,6,957
8751,complete,7,873,21,7,7,1003
8752,complete,12,1540,21,8,8,1298
8753,complete,12,971,22,12,12,1608
8754,complete,9,1104,28,8,8,1079
8755,complete,16,1812,14,7,7,1822
8756,complete,13,1265,16,10,10,16805
8757,complete,13,1053,22,10,10,1662
8758,complete,12,920,20,12,12,1673
8759,complete,8,718,23,8,8,1142
8760,complete,17,1785,26,8,8,1838
8761,complete,11,678,15,7,7,1365
8762,complete,14,1531,25,9,9,1498
8763,complete,10,1095,27,9,9,1238
8764,complete,10,687,18,9,9,1289
8765,complete,17,1388,26,11,11,2120
8766,complete,13,1240,22,9,9,1448
8767,complete,16,1769,20,5,5,1685
8768,complete,13,938,13,8,8,1853
8769,complete,16,1924,22,9,9,1695
8770,complete,13,1385,11,7,7,1460
8771,complete,9,1046,23,9,9,1165
8772,complete,12,1308,23,10,10,1375
8773,complete,18,1163,25,11,11,4603
8774,complete,13,1333,15,8,8,2125
8775,complete,11,1050,15,10,10,1831
8776,complete,13,1126,20,8,8,1554
8777,complete,16,1339,22,13,13,1942
8778,complete,17,2255,37,11,11,2635
8779,complete,8,703,26,9,9,1205
8780,complete,15,1467,16,10,10,1682
8781,complete,9,606,15,8,8,1646
8782,complete,12,707,19,7,7,2332
8783,complete,14,1248,11,7,7,1643
8784,complete,9,677,14,7,7,1245
8785,complete,12,1192,16,7,7,1358
8786,complete,10,1137,21,9,9,1222
8787,complete,15,1625,24,10,10,1755
8788,complete,17,2296,24,12,12,1804
8789,complete,7,393,19,9,9,1165
8790,complete,11,911,15,7,7,1412
8791,complete,10,928,22,9,9,1363
8792,complete,18,2073,11,6,6,1732
8793,complete,22,2437,20,9,9,3143
8794,complete,15,1700,23,9,9,1701
8795,complete,15,1539,22,8,8,1649
8796,complete,17,2085,19,11,11,2757
8797,complete,12,1569,23,9,9,2022
8798,complete,5,287,28,5,5,807
8799,complete,12,1321,15,5,5,1330
8800,complete,11,1693,20,4,4,1220
8801,complete,18,1636,17,9,9,1978
8802,complete,14,1001,13,8,8,1632
8803,complete,12,672,20,10,10,1557
8804,complete,10,959,8,4,4,1259
8805,complete,14,1703,28,8,8,2448
8806,complete,23,2190,16,9,9,2427
8807,complete,14,1249,18,6,6,1664
8808,complete,15,1850,13,9,9,1673
8809,complete,6,332,28,9,9,1033
8810,complete,18,1922,13,8,8,1806
8811,complete,16,1710,17,10,10,1893
8812,complete,14,1174,25,10,10,2320
8813,complete,6,400,15,6,6,1002
8814,complete,21,1738,18,10,10,2408
8815,complete,14,1751,20,6,6,1350
8816,complete,16,1792,15,7,7,10462
8817,complete,13,2031,16,6,6,2663
8818,complete,10,940,18,8,8,1912
8819,complete,14,1390,13,7,7,2134
8820,complete,11,1444,15,6,6,1060
8821,complete,9,992,34,9,9,1423
8822,complete,12,1325,8,5,5,1422
8823,complete,8,335,24,12,12,1329
8824,complete,10,1049,15,6,6,1172
8825,complete,9,997,29,11,11,1313
8826,complete,8,495,20,10,10,1293
8827,complete,13,1103,15,6,6,1398
8828,complete,11,1384,27,6,6,1147
8829,complete,15,1184,27,7,7,1751
8830,complete,6,435,21,9,9,995
8831,complete,11,1054,23,10,10,2045
8832,complete,16,1932,10,6,6,1650
8833,complete,12,1532,26,7,7,1327
8834,complete,11,728,19,8,8,1573
8835,complete,18,1637,29,10,10,1992
8836,complete,14,1411,13,7,7,1644
8837,complete,19,2081,27,14,14,3142
8838,complete,21,2076,23,11,11,3095
8839,complete,16,2047,18,9,9,1583
8840,complete,17,1034,18,10,10,2106
8841,complete,20,2263,7,6,6,2110
8842,complete,18,1883,10,6,6,1932
8843,complete,11,1299,19,9,9,1285
8844,complete,16,1503,23,9,9,2745
8845,complete,16,1978,25,9,9,1657
8846,complete,11,528,35,11,11,1643
8847,complete,14,1650,14,9,9,1596
8848,complete,10,1531,23,7,7,926
8849,complete,23,2112,30,10,10,2823
8850,complete,13,1426,23,9,9,1718
8851,complete,10,1537,39,10,10,1212
8852,complete,11,880,20,9,9,1606
8853,complete,9,544,26,12,12,1571
8854,complete,12,1494,23,7,7,1340
8855,complete,8,749,33,8,8,1198
8856,complete,7,643,30,11,11,1070
8857,complete,11,1670,15,5,5,1165
8858,complete,15,1572,19,10,10,1794
8859,complete,14,977,13,6,6,1626
8860,complete,11,814,15,9,9,1675
8861,complete,20,2071,26,11,11,6495
8862,complete,10,572,19,9,9,1446
8863,complete,12,1587,26,9,9,1282
8864,complete,11,1049,22,10,10,1438
8865,complete,17,1006,15,7,7,1838
8866,complete,9,615,21,8,8,1626
8867,complete,11,1061,22,10,10,2221
8868,complete,16,1522,28,8,8,2507
8869,complete,10,785,30,9,9,1377
8870,complete,16,1726,26,11,11,1675
8871,complete,9,1105,23,6,6,960
8872,complete,19,1545,28,13,13,2185
8873,complete,33,3103,16,8,8,3381
8874,complete,17,1825,15,7,7,1754
8875,complete,17,1717,21,8,8,42694
8876,complete,12,1333,17,12,12,1513
8877,complete,6,304,29,9,9,1567
8878,complete,9,1270,21,7,7,1562
8879,complete,11,888,24,9,9,2408
8880,complete,10,925,15,8,8,1725
8881,complete,15,1992,20,9,9,1832
8882,complete,7,531,37,10,10,1138
8883,complete,4,293,26,7,7,867
8884,complete,13,1447,19,9,9,1419
8885,complete,13,1838,22,8,8,1394
8886,complete,11,847,27,12,12,1522
8887,complete,10,1138,13,4,4,1027
8888,complete,10,1286,20,7,7,1750
8889,complete,9,1025,20,8,8,1181
8890,complete,10,1361,16,3,3,2264
8891,complete,12,1528,25,11,11,1468
8892,complete,12,801,25,12,12,1555
8893,complete,8,542,18,8,8,1269
8894,complete,13,878,27,12,12,1693
8895,complete,9,1071,37,8,8,1109
8896,complete,16,1101,12,8,8,2015
8897,complete,13,1873,23,5,5,2668
8898,complete,18,1183,26,14,14,2460
8899,complete,12,1210,7,4,4,3068
8900,complete,17,2237,15,10,10,1984
8901,complete,9,1022,29,8,8,1225
8902,complete,12,776,18,8,8,2124
8903,complete,20,2248,16,11,11,3041
8904,complete,19,2108,28,11,11,2254
8905,complete,21,2444,35,8,8,3011
8906,complete,15,1429,16,10,10,2177
8907,complete,15,1501,16,7,7,2449
8908,complete,13,1200,10,6,6,1896
8909,complete,15,1254,20,7,7,1886
8910,complete,26,2369,24,10,10,2873
8911,complete,12,1349,23,8,8,1466
8912,complete,13,1268,20,9,9,1425
8913,complete,14,1093,20,6,6,1703
8914,complete,12,1616,18,10,10,1338
8915,complete,12,1274,16,8,8,1439
8916,complete,18,1493,23,12,12,3184
8917,complete,17,1543,16,9,9,3137
8918,complete,4,195,27,8,8,807
8919,complete,8,960,21,6,6,1094
8920,complete,11,1253,17,8,8,1292
8921,complete,9,1121,17,6,6,1087
8922,complete,24,2795,28,15,15,2667
8923,complete,13,817,19,7,7,2145
8924,complete,11,713,21,9,9,1384
8925,complete,13,1754,18,9,9,1618
8926,complete,14,1972,26,9,9,1431
8927,complete,11,1154,21,12,12,1452
8928,complete,14,716,21,11,11,2330
8929,complete,7,241,31,7,7,1195
8930,complete,11,904,18,12,12,1507
8931,complete,10,1266,26,9,9,1249
8932,complete,11,1109,13,8,8,1291
8933,complete,18,860,32,13,13,2354
8934,complete,14,1410,15,10,10,1422
8935,complete,14,1669,22,9,9,1598
8936,complete,21,1932,11,8,8,3454
8937,complete,12,847,7,5,5,2200
8938,complete,11,1230,21,5,5,1409
8939,complete,18,1679,21,10,10,1897
8940,complete,15,1606,17,10,10,2776
8941,complete,8,785,23,8,8,1095
8942,complete,20,1904,22,9,9,2422
8943,complete,14,896,22,11,11,1902
8944,complete,15,1604,20,11,11,1743
8945,complete,12,851,19,8,8,1415
8946,complete,7,765,26,8,8,1069
8947,complete,10,1107,23,8,8,1213
8948,complete,14,1473,8,5,5,1878
8949,complete,12,1204,23,11,11,1495
8950,complete,11,1493,23,10,10,1331
8951,complete,16,2017,12,7,7,1773
8952,complete,6,526,17,6,6,797
8953,complete,23,2572,18,8,8,9920
8954,complete,9,977,24,7,7,1116
8955,complete,16,2165,8,5,5,1333
8956,complete,16,2184,30,10,10,518014
8957,complete,10,1031,30,11,11,1193
8958,complete,12,1046,22,7,7,1463
8959,complete,13,1667,34,7,7,1502
8960,complete,14,1941,16,9,9,1982
8961,complete,15,1651,28,11,11,2615
8962,complete,21,2961,28,11,11,2972
8963,complete,9,946,28,9,9,1060
8964,complete,15,1611,12,7,7,1654
8965,complete,20,1450,22,9,9,2347
8966,complete,12,1185,17,9,9,1926
8967,complete,16,1338,31,11,11,2680
8968,complete,18,1892,21,10,10,2514
8969,complete,12,1326,28,7,7,1970
8970,complete,26,2467,30,14,14,3222
8971,complete,13,1232,27,12,12,1642
8972,complete,16,2404,25,6,6,1539
8973,complete,8,568,22,11,11,1357
8974,complete,11,1147,27,12,12,1419
8975,complete,16,2300,17,7,7,1676
8976,complete,12,1308,24,9,9,1504
8977,complete,15,1446,27,15,15,2114
8978,complete,7,655,24,7,7,1604
8979,complete,12,1435,33,12,12,2314
8980,complete,16,1144,13,5,5,2900
8981,complete,9,489,12,8,8,1325
8982,complete,11,1179,16,5,5,1780
8983,complete,11,1409,19,7,7,1375
8984,complete,10,504,25,12,12,1543
8985,complete,20,2187,23,10,10,2241
8986,complete,16,1423,12,7,7,1810
8987,complete,6,438,14,9,9,965
8988,complete,10,719,17,9,9,1504
8989,complete,13,1468,30,10,10,1641
8990,complete,11,1163,9,6,6,1292
8991,complete,15,1538,15,7,7,1640
8992,complete,10,1261,24,8,8,1728
8993,complete,10,1123,26,8,8,1992
8994,complete,16,1635,28,12,12,1679
8995,complete,20,1357,18,9,9,2468
8996,complete,10,1089,20,6,6,1220
8997,complete,18,1612,17,10,10,1988
8998,complete,12,1432,30,12,12,1447
8999,complete,9,1128,41,7,7,1077
9000,complete,11,1306,14,7,7,1137
9001,complete,7,719,26,8,8,1357
9002,complete,17,1490,14,8,8,2448
9003,complete,19,2233,18,11,11,2797
9004,complete,11,601,19,9,9,1439
9005,complete,14,979,22,10,10,1772
9006,complete,14,1269,18,9,9,1621
9007,complete,11,1084,21,9,9,1396
9008,complete,16,1183,8,6,6,1862
9009,complete,26,3497,31,10,10,8596
9010,complete,20,2085,15,7,7,2004
9011,complete,22,2523,13,5,5,2045
9012,complete,11,778,23,9,9,1550
9013,complete,10,1107,25,8,8,1172
9014,complete,20,2576,31,9,9,2052
9015,complete,16,1535,12,5,5,1959
9016,complete,13,671,21,10,10,1797
9017,complete,13,978,16,7,7,1572
9018,complete,9,969,22,7,7,1079
9019,complete,13,1644,22,11,11,1533
9020,complete,21,1865,10,5,5,2309
9021,complete,8,791,20,9,9,1670
9022,complete,9,806,20,9,9,1765
9023,complete,34,4398,29,14,14,4211
9024,complete,10,526,15,7,7,1283
9025,complete,10,654,22,11,11,1482
9026,complete,11,945,24,8,8,1373
9027,complete,11,886,17,9,9,1486
9028,complete,10,842,16,9,9,1437
9029,complete,19,1426,5,3,3,1826
9030,complete,13,777,27,11,11,2310
9031,complete,11,803,19,9,9,1490
9032,complete,16,1225,23,8,8,2841
9033,complete,17,2110,12,7,7,2318
9034,complete,16,1450,10,7,7,2696
9035,complete,13,1085,12,7,7,1522
9036,complete,16,2006,16,6,6,5795
9037,complete,14,1549,10,7,7,2686
9038,complete,10,593,33,9,9,1372
9039,complete,13,1579,11,8,8,1427
9040,complete,11,1047,22,10,10,1406
9041,complete,9,995,25,8,8,1200
9042,complete,8,708,21,11,11,1186
9043,complete,17,2140,26,8,8,1597
9044,complete,16,997,27,10,10,3847
9045,complete,13,1732,15,7,7,1697
9046,complete,10,683,19,8,8,1507
9047,complete,17,1611,15,6,6,1830
9048,complete,16,1434,19,7,7,2240
9049,complete,13,970,26,9,9,2049
9050,complete,8,980,25,6,6,1350
9051,complete,9,404,23,9,9,1842
9052,complete,11,1114,27,12,12,1881
9053,complete,12,1583,25,4,4,1861
9054,complete,9,932,23,9,9,2723
9055,complete,9,1002,26,7,7,1149
9056,complete,13,764,14,8,8,1573
9057,complete,10,411,19,7,7,1339
9058,complete,12,1347,23,11,11,1573
9059,complete,14,1434,20,7,7,1774
9060,complete,14,1343,18,9,9,1585
9061,complete,7,694,24,9,9,1408
9062,complete,24,2237,27,12,12,3343
9063,complete,12,832,27,13,13,2555
9064,complete,11,1153,21,10,10,1960
9065,complete,12,998,15,8,8,2298
9066,complete,15,1918,22,9,9,1571
9067,complete,12,1147,14,5,5,1222
9068,complete,17,2402,18,8,8,1613
9069,complete,18,1351,22,9,9,3422
9070,complete,10,879,24,12,12,1472
9071,complete,9,644,17,9,9,1502
9072,complete,20,1948,14,9,9,3409
9073,complete,15,2033,19,6,6,1516
9074,complete,14,788,26,13,13,1824
9075,complete,16,1405,8,5,5,1857
9076,complete,14,1393,16,7,7,1514
9077,complete,14,1443,22,12,12,1670
9078,complete,22,3365,21,8,8,2045
9079,complete,17,2048,21,6,6,1546
9080,complete,18,1683,16,6,6,2667
9081,complete,17,1022,25,11,11,10890
9082,complete,19,1453,30,11,11,3571
9083,complete,15,1397,20,5,5,2290
9084,complete,14,739,19,8,8,2479
9085,complete,14,1583,32,12,12,1919
9086,complete,17,1593,21,11,11,1916
9087,complete,13,611,30,10,10,1883
9088,complete,11,1420,18,6,6,1149
9089,complete,10,1077,13,5,5,1187
9090,complete,8,905,18,4,4,898
9091,complete,23,2273,16,10,10,2397
9092,complete,17,1279,16,10,10,2712
9093,complete,13,894,11,7,7,2221
9094,complete,13,1435,36,11,11,2170
9095,complete,10,974,20,8,8,1268
9096,complete,16,1855,10,5,5,1426
9097,complete,12,555,20,10,10,1710
9098,complete,19,1932,8,5,5,1954
9099,complete,17,1436,17,10,10,1955
9100,complete,15,1811,15,8,8,1578
9101,complete,13,1161,16,6,6,1434
9102,complete,10,1099,19,8,8,1571
9103,complete,11,766,14,9,9,2250
9104,complete,15,1249,17,9,9,3976
9105,complete,17,2196,18,9,9,2626
9106,complete,16,2098,24,10,10,4694
9107,complete,10,1133,26,7,7,1295
9108,complete,20,1096,30,11,11,3227
9109,complete,18,1880,21,11,11,1809
9110,complete,12,1811,28,9,9,1683
9111,complete,6,289,34,9,9,1516
9112,complete,12,1583,19,9,9,1869
9113,complete,8,529,24,8,8,1552
9114,complete,13,916,25,8,8,2241
9115,complete,17,2444,16,9,9,3549
9116,complete,12,1010,15,8,8,1482
9117,complete,15,1667,19,8,8,1584
9118,complete,11,775,15,9,9,1549
9119,complete,19,2488,30,13,13,2795
9120,complete,7,769,23,8,8,1248
9121,complete,18,1824,16,5,5,2855
9122,complete,21,1697,11,7,7,4112
9123,complete,9,891,22,8,8,1255
9124,complete,14,1016,16,10,10,1813
9125,complete,5,356,21,8,8,821
9126,complete,9,801,15,7,7,1398
9127,complete,9,671,17,9,9,2061
9128,complete,9,1067,31,7,7,1581
9129,complete,17,1936,27,9,9,3507
9130,complete,10,909,32,9,9,1385
9131,complete,11,1026,21,8,8,1315
9132,complete,17,2360,27,9,9,1795
9133,complete,8,641,27,11,11,1130
9134,complete,17,2100,17,8,8,1828
9135,complete,17,1722,16,9,9,2042
9136,complete,12,1426,21,9,9,1568
9137,complete,29,2529,20,9,9,4617
9138,complete,10,1053,21,11,11,1311
9139,complete,18,2305,25,10,10,1953
9140,complete,10,1092,16,6,6,1161
9141,complete,24,3178,14,6,6,3091
9142,complete,28,2832,26,8,8,3465
9143,complete,9,1165,14,6,6,1309
9144,complete,6,339,21,8,8,1519
9145,complete,17,1946,19,11,11,2815
9146,complete,18,2377,15,8,8,2711
9147,complete,27,2387,23,9,9,4680
9148,complete,17,2675,24,10,10,1840
9149,complete,14,1252,13,7,7,1758
9150,complete,11,889,19,10,10,1624
9151,complete,7,555,24,8,8,1407
9152,complete,11,1146,22,8,8,1910
9153,complete,10,964,25,11,11,1262
9154,complete,19,2073,34,12,12,2330
9155,complete,14,1343,24,14,14,1785
9156,complete,10,1026,21,9,9,1393
9157,complete,13,1342,37,10,10,1573
9158,complete,12,1181,16,7,7,82873
9159,complete,14,1433,27,10,10,2226
9160,complete,14,1532,14,8,8,2017
9161,complete,10,857,17,11,11,1825
9162,complete,13,1767,15,10,10,1784
9163,complete,14,1245,18,7,7,2076
9164,complete,27,3334,24,11,11,3903
9165,complete,12,1189,24,12,12,2063
9166,complete,14,1247,17,10,10,2310
9167,complete,13,1699,14,7,7,1999
9168,complete,7,643,19,9,9,1145
9169,complete,10,1317,15,5,5,1061
9170,complete,19,2385,20,11,11,2054
9171,complete,22,2119,13,6,6,4982
9172,complete,11,717,21,11,11,1881
9173,complete,12,893,16,9,9,1499
9174,complete,12,1404,25,7,7,1951
9175,complete,12,1689,27,10,10,4813
9176,complete,14,1010,12,6,6,2565
9177,complete,16,1333,17,6,6,2696
9178,complete,11,1046,20,7,7,1323
9179,complete,11,700,21,7,7,2011
9180,complete,20,2357,21,12,12,5343
9181,complete,14,1056,9,7,7,1810
9182,complete,10,1295,28,7,7,1684
9183,complete,13,1009,16,8,8,1539
9184,complete,10,930,6,4,4,1093
9185,complete,15,1774,38,10,10,1620
9186,complete,13,994,28,13,13,1646
9187,complete,10,705,16,7,7,1315
9188,complete,10,1007,12,8,8,1258
9189,complete,14,1263,20,12,12,2412
9190,complete,18,1705,19,11,11,2108
9191,complete,6,492,26,7,7,1300
9192,complete,9,773,37,8,8,1353
9193,complete,14,1255,20,10,10,1787
9194,complete,12,1129,29,7,7,1390
9195,complete,20,1192,18,12,12,2422
9196,complete,11,878,10,3,3,1217
9197,complete,15,1834,21,9,9,1685
9198,complete,16,1432,27,13,13,2578
9199,complete,11,1217,27,10,10,2027
9200,complete,11,982,26,12,12,2536
9201,complete,8,957,30,4,4,1080
9202,complete,18,1284,16,8,8,2997
9203,complete,11,1686,27,7,7,1504
9204,complete,17,2124,18,7,7,99367
9205,complete,19,1589,19,10,10,2839
9206,complete,11,1027,16,6,6,1723
9207,complete,11,1087,20,12,12,5097
9208,complete,8,633,26,7,7,1091
9209,complete,12,1600,32,11,11,1694
9210,complete,13,1558,27,10,10,1424
9211,complete,14,1108,18,12,12,2331
9212,complete,19,1639,19,9,9,2159
9213,complete,15,721,16,10,10,2152
9214,complete,16,1964,21,12,12,2571
9215,complete,17,1956,30,9,9,2555
9216,complete,11,1008,19,8,8,1340
9217,complete,14,1773,20,7,7,1516
9218,complete,11,852,38,11,11,1438
9219,complete,11,1634,30,11,11,1147
9220,complete,13,1806,20,8,8,1234
9221,complete,14,1655,16,9,9,1564
9222,complete,13,1064,30,12,12,2819
9223,complete,14,801,18,8,8,2995
9224,complete,18,1902,13,7,7,1871
9225,complete,12,1224,10,5,5,1469
9226,complete,15,2075,21,9,9,1980
9227,complete,10,948,28,10,10,1828
9228,complete,10,1103,30,8,8,1737
9229,complete,9,616,21,10,10,1961
9230,complete,6,318,14,6,6,1309
9231,complete,21,2092,14,8,8,2540
9232,complete,4,254,30,8,8,1208
9233,complete,11,790,19,7,7,1948
9234,complete,19,1578,23,10,10,3023
9235,complete,29,4123,23,10,10,3659
9236,complete,7,527,18,9,9,1468
9237,complete,10,1038,22,7,7,1596
9238,complete,9,297,20,7,7,2048
9239,complete,11,1077,22,6,6,1394
9240,complete,13,1808,35,9,9,1946
9241,complete,8,452,13,8,8,1507
9242,complete,29,2216,15,8,8,3421
9243,complete,15,2134,30,7,7,1468
9244,complete,12,1445,11,5,5,1245
9245,complete,12,1491,18,7,7,1263
9246,complete,11,654,11,6,6,1408
9247,complete,20,2409,25,11,11,1880
9248,complete,10,804,19,11,11,1333
9249,complete,11,920,26,9,9,1420
9250,complete,9,504,25,11,11,1422
9251,complete,20,2224,13,9,9,2823
9252,complete,15,1399,30,9,9,2528
9253,complete,13,1197,23,7,7,1978
9254,complete,22,2442,18,7,7,3292
9255,complete,13,878,25,13,13,2647
9256,complete,13,1112,12,7,7,1900
9257,complete,11,1182,19,9,9,1947
9258,complete,19,2430,19,10,10,2598
9259,complete,12,976,11,5,5,1838
9260,complete,9,850,26,7,7,1454
9261,complete,21,2546,12,6,6,4763
9262,complete,9,982,24,10,10,1587
9263,complete,13,1327,16,10,10,2036
9264,complete,9,1234,27,4,4,1272
9265,complete,14,1080,13,7,7,2229
9266,complete,18,1887,16,11,11,2700
9267,complete,9,1084,17,8,8,1490
9268,complete,15,1879,21,9,9,1853
9269,complete,14,2043,30,10,10,1858
9270,complete,15,1958,24,10,10,2211
9271,complete,20,2096,21,9,9,2365
9272,complete,20,1881,19,7,7,2048
9273,complete,13,869,14,8,8,1635
9274,complete,12,1006,18,9,9,1577
9275,complete,8,1005,36,9,9,1275
9276,complete,16,1772,26,11,11,2318
9277,complete,18,2428,20,11,11,2441
9278,complete,18,1417,13,8,8,2820
9279,complete,15,1392,30,11,11,2459
9280,complete,11,512,12,6,6,1826
9281,complete,10,820,21,9,9,1952
9282,complete,19,2662,21,10,10,2543
9283,complete,16,2033,30,10,10,2214
9284,complete,10,970,10,4,4,1434
9285,complete,12,844,31,9,9,2095
9286,complete,18,2401,11,8,8,3264
9287,complete,10,560,21,12,12,2044
9288,complete,16,1891,16,10,10,2382
9289,complete,12,1120,19,10,10,2087
9290,complete,15,1572,16,9,9,2510
9291,complete,16,1824,25,9,9,2455
9292,complete,14,1199,31,11,11,2315
9293,complete,9,578,28,11,11,2303
9294,complete,14,940,24,9,9,2383
9295,complete,12,1189,19,11,11,2247
9296,complete,9,936,18,7,7,1572
9297,complete,7,492,22,6,6,1497
9298,complete,15,1230,23,13,13,2896
9299,complete,21,2369,18,7,7,3266
9300,complete,10,885,25,9,9,1959
9301,complete,17,2078,17,9,9,2287
9302,complete,23,2989,15,7,7,2934
9303,complete,23,2338,26,9,9,3539
9304,complete,18,1854,11,7,7,2437
9305,complete,15,1151,15,9,9,2551
9306,complete,22,2526,15,9,9,3224
9307,complete,13,810,25,8,8,2275
9308,complete,14,1806,26,14,14,2274
9309,complete,17,1969,12,7,7,2397
9310,complete,17,1569,25,11,11,3025
9311,complete,18,2167,20,11,11,2651
9312,complete,26,3941,22,13,13,3188
9313,complete,14,996,14,10,10,2645
9314,complete,13,970,22,11,11,2204
9315,complete,10,916,21,12,12,1981
9316,complete,10,481,13,8,8,2030
9317,complete,16,2145,10,5,5,2269
9318,complete,10,759,11,4,4,1613
9319,complete,12,903,26,11,11,1785
9320,complete,16,1482,16,7,7,1861
9321,complete,13,838,19,7,7,1713
9322,complete,14,925,13,7,7,1878
9323,complete,16,1334,11,9,9,1951
9324,complete,17,1420,16,10,10,1975
9325,complete,19,1487,25,14,14,3738
9326,complete,29,2915,23,11,11,4654
9327,complete,9,1366,22,4,4,1264
9328,complete,6,548,15,6,6,1171
9329,complete,20,1517,17,8,8,3012
9330,complete,15,1424,26,7,7,2134
9331,complete,18,1982,13,7,7,2533
9332,complete,10,456,11,8,8,1854
9333,complete,18,2232,28,13,13,2714
9334,complete,11,912,25,8,8,1858
9335,complete,13,1473,25,10,10,2032
9336,complete,15,1860,20,6,6,1939
9337,complete,9,1090,23,10,10,1667
9338,complete,12,1193,18,10,10,2250
9339,complete,7,310,13,7,7,1417
9340,complete,16,1341,15,10,10,2909
9341,complete,15,1166,15,5,5,1703
9342,complete,10,939,13,6,6,1700
9343,complete,14,678,9,5,5,2404
9344,complete,17,1854,25,8,8,2485
9345,complete,12,1044,23,9,9,1942
9346,complete,8,572,34,12,12,1796
9347,complete,13,1177,18,6,6,1998
9348,complete,17,2013,18,11,11,2611
9349,complete,11,547,20,10,10,2079
9350,complete,27,2935,34,11,11,11257
9351,complete,10,960,16,9,9,1725
9352,complete,11,1279,13,5,5,1681
9353,complete,16,2029,12,5,5,2090
9354,complete,8,900,29,11,11,1796
9355,complete,13,1448,26,6,6,1998
9356,complete,26,2032,24,11,11,4604
9357,complete,10,1184,29,7,7,1786
9358,complete,20,2380,9,6,6,2521
9359,complete,15,1683,11,7,7,2040
9360,complete,21,2213,11,4,4,2521
9361,complete,9,817,13,7,7,1506
9362,complete,13,1521,15,7,7,1924
9363,complete,14,972,11,8,8,2690
9364,complete,8,687,15,9,9,1561
9365,complete,11,1031,19,9,9,1744
9366,complete,11,1148,10,7,7,1787
9367,complete,9,639,22,10,10,1849
9368,complete,16,2294,17,5,5,1889
9369,complete,12,955,10,7,7,1886
9370,complete,12,1534,23,7,7,1793
9371,complete,13,1327,27,10,10,2014
9372,complete,8,569,28,14,14,1757
9373,complete,11,629,18,8,8,2140
9374,complete,14,1163,31,11,11,2474
9375,complete,10,758,16,8,8,1813
9376,complete,17,1565,17,6,6,2440
9377,complete,16,1897,12,6,6,2223
9378,complete,19,2631,10,7,7,1612
9379,complete,11,734,21,10,10,1452
9380,complete,15,1392,22,9,9,1800
9381,complete,12,670,28,10,10,2243
9382,complete,11,998,21,8,8,1779
9383,complete,17,1530,17,6,6,2634
9384,complete,9,650,26,9,9,1924
9385,complete,11,1085,14,7,7,1762
9386,complete,18,1365,13,9,9,2860
9387,complete,11,1265,17,8,8,1775
9388,complete,18,2329,22,9,9,2529
9389,complete,11,1188,18,10,10,1796
9390,complete,19,1843,22,10,10,3102
9391,complete,11,921,18,5,5,1350
9392,complete,12,933,18,9,9,1523
9393,complete,12,362,29,8,8,1691
9394,complete,15,1485,24,11,11,1682
9395,complete,20,2608,16,10,10,2136
9396,complete,20,2323,29,11,11,3096
9397,complete,22,1963,18,9,9,3067
9398,complete,12,1300,20,5,5,1837
9399,complete,20,1806,13,7,7,2765
9400,complete,11,612,24,6,6,1561
9401,complete,11,697,16,7,7,1462
9402,complete,18,1238,28,13,13,2521
9403,complete,15,1460,21,9,9,1628
9404,complete,10,828,17,7,7,1323
9405,complete,15,1598,14,9,9,1961
9406,complete,12,1352,10,7,7,1868
9407,complete,8,1052,21,6,6,1267
9408,complete,10,1039,25,8,8,1749
9409,complete,15,1842,26,11,11,2103
9410,complete,12,1040,13,7,7,1962
9411,complete,10,1235,25,7,7,1397
9412,complete,9,820,29,7,7,1529
9413,complete,20,2208,20,11,11,2946
9414,complete,16,1256,13,8,8,2380
9415,complete,11,1577,26,9,9,1555
9416,complete,12,700,19,10,10,2027
9417,complete,17,2051,13,6,6,1646
9418,complete,13,1404,24,10,10,1554
9419,complete,6,552,22,4,4,766
9420,complete,14,1930,21,7,7,1258
9421,complete,17,1047,23,10,10,2228
9422,complete,10,900,18,8,8,1402
9423,complete,8,346,15,8,8,1150
9424,complete,12,1058,13,7,7,1424
9425,complete,12,1500,21,8,8,1395
9426,complete,9,560,7,6,6,1164
9427,complete,14,929,24,13,13,1927
9428,complete,13,1342,37,12,12,1707
9429,complete,14,1240,13,8,8,1528
9430,complete,13,1498,20,10,10,1475
9431,complete,17,1602,22,11,11,2480
9432,complete,16,2245,27,10,10,1773
9433,complete,16,1769,28,12,12,1709
9434,complete,19,2157,17,10,10,2185
9435,complete,15,1291,37,9,9,1670
9436,complete,11,1142,16,8,8,1421
9437,complete,16,1604,33,10,10,2568
9438,complete,21,1402,6,4,4,3020
9439,complete,16,1651,35,12,12,2807
9440,complete,13,977,22,10,10,1924
9441,complete,7,552,16,7,7,1618
9442,complete,20,2175,21,10,10,4559
9443,complete,21,2134,12,8,8,2263
9444,complete,14,1109,21,11,11,1768
9445,complete,9,546,9,7,7,1244
9446,complete,25,3325,12,6,6,1980
9447,complete,19,2061,28,7,7,2420
9448,complete,13,1507,14,7,7,1400
9449,complete,15,902,18,8,8,3644
9450,complete,9,924,18,8,8,1248
9451,complete,24,3100,18,10,10,2491
9452,complete,11,1410,3,3,3,1100
9453,complete,10,927,22,9,9,1310
9454,complete,13,944,12,6,6,1548
9455,complete,10,1192,17,5,5,1085
9456,complete,13,1571,24,12,12,1609
9457,complete,10,789,23,10,10,1421
9458,complete,11,1517,20,10,10,1520
9459,complete,9,758,16,7,7,1218
9460,complete,12,1281,23,11,11,2123
9461,complete,7,750,19,8,8,1525
9462,complete,15,2060,14,9,9,2438
9463,complete,8,691,26,9,9,1235
9464,complete,12,1433,25,7,7,1338
9465,complete,14,1584,25,11,11,1752
9466,complete,12,1334,22,8,8,1574
9467,complete,16,764,18,10,10,2692
9468,complete,11,777,18,10,10,2205
9469,complete,16,1547,16,8,8,2512
9470,complete,7,650,31,7,7,1544
9471,complete,13,1347,14,6,6,1971
9472,complete,10,579,20,7,7,2041
9473,complete,24,1692,19,9,9,2800
9474,complete,10,454,16,7,7,1537
9475,complete,15,966,21,10,10,1869
9476,complete,7,490,20,8,8,1127
9477,complete,13,874,24,8,8,1923
9478,complete,23,2837,17,6,6,305552
9479,complete,10,1397,19,8,8,1348
9480,complete,12,630,14,7,7,1575
9481,complete,23,3195,22,4,4,1911
9482,complete,20,1854,24,12,12,2295
9483,complete,16,1183,25,9,9,1970
9484,complete,9,1046,37,12,12,1363
9485,complete,10,1389,17,7,7,1102
9486,complete,13,956,16,8,8,1734
9487,complete,15,1228,18,9,9,1796
9488,complete,15,1051,28,13,13,2037
9489,complete,12,768,14,5,5,1645
9490,complete,19,2118,26,10,10,2237
9491,complete,14,1470,23,6,6,2359
9492,complete,11,929,21,9,9,1909
9493,complete,18,1724,15,7,7,2646
9494,complete,8,642,24,10,10,1139
9495,complete,22,2365,10,7,7,2185
9496,complete,9,717,21,10,10,1299
9497,complete,9,1193,22,7,7,1519
9498,complete,13,1178,21,10,10,1690
9499,complete,11,497,19,8,8,1560
9500,complete,11,856,21,13,13,1510
9501,complete,18,2242,24,10,10,2430
9502,complete,11,606,14,8,8,1993
9503,complete,12,1158,16,8,8,1927
9504,complete,21,1370,15,9,9,2474
9505,complete,17,1119,25,11,11,1940
9506,complete,16,1409,15,6,6,1801
9507,complete,9,778,27,13,13,1437
9508,complete,12,924,27,13,13,1729
9509,complete,16,2450,23,12,12,1713
9510,complete,9,859,21,11,11,1584
9511,complete,13,1777,31,13,13,79760
9512,complete,17,2156,16,8,8,1681
9513,complete,12,1396,41,11,11,1367
9514,complete,11,965,17,7,7,1352
9515,complete,13,1304,21,8,8,1397
9516,complete,13,1402,21,8,8,1505
9517,complete,11,1092,36,6,6,1685
9518,complete,18,1408,18,10,10,2070
9519,complete,10,669,31,10,10,1589
9520,complete,10,1384,29,8,8,1183
9521,complete,14,1647,17,9,9,1529
9522,complete,9,1112,30,11,11,1191
9523,complete,15,1333,35,9,9,1757
9524,complete,21,1934,25,11,11,2226
9525,complete,10,1221,25,9,9,1345
9526,complete,18,2600,23,9,9,1633
9527,complete,22,1925,25,10,10,2603
9528,complete,12,892,32,9,9,1653
9529,complete,19,2037,26,8,8,1753
9530,complete,5,362,25,10,10,945
9531,complete,10,860,16,7,7,2018
9532,complete,17,2603,29,11,11,2230
9533,complete,12,1192,17,8,8,1376
9534,complete,17,2130,15,8,8,1740
9535,complete,17,1576,21,11,11,2018
9536,complete,20,2392,18,9,9,2112
9537,complete,10,829,19,7,7,1389
9538,complete,11,913,27,10,10,1403
9539,complete,7,322,22,12,12,1207
9540,complete,16,2275,14,7,7,1537
9541,complete,13,996,14,9,9,1602
9542,complete,12,1303,18,6,6,1255
9543,complete,14,1020,22,10,10,1788
9544,complete,17,1886,16,9,9,1910
9545,complete,12,399,28,12,12,1685
9546,complete,10,1296,18,9,9,1118
9547,complete,15,1288,19,9,9,1686
9548,complete,14,1270,19,8,8,2048
9549,complete,15,1276,31,10,10,2512
9550,complete,15,816,13,10,10,2799
9551,complete,15,923,29,13,13,2431
9552,complete,15,1591,14,8,8,1706
9553,complete,10,869,18,10,10,1500
9554,complete,15,1132,20,10,10,1803
9555,complete,9,977,15,7,7,1188
9556,complete,15,1248,20,8,8,1722
9557,complete,15,1532,10,7,7,1666
9558,complete,14,1234,23,9,9,1611
9559,complete,16,1380,11,5,5,2402
9560,complete,28,2732,16,10,10,4244
9561,complete,9,579,29,12,12,1972
9562,complete,23,2831,19,10,10,2468
9563,complete,10,849,22,10,10,1325
9564,complete,12,1092,23,8,8,1460
9565,complete,12,926,23,9,9,1514
9566,complete,22,2819,14,9,9,2305
9567,complete,11,1101,10,6,6,1296
9568,complete,19,2250,31,11,11,1824
9569,complete,10,1062,30,11,11,1633
9570,complete,13,1566,19,10,10,1411
9571,complete,9,1154,35,9,9,1205
9572,complete,11,1538,29,9,9,1492
9573,complete,17,1238,19,9,9,2128
9574,complete,13,1721,22,11,11,1342
9575,complete,10,928,27,8,8,1858
9576,complete,10,1053,24,10,10,1991
9577,complete,8,846,22,8,8,1159
9578,complete,13,1025,15,9,9,1828
9579,complete,17,1039,15,8,8,2233
9580,complete,10,1089,24,10,10,1262
9581,complete,13,1156,22,7,7,1646
9582,complete,12,1095,28,8,8,1448
9583,complete,13,1536,11,6,6,1368
9584,complete,12,1710,11,7,7,1863
9585,complete,11,1246,30,4,4,1800
9586,complete,12,584,25,12,12,2585
9587,complete,17,1530,13,8,8,1927
9588,complete,11,926,12,9,9,1415
9589,complete,12,981,21,9,9,1448
9590,complete,13,1725,25,7,7,1704
9591,complete,9,537,18,7,7,1248
9592,complete,12,1319,13,8,8,1547
9593,complete,15,1950,28,9,9,1883
9594,complete,7,494,18,11,11,1285
9595,complete,12,769,11,8,8,1552
9596,complete,7,666,24,12,12,1286
9597,complete,6,673,31,7,7,823
9598,complete,13,1775,20,8,8,1399
9599,complete,10,1174,22,7,7,1157
9600,complete,10,1075,8,4,4,1049
9601,complete,10,1123,21,10,10,1799
9602,complete,7,888,40,7,7,1516
9603,complete,18,1949,15,6,6,2706
9604,complete,9,838,19,7,7,1727
9605,complete,9,425,32,11,11,1740
9606,complete,20,2516,22,11,11,2523
9607,complete,7,466,15,7,7,1155
9608,complete,19,2311,33,8,8,2145
9609,complete,11,1291,31,11,11,1739
9610,complete,14,1933,25,10,10,1525
9611,complete,13,1759,20,6,6,1437
9612,complete,11,1154,14,5,5,1917
9613,complete,16,1838,15,9,9,2667
9614,complete,11,1125,17,6,6,1916
9615,complete,17,1223,31,11,11,3584
9616,complete,12,747,17,10,10,2682
9617,complete,11,1292,23,8,8,2008
9618,complete,16,1689,28,10,10,2886
9619,complete,16,1184,22,11,11,3831
9620,complete,11,652,19,10,10,1556
9621,complete,9,718,32,9,9,1978
9622,complete,13,1487,23,9,9,2482
9623,complete,26,2668,21,8,8,4372
9624,complete,18,2549,17,9,9,2897
9625,complete,6,508,25,6,6,1305
9626,complete,13,1442,19,8,8,2092
9627,complete,20,2235,14,7,7,3196
9628,complete,10,1372,22,7,7,1949
9629,complete,20,1848,14,5,5,3059
9630,complete,9,607,28,9,9,2019
9631,complete,7,582,23,6,6,1049
9632,complete,18,2774,21,7,7,2284
9633,complete,14,1532,16,9,9,1766
9634,complete,12,1269,26,8,8,1525
9635,complete,12,1255,24,10,10,1514
9636,complete,12,1280,13,6,6,1959
9637,complete,8,454,7,4,4,1508
9638,complete,9,1191,26,9,9,1706
9639,complete,13,1919,25,10,10,1745
9640,complete,20,1768,17,7,7,2492
9641,complete,25,2717,24,11,11,2828
9642,complete,8,581,16,9,9,1133
9643,complete,8,778,20,8,8,1157
9644,complete,9,637,22,9,9,2892
9645,complete,13,1526,22,11,11,2076
9646,complete,23,2835,24,13,13,4074
9647,complete,9,820,25,11,11,1826
9648,complete,19,2732,14,9,9,3613
9649,complete,13,1669,13,5,5,1471
9650,complete,9,644,17,9,9,1963
9651,complete,13,1811,21,6,6,1830
9652,complete,13,661,18,11,11,2065
9653,complete,19,1580,14,5,5,2268
9654,complete,10,1061,18,6,6,1720
9655,complete,8,672,21,8,8,1596
9656,complete,10,590,10,4,4,1399
9657,complete,10,977,15,7,7,1223
9658,complete,25,2748,26,9,9,3198
9659,complete,14,1983,9,5,5,1918
9660,complete,17,1522,20,6,6,5748
9661,complete,16,1767,22,11,11,1937
9662,complete,22,3016,25,9,9,2233
9663,complete,6,545,38,9,9,1170
9664,complete,10,1068,15,9,9,1524
9665,complete,11,652,26,10,10,1923
9666,complete,11,914,19,10,10,1932
9667,complete,10,751,20,9,9,1936
9668,complete,13,679,7,5,5,2245
9669,complete,15,1543,23,9,9,2055
9670,complete,8,480,29,11,11,1309
9671,complete,13,1146,25,6,6,1474
9672,complete,17,2237,23,7,7,1788
9673,complete,12,1012,17,8,8,1488
9674,complete,9,975,21,10,10,1211
9675,complete,14,1229,18,9,9,1712
9676,complete,25,3335,20,10,10,2442
9677,complete,9,1097,15,8,8,1659
9678,complete,8,444,22,9,9,1355
9679,complete,8,660,31,8,8,1286
9680,complete,15,1346,16,7,7,1639
9681,complete,18,1556,20,7,7,3014
9682,complete,18,1507,23,10,10,3393
9683,complete,18,2495,18,6,6,2090
9684,complete,11,635,28,12,12,2469
9685,complete,10,993,15,8,8,2016
9686,complete,6,684,25,6,6,1179
9687,complete,20,2260,21,11,11,3179
9688,complete,15,1922,30,8,8,2241
9689,complete,12,1248,7,4,4,1985
9690,complete,9,1034,28,10,10,1220
9691,complete,16,1871,21,9,9,13677
9692,complete,9,832,19,9,9,1181
9693,complete,15,572,19,9,9,1960
9694,complete,24,2145,20,11,11,2953
9695,complete,11,1326,28,9,9,1528
9696,complete,7,368,22,8,8,1635
9697,complete,9,1140,35,9,9,1786
9698,complete,16,899,21,13,13,3183
9699,complete,11,810,17,10,10,1563
9700,complete,11,971,17,8,8,1493
9701,complete,10,806,26,13,13,1859
9702,complete,9,914,30,9,9,1690
9703,complete,14,1694,23,9,9,2256
9704,complete,11,1224,26,9,9,1860
9705,complete,11,1570,25,7,7,2196
9706,complete,11,645,12,9,9,1589
9707,complete,23,1844,30,11,11,5082
9708,complete,14,1249,25,12,12,1776
9709,complete,15,1906,23,5,5,1585
9710,complete,7,572,14,6,6,1112
9711,complete,11,511,28,10,10,1553
9712,complete,7,630,44,8,8,1143
9713,complete,12,1093,17,8,8,1436
9714,complete,14,1968,21,6,6,1531
9715,complete,10,944,19,8,8,1902
9716,complete,10,1417,24,7,7,2168
9717,complete,5,370,33,10,10,1115
9718,complete,16,1691,18,11,11,2533
9719,complete,11,1575,33,7,7,1297
9720,complete,21,2704,24,11,11,36457
9721,complete,9,486,29,11,11,1849
9722,complete,15,1459,12,8,8,2417
9723,complete,18,2077,10,8,8,2637
9724,complete,18,2623,25,13,13,1808
9725,complete,11,635,12,9,9,1623
9726,complete,14,1678,19,6,6,1414
9727,complete,15,1129,22,9,9,1870
9728,complete,10,993,15,6,6,1139
9729,complete,8,480,25,10,10,1195
9730,complete,16,1781,12,7,7,1744
9731,complete,17,1598,22,10,10,1808
9732,complete,11,1013,24,11,11,1464
9733,complete,5,366,24,5,5,804
9734,complete,10,1138,24,12,12,1302
9735,complete,14,706,18,8,8,1759
9736,complete,13,914,26,9,9,1620
9737,complete,7,822,20,8,8,1051
9738,complete,9,614,22,9,9,1358
9739,complete,12,802,25,9,9,1539
9740,complete,5,259,27,9,9,970
9741,complete,13,1401,14,6,6,1653
9742,complete,19,2058,12,8,8,2003
9743,complete,24,3249,25,10,10,2204
9744,complete,25,1806,23,11,11,2943
9745,complete,14,1644,23,11,11,1552
9746,complete,15,2052,26,6,6,1413
9747,complete,9,827,29,9,9,1387
9748,complete,15,1336,12,7,7,1669
9749,complete,10,381,24,9,9,1459
9750,complete,12,1125,25,11,11,1603
9751,complete,10,965,21,8,8,1422
9752,complete,12,1312,16,9,9,1413
9753,complete,14,893,19,10,10,2000
9754,complete,11,1271,9,6,6,1330
9755,complete,10,1181,21,7,7,1191
9756,complete,25,3365,29,7,7,2745
9757,complete,8,1066,34,5,5,937
9758,complete,13,843,17,11,11,1829
9759,complete,9,407,21,11,11,1387
9760,complete,12,1543,36,11,11,1321
9761,complete,8,838,17,10,10,1135
9762,complete,8,637,19,10,10,1760
9763,complete,10,755,20,8,8,1774
9764,complete,16,2147,11,7,7,1961
9765,complete,12,1037,10,4,4,1873
9766,complete,14,1017,14,6,6,1993
9767,complete,8,535,22,8,8,1175
9768,complete,21,1663,17,9,9,14673
9769,complete,9,604,23,9,9,1327
9770,complete,11,1041,16,9,9,1599
9771,complete,11,1071,23,13,13,1347
9772,complete,10,712,24,10,10,1369
9773,complete,16,1526,21,11,11,1961
9774,complete,11,1421,23,9,9,1169
9775,complete,7,665,26,7,7,1025
9776,complete,11,1023,43,7,7,1976
9777,complete,8,562,19,8,8,1257
9778,complete,11,398,22,8,8,2324
9779,complete,21,1420,18,10,10,18312
9780,complete,17,1448,18,6,6,11617
9781,complete,20,2020,30,17,17,2474
9782,complete,12,1076,18,9,9,1535
9783,complete,16,2185,14,6,6,1606
9784,complete,11,1292,12,7,7,1241
9785,complete,14,1739,15,7,7,1311
9786,complete,11,1037,32,12,12,1355
9787,complete,7,557,21,6,6,1021
9788,complete,14,1979,33,11,11,1460
9789,complete,14,965,16,8,8,1766
9790,complete,14,637,15,9,9,1769
9791,complete,7,485,32,11,11,1118
9792,complete,10,918,18,8,8,1287
9793,complete,17,1766,13,8,8,2045
9794,complete,11,1092,13,7,7,1213
9795,complete,13,967,9,7,7,1626
9796,complete,12,1160,25,10,10,1494
9797,complete,12,1089,16,9,9,1469
9798,complete,8,600,18,9,9,1265
9799,complete,15,1681,20,8,8,1576
9800,complete,21,1634,10,7,7,2298
9801,complete,14,1955,14,7,7,1326
9802,complete,10,790,12,6,6,1288
9803,complete,6,522,19,5,5,1170
9804,complete,17,1477,13,8,8,2451
9805,complete,18,2516,19,11,11,2755
9806,complete,13,1711,15,9,9,1949
9807,complete,8,956,19,6,6,1058
9808,complete,17,1408,12,6,6,1861
9809,complete,12,878,20,10,10,1529
9810,complete,6,596,32,8,8,918
9811,complete,13,1252,13,6,6,1405
9812,complete,10,977,21,8,8,1276
9813,complete,8,670,25,8,8,1121
9814,complete,9,1008,23,5,5,1147
9815,complete,13,1585,19,9,9,4709
9816,complete,17,1877,20,6,6,1638
9817,complete,14,1977,23,7,7,1390
9818,complete,15,1861,24,10,10,1730
9819,complete,17,2060,24,7,7,1786
9820,complete,20,2473,30,7,7,1813
9821,complete,10,731,17,10,10,1753
9822,complete,9,977,16,8,8,1122
9823,complete,11,743,20,11,11,1590
9824,complete,15,1419,18,10,10,1779
9825,complete,15,1782,16,8,8,1472
9826,complete,12,1491,25,6,6,1611
9827,complete,14,1367,19,6,6,1499
9828,complete,13,1698,19,9,9,1367
9829,complete,9,994,19,7,7,1045
9830,complete,16,1547,18,9,9,5282
9831,complete,15,1522,19,8,8,1699
9832,complete,19,1738,22,10,10,2503
9833,complete,20,2350,17,8,8,2334
9834,complete,11,1243,15,7,7,1660
9835,complete,14,1862,23,12,12,2198
9836,complete,17,2052,13,7,7,1782
9837,complete,9,827,21,10,10,1276
9838,complete,11,1482,32,10,10,1935
9839,complete,22,2796,20,12,12,3226
9840,complete,7,695,18,8,8,997
9841,complete,14,1905,32,11,11,1578
9842,complete,14,1611,22,8,8,11000
9843,complete,19,1374,17,6,6,24833
9844,complete,5,245,21,9,9,1005
9845,complete,15,1594,25,11,11,1898
9846,complete,23,2008,18,8,8,2650
9847,complete,10,931,17,8,8,1316
9848,complete,17,2301,21,10,10,1693
9849,complete,18,1464,15,9,9,2252
9850,complete,16,1461,15,9,9,1881
9851,complete,14,2340,46,8,8,8383
9852,complete,13,1302,17,9,9,1490
9853,complete,16,1725,15,8,8,1507
9854,complete,14,898,11,5,5,1595
9855,complete,10,1225,18,10,10,1152
9856,complete,13,723,10,7,7,2395
9857,complete,13,1793,14,4,4,1810
9858,complete,10,878,22,10,10,2154
9859,complete,13,1311,28,10,10,2310
9860,complete,14,990,19,10,10,2424
9861,complete,10,581,22,8,8,1911
9862,complete,17,1583,6,5,5,2451
9863,complete,23,2162,10,7,7,2619
9864,complete,19,2541,31,5,5,1803
9865,complete,10,1095,22,7,7,1161
9866,complete,10,865,26,10,10,1581
9867,complete,12,760,26,13,13,1676
9868,complete,9,341,19,8,8,2158
9869,complete,21,1767,12,8,8,3714
9870,complete,14,1523,25,7,7,1462
9871,complete,13,1453,16,8,8,1603
9872,complete,16,1754,26,11,11,1858
9873,complete,15,1580,29,8,8,1770
9874,complete,16,1307,22,9,9,1959
9875,complete,16,2036,20,11,11,159547
9876,complete,15,1802,19,5,5,1993
9877,complete,17,1017,10,7,7,3376
9878,complete,10,459,11,6,6,1981
9879,complete,12,1299,7,6,6,1400
9880,complete,14,1657,17,4,4,1395
9881,complete,10,639,30,10,10,1610
9882,complete,14,1061,25,13,13,2015
9883,complete,10,989,44,12,12,1379
9884,complete,17,1551,17,10,10,26840
9885,complete,11,876,23,11,11,1335
9886,complete,15,2236,16,7,7,1282
9887,complete,17,2056,25,9,9,1787
9888,complete,15,1652,22,7,7,1739
9889,complete,7,615,20,8,8,1524
9890,complete,37,4299,17,13,13,4097
9891,complete,11,1494,29,6,6,1202
9892,complete,13,1261,33,10,10,1681
9893,complete,9,744,22,9,9,1272
9894,complete,15,2319,29,7,7,1565
9895,complete,7,531,22,8,8,1118
9896,complete,24,2766,25,12,12,2418
9897,complete,13,1100,20,10,10,1749
9898,complete,18,1409,20,12,12,3047
9899,complete,21,1968,17,7,7,2827
9900,complete,8,870,23,8,8,1408
9901,complete,27,2991,18,8,8,83352
9902,complete,12,1116,29,7,7,45221
9903,complete,11,885,22,8,8,1585
9904,complete,13,1093,27,13,13,1811
9905,complete,12,1504,24,12,12,1839
9906,complete,13,1743,15,9,9,1428
9907,complete,12,1110,16,7,7,1379
9908,complete,11,870,28,8,8,1732
9909,complete,14,1424,27,10,10,2310
9910,complete,18,2124,15,8,8,1834
9911,complete,17,1334,12,7,7,2060
9912,complete,9,941,19,8,8,1115
9913,complete,14,1451,27,10,10,1808
9914,complete,17,1308,23,9,9,2231
9915,complete,16,1987,33,7,7,1607
9916,complete,19,1762,15,9,9,2003
9917,complete,15,1676,15,7,7,1732
9918,complete,13,1309,20,6,6,3168
9919,complete,6,325,15,5,5,907
9920,complete,14,1106,24,10,10,1741
9921,complete,13,1355,17,7,7,1416
9922,complete,11,768,15,7,7,1368
9923,complete,8,858,17,10,10,1046
9924,complete,14,1341,16,9,9,1514
9925,complete,7,686,24,8,8,991
9926,complete,4,207,14,6,6,755
9927,complete,14,1989,13,5,5,1384
9928,complete,15,1659,23,8,8,1694
9929,complete,17,1840,18,11,11,1739
9930,complete,12,1361,21,10,10,1390
9931,complete,10,1080,17,6,6,1121
9932,complete,11,1004,24,11,11,1311
9933,complete,14,866,19,8,8,1674
9934,complete,16,1968,12,7,7,1616
9935,complete,21,2260,12,6,6,1935
9936,complete,13,1247,29,7,7,1597
9937,complete,25,2863,11,8,8,2450
9938,complete,13,1044,30,12,12,1649
9939,complete,17,2108,18,12,12,2523
9940,complete,14,1626,19,12,12,2154
9941,complete,7,776,25,5,5,1356
9942,complete,13,1705,29,4,4,1773
9943,complete,10,1195,12,6,6,1219
9944,complete,12,1009,28,11,11,1558
9945,complete,9,927,23,7,7,1140
9946,complete,11,914,23,7,7,1414
9947,complete,7,392,28,9,9,1085
9948,complete,11,874,23,9,9,1524
9949,complete,13,1062,17,8,8,1551
9950,complete,13,1053,22,11,11,1755
9951,complete,24,2850,19,10,10,2446
9952,complete,30,3660,21,10,10,2946
9953,complete,15,1885,14,7,7,1489
9954,complete,11,1061,13,5,5,1269
9955,complete,14,1725,21,8,8,1666
9956,complete,16,2401,26,11,11,6242
9957,complete,9,936,23,12,12,1251
9958,complete,16,2210,25,10,10,1621
9959,complete,9,658,20,7,7,1242
9960,complete,19,1549,21,7,7,2146
9961,complete,10,878,14,8,8,1239
9962,complete,11,1292,24,7,7,1196
9963,complete,3,193,27,5,5,656
9964,complete,12,1032,23,9,9,1470
9965,complete,19,1724,21,12,12,4640
9966,complete,15,1814,13,9,9,1449
9967,complete,13,2014,33,6,6,1179
9968,complete,11,873,34,9,9,2014
9969,complete,13,1642,28,10,10,1531
9970,complete,17,2193,11,8,8,1717
9971,complete,7,333,19,9,9,1097
9972,complete,12,1612,19,8,8,1567
9973,complete,9,950,28,11,11,1260
9974,complete,11,981,24,10,10,1492
9975,complete,8,620,23,11,11,1433
9976,complete,17,1830,33,12,12,2013
9977,complete,19,1691,15,7,7,2182
9978,complete,11,836,15,11,11,1408
9979,complete,18,1493,21,11,11,2217
9980,complete,17,1925,21,8,8,1667
9981,complete,7,537,15,9,9,1115
9982,complete,8,687,25,8,8,1139
9983,complete,20,2086,19,11,11,4740
9984,complete,16,1546,20,7,7,1748
9985,complete,22,2560,27,9,9,2273
9986,complete,13,2007,18,7,7,1459
9987,complete,11,1297,20,6,6,1209
9988,complete,17,1970,19,8,8,1608
9989,complete,7,890,24,5,5,971
9990,complete,19,2062,15,7,7,2068
9991,complete,20,1810,7,5,5,2050
9992,complete,11,1053,28,9,9,1521
9993,complete,14,1010,13,8,8,1726
9994,complete,13,1547,19,8,8,1417
9995,complete,21,2333,26,9,9,2104
9996,complete,12,948,19,7,7,1456
9997,complete,20,2172,19,10,10,2042
9998,complete,9,626,20,9,9,1856
9999,complete,13,1106,11,9,9,2333
